kod;ust_kod;baslik;metin;sira;seviye;zorunluluk_tipi;kanit_beklentisi;dis_kontrol_id;kanit_tipi;kaynak_url;kaynak_yeri;erisim_tarihi;yururluk_tarihi;gereksinim_tipi
AILE-01;;Endüstriyel Ağ Güvenliği;;0;;;;;;https://www.epdk.gov.tr/Detay/DownloadDocument?id=3OvnJRzRuhI%3D;Ek-7 · 01-Endüstriyel Ağ Güvenliği;2026-09-09;;
AILE-02;;Endüstriyel İstemci ve Sunucu Güvenliği;;1;;;;;;https://www.epdk.gov.tr/Detay/DownloadDocument?id=3OvnJRzRuhI%3D;Ek-7 · 02-İstemci ve Sunucu Güv;2026-09-09;;
AILE-03;;Endüstriyel Tehdit ve Zafiyet Yönetimi;;2;;;;;;https://www.epdk.gov.tr/Detay/DownloadDocument?id=3OvnJRzRuhI%3D;Ek-7 · 03-Tehdit ve Zafiyet Yönetimi;2026-09-09;;
AILE-04;;Endüstriyel Siber Güvenlik Risk Yönetimi;;3;;;;;;https://www.epdk.gov.tr/Detay/DownloadDocument?id=3OvnJRzRuhI%3D;Ek-7 · 04-Endüstriyel Risk Yönetimi;2026-09-09;;
AILE-05;;Endüstriyel Varlık, Değişim ve Konfigürasyon Yönetimi;;4;;;;;;https://www.epdk.gov.tr/Detay/DownloadDocument?id=3OvnJRzRuhI%3D;Ek-7 · 05-Varlık ve Konfigürasyon;2026-09-09;;
AILE-06;;Endüstriyel Kimlik ve Erişim Yönetimi;;5;;;;;;https://www.epdk.gov.tr/Detay/DownloadDocument?id=3OvnJRzRuhI%3D;Ek-7 · 06-Kimlik ve Erişim Yönetimi;2026-09-09;;
AILE-07;;Endüstriyel Olay Yönetimi ve Süreklilik;;6;;;;;;https://www.epdk.gov.tr/Detay/DownloadDocument?id=3OvnJRzRuhI%3D;Ek-7 · 07 Olay-Yönetimi ve Süreklilik;2026-09-09;;
AILE-08;;Akıllı Cihaz Güvenliği;;7;;;;;;https://www.epdk.gov.tr/Detay/DownloadDocument?id=3OvnJRzRuhI%3D;Ek-7 · 08-Akıllı Cihaz Güvenliği;2026-09-09;;
AILE-09;;Endüstriyel Operasyon Güvenliği;;8;;;;;;https://www.epdk.gov.tr/Detay/DownloadDocument?id=3OvnJRzRuhI%3D;Ek-7 · 09-Endüstriyel Operasyon Güv;2026-09-09;;
AILE-10;;İnsan Kaynakları Güvenliği;;9;;;;;;https://www.epdk.gov.tr/Detay/DownloadDocument?id=3OvnJRzRuhI%3D;Ek-7 · 10-İK Güvenliği;2026-09-09;;
AILE-11;;Fiziksel Güvenlik;;10;;;;;;https://www.epdk.gov.tr/Detay/DownloadDocument?id=3OvnJRzRuhI%3D;Ek-7 · 11-Fiziksel Güvenlik;2026-09-09;;
AILE-12;;Tedarikçi Yönetimi;;11;;;;;;https://www.epdk.gov.tr/Detay/DownloadDocument?id=3OvnJRzRuhI%3D;Ek-7 · 12-Tedarikçi Yönetimi;2026-09-09;;
EAG-1;AILE-01;Endüstriyel Ağa Giriş Kontrolleri;Elektrik iletim şebekesi merkezi endüstriyel kontrol sistemlerinde (EKS) hizmet veren kontrol merkezlerinde (ana kontrol, yedek kontrol, yük tevzi merkezleri) yetkisiz kişi ve cihazların endüstriyel ağa girişi (Network Access) kısıtlanmalıdır. Bu kontroller hem kablolu hem de kablosuz ağlar için uygulanmalıdır.;12;;REGULATION;;;;https://www.epdk.gov.tr/Detay/DownloadDocument?id=3OvnJRzRuhI%3D;Ek-7 · 01-Endüstriyel Ağ Güvenliği · EAG-1;2026-09-09;2024-09-08;Seviye 1
EAG-2;AILE-01;Endüstriyel Ağa Giriş Kontrolleri;Elektrik iletim şebekesi endüstriyel kontrol sistemlerinde (EKS) hizmet veren iletim şebekesinin mülkiyetinde olmayan (üretim ve tüketim ) tüm trafo merkezlerinde yetkisiz kişi ve cihazların endüstriyel ağa girişi (Network Access) kısıtlamak için ilgili işletme tarafından teknik kontrollerin uygulanması bağlantı sistem kullanım anlaşmalarında ifade edilmelidir. (Bu kontrol, altyapı yenileme projeleri sırasında ya da bu düzenleme yürürlüğe girdiği andan itibaren kurulacak olan altyapılarda aranacaktır.);13;;REGULATION;;;;https://www.epdk.gov.tr/Detay/DownloadDocument?id=3OvnJRzRuhI%3D;Ek-7 · 01-Endüstriyel Ağ Güvenliği · EAG-2;2026-09-09;2024-09-08;Seviye 1
EAG-3;AILE-01;Endüstriyel Ağa Giriş Kontrolleri;Elektrik iletim şebekesi endüstriyel kontrol sistemlerinde (EKS) hizmet veren iletim şebekesinin mülkiyetinde olan tüm trafo merkezlerinde yetkisiz kişi ve cihazların endüstriyel ağa girişini (Network Access) kısıtlamak için kullanılmayan portlar devre dışı bırakılmalıdır.;14;;REGULATION;;;;https://www.epdk.gov.tr/Detay/DownloadDocument?id=3OvnJRzRuhI%3D;Ek-7 · 01-Endüstriyel Ağ Güvenliği · EAG-3;2026-09-09;2024-09-08;Seviye 1
EAG-4;AILE-01;Endüstriyel Ağa Giriş Kontrolleri;Elektrik iletim şebekesi endüstriyel kontrol sistemlerinde (EKS) hizmet veren tüm otomasyonlu trafo merkezlerinde yetkisiz kişi ve cihazların endüstriyel ağa girişi (Network Access) kısıtlanmalı (Port security, kullanılmayan portların devre dışı bırakılması, fiziksel olarak kapatılması vb.) veya fiziksel güvenlik önlemleri ile yetkisiz erişimler engellenmelidir. Bu kontroller hem kablolu hem de kablosuz ağlar için uygulanmalıdır. (Bu kontrol, altyapı yenileme projeleri sırasında ya da bu düzenleme yürürlüğe girdiği andan itibaren kurulacak olan altyapılarda aranacaktır.);15;;REGULATION;;;;https://www.epdk.gov.tr/Detay/DownloadDocument?id=3OvnJRzRuhI%3D;Ek-7 · 01-Endüstriyel Ağ Güvenliği · EAG-4;2026-09-09;2024-09-08;Seviye 3
EAG-5;AILE-01;Endüstriyel Ağ İzolasyonu ve Segmantasyonu;Elektrik iletim şebekesi merkezi endüstriyel kontrol sistemlerinde (EKS) hizmet veren ana kontrol, yedek kontrol ve yük tevzi merkezleri arasında Ethernet katmanı üzerinden olan haberleşmeler bir güvenlik duvarı (Referans Topoloji_Elektrik_İletim: EKS-GD-01) üzerinden sağlanmalıdır. Bu güvenlik duvarı sadece endüstriyel ağların izolasyonu/ayrıştırılması için konumlandırılmalı ve BT/KBS güvenlik duvarından farklı olmalıdır. Kullanılan güvenlik duvarı ilgili kuruluşun endüstriyel protokollerini desteklemelidir. (IEC 104, ICCP, DNP3, MODBUSTCP vb.);16;;REGULATION;;;;https://www.epdk.gov.tr/Detay/DownloadDocument?id=3OvnJRzRuhI%3D;Ek-7 · 01-Endüstriyel Ağ Güvenliği · EAG-5;2026-09-09;2024-09-08;Seviye 1
EAG-6;AILE-01;Endüstriyel Ağ İzolasyonu ve Segmantasyonu;Elektrik iletim şebekesi merkezi endüstriyel kontrol sistemlerinde (EKS) hizmet veren ve hâlihazırda Ethernet katmanı üzerinden yük tevzi merkezleriyle haberleşen veya haberleşecek olan trafo merkezlerinde yük tevzi merkezileriyle olan haberleşmeler güvenlik duvarı (Referans Topoloji_Elektrik_İletim: EKS-GD-01) üzerinden sağlanmalıdır. Bu güvenlik duvarı sadece endüstriyel ağların izolasyonu/ayrıştırılması için konumlandırılmalı ve BT/KBS güvenlik duvarından farklı olmalıdır. Kullanılan güvenlik duvarı ilgili kuruluşun endüstriyel protokollerini desteklemelidir. (IEC 104, ICCP, DNP3, MODBUSTCP vb.);17;;REGULATION;;;;https://www.epdk.gov.tr/Detay/DownloadDocument?id=3OvnJRzRuhI%3D;Ek-7 · 01-Endüstriyel Ağ Güvenliği · EAG-6;2026-09-09;2024-09-08;Seviye 2
EAG-8;AILE-01;Endüstriyel Ağ Haberleşme Güvenliği;Elektrik iletim şebekesi endüstriyel kontrol sistemlerinde (EKS) bünyesinde iki güvenlik duvarı arasında gerçekleşen haberleşmeler şifreli kanallar üzerinden sağlanmalıdır. (Site to site VPN vb.);18;;OPTIONAL;;;;https://www.epdk.gov.tr/Detay/DownloadDocument?id=3OvnJRzRuhI%3D;Ek-7 · 01-Endüstriyel Ağ Güvenliği · EAG-8;2026-09-09;2024-09-08;Ek kontrol
EAG-9;AILE-01;Endüstriyel Ağ İzolasyonu ve Segmantasyonu;Elektrik iletim şebekesi merkezi endüstriyel kontrol sistemlerinde (EKS) ethernet üzerinden gerçekleştirilen harici entegrasyonlar bir güvenlik duvarı (Referans Topoloji_Elektrik_İletim: EKS-GD-01) üzerinden sağlanmalıdır. (ICCP vb.);19;;REGULATION;;;;https://www.epdk.gov.tr/Detay/DownloadDocument?id=3OvnJRzRuhI%3D;Ek-7 · 01-Endüstriyel Ağ Güvenliği · EAG-9;2026-09-09;2024-09-08;Seviye 1
EAG-10;AILE-01;Endüstriyel Ağ İzolasyonu ve Segmantasyonu;Elektrik iletim şebekesi merkezi endüstriyel kontrol sistemlerinde (EKS) hizmet veren ve Ethernet katmanı üzerinden yük tevzi merkezleriyle haberleşen veya haberleşecek olan harici kurum trafo merkezlerinde (üretim ve tüketim) entegrasyonlar güvenli şekilde sağlanmalıdır.;20;;REGULATION;;;;https://www.epdk.gov.tr/Detay/DownloadDocument?id=3OvnJRzRuhI%3D;Ek-7 · 01-Endüstriyel Ağ Güvenliği · EAG-10;2026-09-09;2024-09-08;Seviye 2
EAG-11;AILE-01;Endüstriyel Ağ İzolasyonu ve Segmantasyonu;Elektrik iletim şebekesi endüstriyel kontrol sistemlerinde (EKS) trafo merkezlerinin yük tevzi merkezileriyle olan izleme ve kontrol amaçlı haberleşmeler için kullanılan endüstriyel protokollerde yetkisiz endüstriyel komutları durdurabilecek güvenlik duvarı (Referans Topoloji_Elektrik_İletim: EKS-GD-01) konumlandırılmalıdır. (IEC-104, DNP3, MODBUSTCP vb.);21;;OPTIONAL;;;;https://www.epdk.gov.tr/Detay/DownloadDocument?id=3OvnJRzRuhI%3D;Ek-7 · 01-Endüstriyel Ağ Güvenliği · EAG-11;2026-09-09;2024-09-08;Ek kontrol
EAG-12;AILE-01;Politika, Prosedür, Süreç;Elektrik iletim şebekesi merkezi endüstriyel kontrol sistemlerinde (EKS) endüstriyel ağlara ilişkin mantıksal topolojiler katmanlı güvenlik mimarisiyle tasarlanmalı ve uygun şekilde dokümante edilmelidir.;22;;REGULATION;;;;https://www.epdk.gov.tr/Detay/DownloadDocument?id=3OvnJRzRuhI%3D;Ek-7 · 01-Endüstriyel Ağ Güvenliği · EAG-12;2026-09-09;2024-09-08;Seviye 1
EAG-13;AILE-01;Politika, Prosedür, Süreç;Elektrik iletim şebekesi merkezi tüm endüstriyel kontrol sistemlerinde (EKS) endüstriyel ağlara ilişkin topolojiler uygun şekilde dokümante edilmelidir.;23;;REGULATION;;;;https://www.epdk.gov.tr/Detay/DownloadDocument?id=3OvnJRzRuhI%3D;Ek-7 · 01-Endüstriyel Ağ Güvenliği · EAG-13;2026-09-09;2024-09-08;Seviye 1
EAG-14;AILE-01;Politika, Prosedür, Süreç;Elektrik iletim şebekesi tüm endüstriyel kontrol sistemlerinde (EKS) endüstriyel ağlara ilişkin fiziksel topolojiler dokümante edilmelidir.;24;;REGULATION;;;;https://www.epdk.gov.tr/Detay/DownloadDocument?id=3OvnJRzRuhI%3D;Ek-7 · 01-Endüstriyel Ağ Güvenliği · EAG-14;2026-09-09;2024-09-08;Seviye 1
EAG-15;AILE-01;Endüstriyel Ağlarda Saldırı Tespiti/İzleme;Elektrik iletim şebekesi merkezi endüstriyel kontrol sistemlerinde (EKS) endüstriyel bileşenlere güvensiz ağlar ya da yarı güvenli ağlar (DMZ: Demilitarized Zone) üzerinden olan erişim trafiği bir saldırı tespit katmanından geçirilmelidir. Bunu sağlamak adına mevcut güvenlik bileşenlerinde IDS imzaları devreye alınabileceği gibi alternatif olarak açık kaynak kodlu teknolojiler de kullanılabilir.;25;;REGULATION;;;;https://www.epdk.gov.tr/Detay/DownloadDocument?id=3OvnJRzRuhI%3D;Ek-7 · 01-Endüstriyel Ağ Güvenliği · EAG-15;2026-09-09;2024-09-08;Seviye 2
EAG-16;AILE-01;Endüstriyel Ağlarda Saldırı Tespiti/İzleme;Elektrik iletim şebekesi merkezi endüstriyel kontrol sistemlerinde (EKS) endüstriyel ağlarda trafik aynalanması (mirroring) yöntemi ile saldırı tespiti gerçekleştirilebilmelidir. Bu izleme ana kontrol merkezi, acil durum kontrol merkezi ve bölge yük tevzi merkezi ağları ile kontrol merkezlerinin uç sahalarla olan WAN haberleşmelerini de kapsamalıdır.;26;;REGULATION;;;;https://www.epdk.gov.tr/Detay/DownloadDocument?id=3OvnJRzRuhI%3D;Ek-7 · 01-Endüstriyel Ağ Güvenliği · EAG-16;2026-09-09;2024-09-08;Seviye 2
EAG-17;AILE-01;Endüstriyel Ağlarda Saldırı Tespiti/İzleme;Elektrik iletim şebekesi endüstriyel kontrol sistemlerinde (EKS) otomasyonlu trafo merkezlerinde trafik aynalanması (mirroring) yöntemi ile saldırı tespiti gerçekleştirilebilmelidir.;27;;OPTIONAL;;;;https://www.epdk.gov.tr/Detay/DownloadDocument?id=3OvnJRzRuhI%3D;Ek-7 · 01-Endüstriyel Ağ Güvenliği · EAG-17;2026-09-09;2024-09-08;Ek kontrol
EAG-18;AILE-01;Endüstriyel Ağlarda Saldırı Kesme;Elektrik iletim şebekesi merkezi endüstriyel kontrol sistemlerinde (EKS) endüstriyel ağları izole etmek/ayrıştırmak için konumlandırılan güvenlik duvarı üzerinde (Referans Topoloji_Elektrik_İletim: EKS-GD-01) endüstriyel protokollere yönelik tehditleri de içeren IPS imzaları devreye alınmalıdır.;28;;OPTIONAL;;;;https://www.epdk.gov.tr/Detay/DownloadDocument?id=3OvnJRzRuhI%3D;Ek-7 · 01-Endüstriyel Ağ Güvenliği · EAG-18;2026-09-09;2024-09-08;Ek kontrol
EAG-19;AILE-01;Endüstriyel Ağ İzolasyonu ve Segmantasyonu;Elektrik iletim şebekesi merkezi endüstriyel kontrol sistemleri (EKS) içerisinde bulunan bileşenler görevlerine göre sanal ağlara (VLAN) ayrılmalı ve bu ağlar arasında geçiş kontrolleri uygulanmalıdır. Söz konusu katmanlı yapı ana kontrol merkezi, acil durum/yedek kontrol merkezi ve bölge yük tevzi kontrol merkezlerinde gerçekleştirilmelidir. (Bu kontrol, altyapı yenileme projeleri sırasında ya da bu düzenleme yürürlüğe girdiği andan itibaren kurulacak olan altyapılarda aranacaktır.);29;;REGULATION;;;;https://www.epdk.gov.tr/Detay/DownloadDocument?id=3OvnJRzRuhI%3D;Ek-7 · 01-Endüstriyel Ağ Güvenliği · EAG-19;2026-09-09;2024-09-08;Seviye 2
EAG-20;AILE-01;Endüstriyel Ağ İzolasyonu ve Segmantasyonu;Elektrik iletim şebekesi merkezi endüstriyel kontrol sistemleri (EKS) mühendislik iş istasyonları endüstriyel ağlardan VLAN'larla izole edilmelidir.;30;;REGULATION;;;;https://www.epdk.gov.tr/Detay/DownloadDocument?id=3OvnJRzRuhI%3D;Ek-7 · 01-Endüstriyel Ağ Güvenliği · EAG-20;2026-09-09;2024-09-08;Seviye 2
EAG-21;AILE-01;Endüstriyel Ağ İzolasyonu ve Segmantasyonu;Elektrik iletim şebekesi merkezi endüstriyel kontrol sistemlerinde (EKS) endüstriyel ağlardan kurumsal ağlara doğru olan haberleşmeler bu haberleşmelere özel oluşturulmuş OT-DMZ ağları ya da izole sanal ağlar (VLAN) üzerinden sağlanmalıdır. Aynı şekilde kurumsal ağlardan endüstriyel ağlara doğru olan haberleşmeler de OT-DMZ ağları ya da izole sanal ağlar (VLAN) üzerinden sağlanmalıdır.;31;;REGULATION;;;;https://www.epdk.gov.tr/Detay/DownloadDocument?id=3OvnJRzRuhI%3D;Ek-7 · 01-Endüstriyel Ağ Güvenliği · EAG-21;2026-09-09;2024-09-08;Seviye 2
EAG-22;AILE-01;Endüstriyel Ağ İzolasyonu ve Segmantasyonu;Elektrik iletim şebekesi merkezi endüstriyel kontrol sistemlerinde (EKS) sanal ağların (VLAN) devreye alınmasını takiben ağ ve güvenlik cihazlarının yönetim arayüzleri de (management interface) ayrı bir sanal ağ üzerinde konumlandırılmalıdır. (Bu kontrol, altyapı yenileme projeleri sırasında ya da bu düzenleme yürürlüğe girdiği andan itibaren kurulacak olan altyapılarda aranacaktır.);32;;REGULATION;;;;https://www.epdk.gov.tr/Detay/DownloadDocument?id=3OvnJRzRuhI%3D;Ek-7 · 01-Endüstriyel Ağ Güvenliği · EAG-22;2026-09-09;2024-09-08;Seviye 2
EAG-23;AILE-01;Endüstriyel Ağ İzolasyonu ve Segmantasyonu;Elektrik iletim şebekesi merkezi endüstriyel kontrol sistemleri (EKS) ile haberleşen ethernet tabanlı çalışan her bir trafo merkezi, yük tevzi merkezleri farklı bir alt ağ olarak yapılandırılmalıdır.;33;;REGULATION;;;;https://www.epdk.gov.tr/Detay/DownloadDocument?id=3OvnJRzRuhI%3D;Ek-7 · 01-Endüstriyel Ağ Güvenliği · EAG-23;2026-09-09;2024-09-08;Seviye 2
EAG-24;AILE-01;Endüstriyel Ağ İzolasyonu ve Segmantasyonu;Elektrik şebekeleri endüstriyel kontrol sistemleri (EKS) altyapısında her bir trafo merkezi ve yük tevzi merkezi için endüstriyel protokol trafiği ve diğer trafikler (kamera, fiziksel güvenlik, sayaç vb.) farklı sanal ağlar (VLAN) olarak yapılandırılmalı ve bu sanal ağlar (VLAN) arası geçiş mevcut ağ/güvenlik cihazları üzerinden kontrollü olarak sağlanmalıdır.;34;;REGULATION;;;;https://www.epdk.gov.tr/Detay/DownloadDocument?id=3OvnJRzRuhI%3D;Ek-7 · 01-Endüstriyel Ağ Güvenliği · EAG-24;2026-09-09;2024-09-08;Seviye 3
EAG-25;AILE-01;Endüstriyel Ağ İzolasyonu ve Segmantasyonu;Endüstriyel ağlarla iletişim halinde olan tüm KBS bileşenleri ayrı bir sanal ağ (VLAN) içerisinde konumlandırılmalı ve OT-DMZ (DMZ: Demilitarized Zone) ağı üzerinden endüstriyel ağlar ile haberleşmelidir. (Raporlama vb. );35;;OPTIONAL;;;;https://www.epdk.gov.tr/Detay/DownloadDocument?id=3OvnJRzRuhI%3D;Ek-7 · 01-Endüstriyel Ağ Güvenliği · EAG-25;2026-09-09;2024-09-08;Ek kontrol
EAG-26;AILE-01;Endüstriyel Ağ İzolasyonu ve Segmantasyonu;Endüstriyel ağlar ve KBS ağları arasında haberleşmenin yönü endüstriyel ağdan kurumsal ağa olacak şekilde OT-DMZ (DMZ: Demilitarized Zone) üzerinden sağlanmalıdır. Kurumsal ağlardan endüstriyel ağlara doğru veri çekme operasyonlarının gerekli olması durumunda bu veri akışı ek kontroller ile gerçekleştirilmelidir.;36;;REGULATION;;;;https://www.epdk.gov.tr/Detay/DownloadDocument?id=3OvnJRzRuhI%3D;Ek-7 · 01-Endüstriyel Ağ Güvenliği · EAG-26;2026-09-09;2024-09-08;Seviye 2
EAG-27;AILE-01;Endüstriyel Ağ İzolasyonu ve Segmantasyonu;Tüm endüstriyel kontrol sistemleri içerisinde yer alan sunucu ve uygulamalar doğrudan internet üzerinden erişilebilir durumda olmamalıdır.;37;;REGULATION;;;;https://www.epdk.gov.tr/Detay/DownloadDocument?id=3OvnJRzRuhI%3D;Ek-7 · 01-Endüstriyel Ağ Güvenliği · EAG-27;2026-09-09;2024-09-08;Seviye 1
EAG-28;AILE-01;Endüstriyel Ağ İzolasyonu ve Segmantasyonu;Tüm endüstriyel kontrol sistemleriyle iletişimi olan bileşenlerin doğrudan internete olan erişimleri kontrollü olarak sağlanmalıdır.;38;;REGULATION;;;;https://www.epdk.gov.tr/Detay/DownloadDocument?id=3OvnJRzRuhI%3D;Ek-7 · 01-Endüstriyel Ağ Güvenliği · EAG-28;2026-09-09;2024-09-08;Seviye 1
EAG-29;AILE-01;Endüstriyel Ağa Uzak Erişim;Elektrik iletim şebekesi merkezi endüstriyel kontrol sistemi (EKS) bileşenlerine internet üzerinden gerçekleştirilecek kullanıcı bazlı uzak erişimler öncelikli olarak BT/kurumsal ağ üzerinde sonlandırılmalıdır. (VPN vb.) Bu uzak erişim yöntemleri üreticiler, çalışanlar ve alt yükleniciler için farklı yetkilendirme politikalarını destekleyebilmelidir. KBS ağı üzerinden endüstriyel ağlara yönelik uzak erişimler OT-DMZ (DMZ: Demilitarized Zone) ağı içerisinde konumlandırılmış güvenli bir atlama noktası/sunucusu/uygulaması üzerinden kontrollü olarak sağlanmalıdır. Uzaktan erişimlere ilişkin tüm süreçler diğer mevcut teknik maddelere uyumlu olarak işletilmelidir. (Olay yönetimi ve süreklilik, kimlik ve erişim yönetimi vb.);39;;REGULATION;;;;https://www.epdk.gov.tr/Detay/DownloadDocument?id=3OvnJRzRuhI%3D;Ek-7 · 01-Endüstriyel Ağ Güvenliği · EAG-29;2026-09-09;2024-09-08;Seviye 1
EAG-29A;AILE-01;Endüstriyel Ağa Uzak Erişim;Elektrik iletim şebekesi merkezi endüstriyel kontrol sistemi (EKS) bileşenlerine internet üzerinden gerçekleştirilecek kullanıcı ağ tabanlı uzak erişimler öncelikli olarak bir güvenlik bileşeni üzerinde sonlandırılmalıdır. Bu bağlantılar ağ seviyesinde şifreli kanallar üzerinden sağlanmalıdır. Endüstriyel ağlara yönelik uzak erişimler OT-DMZ (DMZ: Demilitarized Zone) ağı içerisinde konumlandırılmış güvenli bir atlama noktası/sunucusu/uygulaması üzerinden kontrollü olarak sağlanmalıdır. Uzaktan erişimlere ilişkin tüm süreçler diğer mevcut teknik maddelere uyumlu olarak işletilmelidir. (Olay yönetimi ve süreklilik, kimlik ve erişim yönetimi vb.);40;;REGULATION;;;;https://www.epdk.gov.tr/Detay/DownloadDocument?id=3OvnJRzRuhI%3D;Ek-7 · 01-Endüstriyel Ağ Güvenliği · EAG-29A;2026-09-09;2024-09-08;Seviye 1
EAG-30;AILE-01;Endüstriyel Ağa Uzak Erişim;Elektrik iletim şebekesi merkezi endüstriyel kontrol sistemlerine (EKS) yapılacak uzak erişimler için bu işe özelleşmiş teknolojiler kullanılmalıdır. Bu teknolojilerde oturum kaydetme, oturum yönetimi, çift faktörlü doğrulama, güvenli dosya transferi gibi yeterlilikler aranmalıdır.;41;;OPTIONAL;;;;https://www.epdk.gov.tr/Detay/DownloadDocument?id=3OvnJRzRuhI%3D;Ek-7 · 01-Endüstriyel Ağ Güvenliği · EAG-30;2026-09-09;2024-09-08;Ek kontrol
EAG-30A;AILE-01;Endüstriyel Ağa Uzak Erişim;Elektrik iletim şebekesi merkezi endüstriyel kontrol sistemlerine (EKS), endüstriyel üreticilerin doğrudan kendi sistemleri üzerinden bağlantı yapması engellenmelidir. Yapılacak olan uzak erişimler yükümlü kuruluş güvenlik katmanlarından geçirilmelidir.;42;;REGULATION;;;;https://www.epdk.gov.tr/Detay/DownloadDocument?id=3OvnJRzRuhI%3D;Ek-7 · 01-Endüstriyel Ağ Güvenliği · EAG-30A;2026-09-09;2024-09-08;Seviye 2
EAG-31;AILE-01;Endüstriyel Ağlarda Saldırı Tespiti/İzleme;Elektrik iletim şebekesi merkezi endüstriyel kontrol sistemlerinde (EKS) endüstriyel ağlar üzerinde tüm güvensiz servisler (açık metin protokoller, uzak erişim servisleri, güncelliğini yitirmiş protokoller) periyodik denetim ya da ağ trafiğinin analizi ile tespit edilmelidir.;43;;REGULATION;;;;https://www.epdk.gov.tr/Detay/DownloadDocument?id=3OvnJRzRuhI%3D;Ek-7 · 01-Endüstriyel Ağ Güvenliği · EAG-31;2026-09-09;2024-09-08;Seviye 1
EAG-32;AILE-01;Endüstriyel Ağlarda Güvenli Konfigürasyon;Elektrik iletim şebekesi merkezi endüstriyel kontrol sistemlerinde (EKS) endüstriyel ağlar üzerinde tespit edilen güvensiz servisler devre dışı bırakılmalıdır.;44;;REGULATION;;;;https://www.epdk.gov.tr/Detay/DownloadDocument?id=3OvnJRzRuhI%3D;Ek-7 · 01-Endüstriyel Ağ Güvenliği · EAG-32;2026-09-09;2024-09-08;Seviye 2
EAG-33;AILE-01;Endüstriyel Ağlarda Güvenli Konfigürasyon;Elektrik iletim şebekesi otomasyonlu trafo merkezleri endüstriyel ağlar üzerinde tespit edilen güvensiz servisler devre dışı bırakılmalıdır.;45;;OPTIONAL;;;;https://www.epdk.gov.tr/Detay/DownloadDocument?id=3OvnJRzRuhI%3D;Ek-7 · 01-Endüstriyel Ağ Güvenliği · EAG-33;2026-09-09;2024-09-08;Ek kontrol
EAG-34;AILE-01;Endüstriyel Ağlarda Güvenli Konfigürasyon;Elektrik iletim şebekesi merkezi endüstriyel kontrol sistemlerinde (EKS) endüstriyel ağlar üzerinde tespit edilen gereksiz servisler devre dışı bırakılmalıdır.;46;;REGULATION;;;;https://www.epdk.gov.tr/Detay/DownloadDocument?id=3OvnJRzRuhI%3D;Ek-7 · 01-Endüstriyel Ağ Güvenliği · EAG-34;2026-09-09;2024-09-08;Seviye 2
EAG-35;AILE-01;Endüstriyel Ağlarda Güvenli Konfigürasyon;Elektrik iletim şebekesi otomasyonlu trafo merkezleri endüstriyel ağlar üzerinde tespit edilen gereksiz servisler devre dışı bırakılmalıdır.;47;;OPTIONAL;;;;https://www.epdk.gov.tr/Detay/DownloadDocument?id=3OvnJRzRuhI%3D;Ek-7 · 01-Endüstriyel Ağ Güvenliği · EAG-35;2026-09-09;2024-09-08;Ek kontrol
EAG-36;AILE-01;Endüstriyel Ağlarda Saldırı Tespiti/İzleme;Elektrik iletim şebekesi merkezi endüstriyel kontrol sistemlerinde (EKS) endüstriyel ağlar üzerinde mevcut varlıkların servisleri sürekli olarak izlenmelidir.;48;;REGULATION;;;;https://www.epdk.gov.tr/Detay/DownloadDocument?id=3OvnJRzRuhI%3D;Ek-7 · 01-Endüstriyel Ağ Güvenliği · EAG-36;2026-09-09;2024-09-08;Seviye 2
EAG-37;AILE-01;Endüstriyel Ağlarda Saldırı Tespiti/İzleme;Elektrik iletim şebekesi otomasyonlu trafo merkezleri endüstriyel ağlar üzerinde mevcut varlıkların servisleri sürekli olarak izlenmelidir.;49;;OPTIONAL;;;;https://www.epdk.gov.tr/Detay/DownloadDocument?id=3OvnJRzRuhI%3D;Ek-7 · 01-Endüstriyel Ağ Güvenliği · EAG-37;2026-09-09;2024-09-08;Ek kontrol
EAG-38;AILE-01;Endüstriyel Ağ İzolasyonu ve Segmantasyonu;Elektrik iletim şebekesi merkezi endüstriyel kontrol sistemlerinde (EKS) güvenli ve güvensiz ağlar arasında mevcut olan koruma mekanizmalarının bypass edilmesine olanak tanıyabilecek tüm dual-homed arayüzler (interface) devre dışı bırakılmalıdır. İkinci bir arayüz kullanılmasını zorunlu kılan bir durum mevcut ise söz konusu arayüzün bağlantısı güvenlik duvarı (Referans Topoloji_Elektrik_İletim: EKS-GD-01) üzerinden kontrollü olarak sağlanmalıdır.;50;;REGULATION;;;;https://www.epdk.gov.tr/Detay/DownloadDocument?id=3OvnJRzRuhI%3D;Ek-7 · 01-Endüstriyel Ağ Güvenliği · EAG-38;2026-09-09;2024-09-08;Seviye 1
EAG-39;AILE-01;Endüstriyel Ağ İzolasyonu ve Segmantasyonu;Elektrik iletim şebekesi merkezi endüstriyel kontrol sistemlerinde (EKS) Seviye-2 ile Seviye-1 (Purdue modeline göre) ağlar arasında mevcut olan koruma mekanizmalarının bypass edilmesine olanak tanıyabilecek tüm dual-homed arayüzler (interface'ler) devre dışı bırakılmalıdır. İkinci bir arayüz kullanılmasını zorunlu kılan bir durum mevcut ise söz konusu arayüzün bağlantısı güvenlik duvarı üzerinden kontrollü olarak sağlanmalıdır. (Bu kontrol, altyapı yenileme projeleri sırasında ya da bu düzenleme yürürlüğe girdiği andan itibaren kurulacak olan altyapılarda aranacaktır.);51;;REGULATION;;;;https://www.epdk.gov.tr/Detay/DownloadDocument?id=3OvnJRzRuhI%3D;Ek-7 · 01-Endüstriyel Ağ Güvenliği · EAG-39;2026-09-09;2024-09-08;Seviye 2
EAG-40;AILE-01;Endüstriyel Ağlarda Saldırı Tespiti/İzleme;"Elektrik iletim şebekesi tüm endüstriyel kontrol sistemlerinde (EKS) endüstriyel ağ içerisinde bulunan ağ cihazları ""Olay Yönetimi ve Süreklilik"" başlığının ilgili maddelerini karşılamalıdır.";52;;REGULATION;;;;https://www.epdk.gov.tr/Detay/DownloadDocument?id=3OvnJRzRuhI%3D;Ek-7 · 01-Endüstriyel Ağ Güvenliği · EAG-40;2026-09-09;2024-09-08;Seviye 1
EAG-41;AILE-01;Endüstriyel Ağlarda WAN Güvenliği-APN;"Elektrik iletim şebekesi merkezi endüstriyel kontrol sistemi (EKS) veya sayaç mimarilerinde geniş alan ağında (WAN) erişim noktası adı (APN) teknolojisi kullanılması durumunda, endüstriyel protokol trafiği ve/veya sayaç trafiği bir APN bloğunda izole edilmelidir. Bu izolasyon işlemi aşağıda belirtilen maddeleri de kapsamalıdır; * EKS trafiklerinin ve/veya sayaç trafiklerinin taşındığı APN bloku/bloklarında sadece ilgili kuruluşa ait trafiklerin olması * EKS trafiklerinin ve/veya sayaç trafiklerinin taşındığı APN bloku/bloklarında sadece amaca özel olması sağlanmalıdır. Diğer APN ağlarından izole edilmelidir.)";53;;REGULATION;;;;https://www.epdk.gov.tr/Detay/DownloadDocument?id=3OvnJRzRuhI%3D;Ek-7 · 01-Endüstriyel Ağ Güvenliği · EAG-41;2026-09-09;2024-09-08;Seviye 2
EAG-42;AILE-01;Endüstriyel Ağlarda WAN Güvenliği-APN;Elektrik iletim şebekesi merkezi endüstriyel kontrol sistemi (EKS) veya sayaç mimarilerinde geniş alan ağında (WAN) erişim noktası adı (APN) teknolojisi kullanılması durumunda, APN uç noktaları arası erişimler uygun bir teknoloji ile kontrol altına alınarak kısıtlanmalıdır.;54;;REGULATION;;;;https://www.epdk.gov.tr/Detay/DownloadDocument?id=3OvnJRzRuhI%3D;Ek-7 · 01-Endüstriyel Ağ Güvenliği · EAG-42;2026-09-09;2024-09-08;Seviye 2
EAG-43;AILE-01;Endüstriyel Ağlarda WAN Güvenliği-APN;Elektrik iletim şebekesi merkezi endüstriyel kontrol sistemi (EKS) veya sayaç mimarilerinde geniş alan ağında (WAN) erişim noktası adı (APN) teknolojisi kullanılması durumunda, İnternet Servis Sağlayıcısı (ISP) bünyesinde bulunan APN uç noktaları bir güvenlik duvarı üzerinde sonlandırılmalıdır.;55;;REGULATION;;;;https://www.epdk.gov.tr/Detay/DownloadDocument?id=3OvnJRzRuhI%3D;Ek-7 · 01-Endüstriyel Ağ Güvenliği · EAG-43;2026-09-09;2024-09-08;Seviye 2
EAG-44;AILE-01;Endüstriyel Ağlarda WAN Güvenliği-APN;Elektrik iletim şebekesi merkezi endüstriyel kontrol sistemi (EKS) veya sayaç mimarilerinde geniş alan ağında (WAN) erişim noktası adı (APN) teknolojisi kullanılması durumunda, İnternet Servis Sağlayıcısı (ISP) bünyesinde toplanan tüm trafiklerin, ISP güvenlik duvarı üzerinden kuruluşun güvenlik duvarına güvenli teknolojiler (IPSEC-VPN vb.) kullanılarak iletilmesi sağlanmalıdır.;56;;REGULATION;;;;https://www.epdk.gov.tr/Detay/DownloadDocument?id=3OvnJRzRuhI%3D;Ek-7 · 01-Endüstriyel Ağ Güvenliği · EAG-44;2026-09-09;2024-09-08;Seviye 2
EAG-45;AILE-01;Endüstriyel Ağlarda WAN Güvenliği-APN;Elektrik iletim şebekesi merkezi endüstriyel kontrol sistemi (EKS) veya sayaç mimarilerinde geniş alan ağında (WAN) erişim noktası adı (APN) teknolojisi kullanılması durumunda, APN ağlarına giriş kısıtlaması uygulanmalıdır. Bunu sağlanması amacıyla kuruluş bünyesinde kimlik doğrulama mekanizmaları kurgulanmalı ve oluşturulacak yapı kuruluş tarafından yönetilmelidir. (Örneğin GSM numaralarının ağa erişimin kısıtlanabilmesi için kullanılabilmesi amacı ile RADIUS sunucular konumlandırılması. Söz konusu RADIUS sunucularının yönetimi kuruluşta olmalı ve kuruluş ağında konumlandırılmalıdır.);57;;REGULATION;;;;https://www.epdk.gov.tr/Detay/DownloadDocument?id=3OvnJRzRuhI%3D;Ek-7 · 01-Endüstriyel Ağ Güvenliği · EAG-45;2026-09-09;2024-09-08;Seviye 2
EAG-46;AILE-01;Endüstriyel Ağlarda WAN Güvenliği-APN;Elektrik iletim şebekesi merkezi endüstriyel kontrol sistemi (EKS) veya sayaç mimarilerinde geniş alan ağında (WAN), (APN) teknolojisi kullanılması durumunda, APN trafiğinin karıştırıcı (Jammer) sistemleri ile baskılanması sebebiyle servis kesintileri oluşabileceği kuruluş tarafından değerlendirilmeli ve ilgili trafik akışının sürekliliğinin sağlanabilmesi için gerekli tedbirler alınmalıdır.;58;;OPTIONAL;;;;https://www.epdk.gov.tr/Detay/DownloadDocument?id=3OvnJRzRuhI%3D;Ek-7 · 01-Endüstriyel Ağ Güvenliği · EAG-46;2026-09-09;2024-09-08;Ek kontrol
EAG-47;AILE-01;Endüstriyel Ağlarda WAN Güvenliği-SD-WAN;Elektrik iletim şebekesi merkezi endüstriyel kontrol sistemi (EKS) geniş alan ağında, yazılım tanımlı geniş alan ağı (SD-WAN) teknolojilerinin kullanılması durumunda, endüstriyel protokol trafiği için özelleştirilmiş izole bir SD-WAN mimarisi oluşturulmalıdır.;59;;REGULATION;;;;https://www.epdk.gov.tr/Detay/DownloadDocument?id=3OvnJRzRuhI%3D;Ek-7 · 01-Endüstriyel Ağ Güvenliği · EAG-47;2026-09-09;2024-09-08;Seviye 2
EAG-48;AILE-01;Endüstriyel Ağlarda WAN Güvenliği-SD-WAN;Elektrik iletim şebekesi merkezi endüstriyel kontrol sistemi (EKS) geniş alan ağında, yazılım tanımlı geniş alan ağı (SD-WAN) teknolojilerinin kullanılması durumunda, SD-WAN yapısı içerisinde gerçekleştirilen endüstriyel protokol haberleşmesi için trafiği şifreli olarak iletebilen teknolojiler kullanılmalıdır;60;;REGULATION;;;;https://www.epdk.gov.tr/Detay/DownloadDocument?id=3OvnJRzRuhI%3D;Ek-7 · 01-Endüstriyel Ağ Güvenliği · EAG-48;2026-09-09;2024-09-08;Seviye 2
EAG-49;AILE-01;Endüstriyel Ağlarda WAN Güvenliği-SD-WAN;Elektrik iletim şebekesi merkezi endüstriyel kontrol sistemi (EKS) geniş alan ağında, yazılım tanımlı geniş alan ağı (SD-WAN) teknolojilerinin kullanılması durumunda SD-WAN ağında olan trafo merkezlerine ait endüstriyel trafik kuruluşa ait güvenlik duvarı (Referans topoloji: EKS-GD-01) üzerinde sonlandırılmalıdır.;61;;REGULATION;;;;https://www.epdk.gov.tr/Detay/DownloadDocument?id=3OvnJRzRuhI%3D;Ek-7 · 01-Endüstriyel Ağ Güvenliği · EAG-49;2026-09-09;2024-09-08;Seviye 2
EAG-50;AILE-01;Endüstriyel Ağlarda WAN Güvenliği-SD-WAN;Elektrik iletim şebekesi merkezi endüstriyel kontrol sistemi (EKS) geniş alan ağında, yazılım tanımlı geniş alan ağı (SD-WAN) teknolojilerinin kullanılması durumunda trafo merkezleri arası erişimler uygun bir teknoloji ile kontrol altına alınarak kısıtlanmalıdır.;62;;REGULATION;;;;https://www.epdk.gov.tr/Detay/DownloadDocument?id=3OvnJRzRuhI%3D;Ek-7 · 01-Endüstriyel Ağ Güvenliği · EAG-50;2026-09-09;2024-09-08;Seviye 2
İSG-1;AILE-02;Politika, Prosedür, Süreç;Elektrik iletim şebekesi merkezi endüstriyel kontrol sistemi (EKS) içerisinde hizmet veren sunucular için endüstriyel üretici tarafından onaylanan ve operasyonel sürekliliği tehlikeye atmayacak uç nokta (endpoint) güvenlik önlemleri (kötü amaçlı yazılım koruma uygulamaları, uç nokta tehdit tespit sistemi, uç nokta güvenlik duvarı vb.) tanımlanmalı ve uygulanmalıdır. (Bu kontrol, altyapı yenileme projeleri sırasında ya da bu düzenleme yürürlüğe girdiği andan itibaren kurulacak olan altyapılarda aranacaktır.);63;;REGULATION;;;;https://www.epdk.gov.tr/Detay/DownloadDocument?id=3OvnJRzRuhI%3D;Ek-7 · 02-İstemci ve Sunucu Güv · İSG-1;2026-09-09;2024-09-08;Seviye 1
İSG-2;AILE-02;Politika, Prosedür, Süreç;Elektrik iletim şebekesi merkezi endüstriyel kontrol sistemi (EKS) içerisinde hizmet veren istemciler için endüstriyel üretici tarafından onaylanan ve operasyonel sürekliliği tehlikeye atmayacak uç nokta (endpoint) güvenlik önlemleri (kötü amaçlı yazılım koruma uygulamaları, uç nokta tehdit tespit sistemi, uç nokta güvenlik duvarı vb.) tanımlanmalı ve uygulanmalıdır. (Bu kontrol, altyapı yenileme projeleri sırasında ya da bu düzenleme yürürlüğe girdiği andan itibaren kurulacak olan altyapılarda aranacaktır.);64;;REGULATION;;;;https://www.epdk.gov.tr/Detay/DownloadDocument?id=3OvnJRzRuhI%3D;Ek-7 · 02-İstemci ve Sunucu Güv · İSG-2;2026-09-09;2024-09-08;Seviye 1
İSG-3;AILE-02;Politika, Prosedür, Süreç;Elektrik iletim şebekesi otomasyonlu trafo merkezi içerisinde hizmet veren sunucu ve istemciler için endüstriyel üretici tarafından onaylanan ve operasyonel sürekliliği tehlikeye atmayacak uç nokta (endpoint) güvenlik önlemleri (kötü amaçlı yazılım koruma uygulamaları, uç nokta tehdit tespit sistemi, uç nokta güvenlik duvarı vb.) tanımlanmalı ve uygulanmalıdır. (Bu kontrol, altyapı yenileme projeleri sırasında ya da bu düzenleme yürürlüğe girdiği andan itibaren kurulacak olan altyapılarda aranacaktır.);65;;REGULATION;;;;https://www.epdk.gov.tr/Detay/DownloadDocument?id=3OvnJRzRuhI%3D;Ek-7 · 02-İstemci ve Sunucu Güv · İSG-3;2026-09-09;2024-09-08;Seviye 3
İSG-4;AILE-02;Harici Medya Güvenliği;Elektrik iletim şebekesi merkezi endüstriyel kontrol sistemi (EKS) içerisinde hizmet veren istemcilerde harici medya kullanımları devre dışı bırakılmalıdır.;66;;REGULATION;;;;https://www.epdk.gov.tr/Detay/DownloadDocument?id=3OvnJRzRuhI%3D;Ek-7 · 02-İstemci ve Sunucu Güv · İSG-4;2026-09-09;2024-09-08;Seviye 1
İSG-5;AILE-02;Harici Medya Güvenliği;Elektrik iletim şebekesi merkezi endüstriyel kontrol sistemi (EKS) içerisinde hizmet veren sunucularda harici medya kullanımları devre dışı bırakılmış olmalıdır.;67;;REGULATION;;;;https://www.epdk.gov.tr/Detay/DownloadDocument?id=3OvnJRzRuhI%3D;Ek-7 · 02-İstemci ve Sunucu Güv · İSG-5;2026-09-09;2024-09-08;Seviye 1
İSG-6;AILE-02;Harici Medya Güvenliği;Elektrik iletim şebekesi otomasyonlu trafo merkezlerinde hizmet veren istemci ve sunucularda harici medya kullanımları devre dışı bırakılmalıdır.;68;;REGULATION;;;;https://www.epdk.gov.tr/Detay/DownloadDocument?id=3OvnJRzRuhI%3D;Ek-7 · 02-İstemci ve Sunucu Güv · İSG-6;2026-09-09;2024-09-08;Seviye 3
İSG-7;AILE-02;Harici Medya Güvenliği;Elektrik iletim şebekesi tüm endüstriyel kontrol sistemleri (EKS) içerisinde hizmet veren sunucu ve istemcilerde yeni nesil USB tabanlı saldırılara karşı önlem alınmalıdır. (Rubber Ducky vb. );69;;OPTIONAL;;;;https://www.epdk.gov.tr/Detay/DownloadDocument?id=3OvnJRzRuhI%3D;Ek-7 · 02-İstemci ve Sunucu Güv · İSG-7;2026-09-09;2024-09-08;Ek kontrol
İSG-8;AILE-02;İstemci ve Sunucularda Olay Tespiti ve Yönetimi;"Elektrik iletim şebekesi endüstriyel kontrol sistemi (EKS) içerisinde hizmet veren sunucu ve istemcilerde ""Olay Yönetimi ve Süreklilik"" başlığı altındaki maddelere uygun olarak loglar tutulmalı ve yönetilmelidir.";70;;REGULATION;;;;https://www.epdk.gov.tr/Detay/DownloadDocument?id=3OvnJRzRuhI%3D;Ek-7 · 02-İstemci ve Sunucu Güv · İSG-8;2026-09-09;2024-09-08;Seviye 1
İSG-9;AILE-02;Mobil Cihaz Güvenliği;Elektrik iletim şebekesi tüm endüstriyel kontrol sistemleri (EKS) içerisinde hizmet veren taşınabilir mühendislik iş istasyonları (dizüstü vb.) ilgili kuruluş envanterine kayıtlı olmalıdır. Mühendislik operasyonlarında alt yüklenicilere ait güvensiz iş istasyonları endüstriyel ağa dahil edilmemeli ve EKS bileşenlerine bağlanmamalıdır. Kuruluşa ait taşınabilir mühendislik iş istasyonlarının güvenlik seviyesi kuruluş içi ve kuruluş dışında aynı olmalıdır.;71;;REGULATION;;;;https://www.epdk.gov.tr/Detay/DownloadDocument?id=3OvnJRzRuhI%3D;Ek-7 · 02-İstemci ve Sunucu Güv · İSG-9;2026-09-09;2024-09-08;Seviye 2
İSG-10;AILE-02;İstemci ve Sunucu Operasyon Güvenliği;Elektrik iletim şebekesi tüm endüstriyel kontrol sistemleri (EKS) içerisinde hizmet veren mühendislik iş istasyonları günlük operasyonel işlerde kullanılmamalıdır. (E-posta vb.);72;;REGULATION;;;;https://www.epdk.gov.tr/Detay/DownloadDocument?id=3OvnJRzRuhI%3D;Ek-7 · 02-İstemci ve Sunucu Güv · İSG-10;2026-09-09;2024-09-08;Seviye 1
İSG-11;AILE-02;İstemci ve Sunucu Operasyon Güvenliği;Elektrik iletim şebekesi tüm endüstriyel kontrol sistemleri (EKS) ile ilişkili hizmet veren iş istasyonlarında disk şifreleme yöntemleri uygulanmalıdır.;73;;REGULATION;;;;https://www.epdk.gov.tr/Detay/DownloadDocument?id=3OvnJRzRuhI%3D;Ek-7 · 02-İstemci ve Sunucu Güv · İSG-11;2026-09-09;2024-09-08;Seviye 3
İSG-12;AILE-02;Veri Koruma;Elektrik iletim şebekesi tüm endüstriyel kontrol sistemleri (EKS) içerisinde hizmet veren sunucu ve istemcilerde disk şifreleme yöntemleri uygulanmalıdır.;74;;OPTIONAL;;;;https://www.epdk.gov.tr/Detay/DownloadDocument?id=3OvnJRzRuhI%3D;Ek-7 · 02-İstemci ve Sunucu Güv · İSG-12;2026-09-09;2024-09-08;Ek kontrol
İSG-13;AILE-02;İstemci ve Sunucularda Güvenli Konfigürasyon;Elektrik iletim şebekesi merkezi endüstriyel kontrol sistemi (EKS) içerisinde hizmet veren sunucu ve istemcilerde güvenli BIOS yapılandırmaları devreye alınmalıdır. (Bu kontrol, altyapı yenileme projeleri sırasında ya da bu düzenleme yürürlüğe girdiği andan itibaren kurulacak olan altyapılarda aranacaktır.);75;;REGULATION;;;;https://www.epdk.gov.tr/Detay/DownloadDocument?id=3OvnJRzRuhI%3D;Ek-7 · 02-İstemci ve Sunucu Güv · İSG-13;2026-09-09;2024-09-08;Seviye 1
İSG-14;AILE-02;İstemci ve Sunucularda Güvenli Konfigürasyon;Elektrik iletim şebekesi otomasyonlu trafo merkezlerinde hizmet veren sunucu ve istemcilerde güvenli BIOS yapılandırmaları devreye alınmalıdır. (Bu kontrol, altyapı yenileme projeleri sırasında ya da bu düzenleme yürürlüğe girdiği andan itibaren kurulacak olan altyapılarda aranacaktır.);76;;REGULATION;;;;https://www.epdk.gov.tr/Detay/DownloadDocument?id=3OvnJRzRuhI%3D;Ek-7 · 02-İstemci ve Sunucu Güv · İSG-14;2026-09-09;2024-09-08;Seviye 3
İSG-15;AILE-02;Zararlı Yazılımlardan Korunma;Elektrik iletim şebekesi tüm endüstriyel kontrol sistemleri (EKS) içerisinde hizmet veren sunucu ve istemcilerde sadece yetkili kullanıcıların uygulama kurmasına izin verilmelidir.;77;;REGULATION;;;;https://www.epdk.gov.tr/Detay/DownloadDocument?id=3OvnJRzRuhI%3D;Ek-7 · 02-İstemci ve Sunucu Güv · İSG-15;2026-09-09;2024-09-08;Seviye 1
İSG-16;AILE-02;Zararlı Yazılımlardan Korunma;Elektrik iletim şebekesi tüm endüstriyel kontrol sistemleri (EKS) içerisinde hizmet veren sunucu ve istemcilerde sadece kuruluşun güvenlik onayından geçmiş uygulamaların yüklenmesine ve kullanılmasına izin verilmelidir.;78;;REGULATION;;;;https://www.epdk.gov.tr/Detay/DownloadDocument?id=3OvnJRzRuhI%3D;Ek-7 · 02-İstemci ve Sunucu Güv · İSG-16;2026-09-09;2024-09-08;Seviye 2
İSG-17;AILE-02;İstemci ve Sunucularda Güvenli Konfigürasyon;Elektrik iletim şebekesi tüm endüstriyel kontrol sistemleri (EKS) içerisinde hizmet veren sunucu ve istemciler için kuruluşa özel güvenli bir kurulum imaj dosyası oluşturulmalıdır.;79;;REGULATION;;;;https://www.epdk.gov.tr/Detay/DownloadDocument?id=3OvnJRzRuhI%3D;Ek-7 · 02-İstemci ve Sunucu Güv · İSG-17;2026-09-09;2024-09-08;Seviye 1
İSG-18;AILE-02;İstemci ve Sunucularda Güvenli Konfigürasyon;Elektrik iletim şebekesi tüm endüstriyel kontrol sistemleri (EKS) içerisinde hizmet veren sunucu ve istemciler üzerinde internet üzerinden güvensiz uzak erişime imkan verecek yazılım ve servisler bulundurulmamalıdır.;80;;REGULATION;;;;https://www.epdk.gov.tr/Detay/DownloadDocument?id=3OvnJRzRuhI%3D;Ek-7 · 02-İstemci ve Sunucu Güv · İSG-18;2026-09-09;2024-09-08;Seviye 1
İSG-19;AILE-02;İstemci ve Sunucularda Güvenli Konfigürasyon;Elektrik iletim şebekesi tüm endüstriyel kontrol sistemleri (EKS) içerisinde hizmet veren sunuculara bulundukları ağ içerisinden uzak erişim (VNC, SSH, RDP vb.) yapılması durumunda ek güvenlik kontrolleri uygulanmalıdır. (sanal ağ ayrıştırma, güvenli atlama noktası, uç nokta güvenlik duvarı ile erişim kısıtlamaları vb.);81;;REGULATION;;;;https://www.epdk.gov.tr/Detay/DownloadDocument?id=3OvnJRzRuhI%3D;Ek-7 · 02-İstemci ve Sunucu Güv · İSG-19;2026-09-09;2024-09-08;Seviye 2
İSG-20;AILE-02;İstemci ve Sunucu Operasyon Güvenliği;Elektrik iletim şebekesi tüm endüstriyel kontrol sistemleri (EKS) içerisinde hizmet veren sunucu ve istemciler üzerinde bulunan tüm uygulamalar lisanslı olmalıdır.;82;;REGULATION;;;;https://www.epdk.gov.tr/Detay/DownloadDocument?id=3OvnJRzRuhI%3D;Ek-7 · 02-İstemci ve Sunucu Güv · İSG-20;2026-09-09;2024-09-08;Seviye 1
İSG-21;AILE-02;İstemci ve Sunucularda Olay Tespiti ve Yönetimi;Elektrik iletim şebekesi merkezi endüstriyel kontrol sistemi (EKS) içerisinde hizmet veren sunucu ve istemciler merkezi bir zamanlama sunucusundan senkronize edilmelidir. Bu senkronizasyon işlemi ağ seviyesinde güvenlik kontrolleri (port bazlı erişim kısıtlamaları vb.) ile sağlanmalıdır.;83;;REGULATION;;;;https://www.epdk.gov.tr/Detay/DownloadDocument?id=3OvnJRzRuhI%3D;Ek-7 · 02-İstemci ve Sunucu Güv · İSG-21;2026-09-09;2024-09-08;Seviye 1
İSG-22;AILE-02;İstemci ve Sunucularda Olay Tespiti ve Yönetimi;Elektrik iletim şebekesi otomasyonlu trafo merkezlerinde hizmet veren sunucu ve istemciler merkezi bir zamanlama sunucusundan senkronize edilmelidir. Bu senkronizasyon işlemi ağ seviyesinde güvenlik kontrolleri (port bazlı erişim kısıtlamaları vb.) ile sağlanmalıdır.;84;;REGULATION;;;;https://www.epdk.gov.tr/Detay/DownloadDocument?id=3OvnJRzRuhI%3D;Ek-7 · 02-İstemci ve Sunucu Güv · İSG-22;2026-09-09;2024-09-08;Seviye 3
İSG-23;AILE-02;GPS Güvenliği;Elektrik iletim şebekesi tüm endüstriyel kontrol sistemleri (EKS) içerisinde hizmet veren sunucu ve istemciler için kullanılan merkezi zamanlama sunucusunun GPS tabanlı olması halinde, GPS temelli saldırılara karşı koruma önlemleri alınmalıdır.;85;;OPTIONAL;;;;https://www.epdk.gov.tr/Detay/DownloadDocument?id=3OvnJRzRuhI%3D;Ek-7 · 02-İstemci ve Sunucu Güv · İSG-23;2026-09-09;2024-09-08;Ek kontrol
İSG-24;AILE-02;Zararlı Yazılımlardan Korunma;Elektrik iletim şebekesi merkezi endüstriyel kontrol sistemi (EKS) içerisinde hizmet veren sunucu ve istemcilerin üzerinde bulunan kötü amaçlı yazılım koruma uygulamaları (endüstriyel üretici tarafından destekleniyorsa) güncellenmelidir. (Bu kontrol, altyapı yenileme projeleri sırasında ya da bu düzenleme yürürlüğe girdiği andan itibaren kurulacak olan altyapılarda aranacaktır.);86;;REGULATION;;;;https://www.epdk.gov.tr/Detay/DownloadDocument?id=3OvnJRzRuhI%3D;Ek-7 · 02-İstemci ve Sunucu Güv · İSG-24;2026-09-09;2024-09-08;Seviye 2
İSG-25;AILE-02;Zararlı Yazılımlardan Korunma;Elektrik iletim şebekesi otomasyonlu trafo merkezlerinde hizmet veren sunucu ve istemcilerin üzerinde bulunan kötü amaçlı yazılım koruma uygulamaları (endüstriyel üretici tarafından destekleniyorsa) güncellenmelidir. (Bu kontrol, altyapı yenileme projeleri sırasında ya da bu düzenleme yürürlüğe girdiği andan itibaren kurulacak olan altyapılarda aranacaktır.);87;;REGULATION;;;;https://www.epdk.gov.tr/Detay/DownloadDocument?id=3OvnJRzRuhI%3D;Ek-7 · 02-İstemci ve Sunucu Güv · İSG-25;2026-09-09;2024-09-08;Seviye 3
İSG-26;AILE-02;Zararlı Yazılımlardan Korunma;Elektrik iletim şebekesi tüm endüstriyel kontrol sistemleri (EKS) içerisinde hizmet veren sunucu ve istemciler üzerinde bulunan kötü amaçlı yazılım koruma uygulamaları yüksek yetkili kullanıcılar tarafından da dahil olmak üzere devre dışı bırakılamamalıdır.;88;;REGULATION;;;;https://www.epdk.gov.tr/Detay/DownloadDocument?id=3OvnJRzRuhI%3D;Ek-7 · 02-İstemci ve Sunucu Güv · İSG-26;2026-09-09;2024-09-08;Seviye 1
İSG-27;AILE-02;İstemci ve Sunucularda Güncelleme/Yama Yönetimi;Elektrik iletim şebekesi merkezi endüstriyel kontrol sistemi (EKS) içerisinde hizmet veren sunucu ve istemcilerin işletim sistemleri (endüstriyel üretici tarafından destekleniyorsa) en kararlı ve stabil çalışan sürüme güncellenmelidir.;89;;REGULATION;;;;https://www.epdk.gov.tr/Detay/DownloadDocument?id=3OvnJRzRuhI%3D;Ek-7 · 02-İstemci ve Sunucu Güv · İSG-27;2026-09-09;2024-09-08;Seviye 1
İSG-28;AILE-02;İstemci ve Sunucularda Güncelleme/Yama Yönetimi;Elektrik iletim şebekesi otomasyonlu trafo merkezlerinde hizmet veren sunucu ve istemcilerin işletim sistemleri (endüstriyel üretici tarafından destekleniyorsa) en kararlı ve stabil çalışan sürüme güncellenmelidir.;90;;REGULATION;;;;https://www.epdk.gov.tr/Detay/DownloadDocument?id=3OvnJRzRuhI%3D;Ek-7 · 02-İstemci ve Sunucu Güv · İSG-28;2026-09-09;2024-09-08;Seviye 3
İSG-29;AILE-02;İstemci ve Sunucularda Güvenli Konfigürasyon;Elektrik iletim şebekesi tüm endüstriyel kontrol sistemleri (EKS) içerisinde hizmet veren sunucu ve istemcilerin tüm gereksiz kablolu ve kablosuz ağ arayüzleri devre dışı bırakılmalıdır. Ek olarak gereksiz servis ve portlar devre dışı bırakılmalıdır.;91;;REGULATION;;;;https://www.epdk.gov.tr/Detay/DownloadDocument?id=3OvnJRzRuhI%3D;Ek-7 · 02-İstemci ve Sunucu Güv · İSG-29;2026-09-09;2024-09-08;Seviye 1
İSG-30;AILE-02;İstemci ve Sunucularda Güvenli Konfigürasyon;"Elektrik iletim şebekesi tüm endüstriyel kontrol sistemleri (EKS) içerisinde hizmet veren sunucu ve istemcilerin ağ servisleri yönetiminde ""Endüstriyel Ağ Güvenliği"" başlığının ilgili maddelerine uygun hareket edilmelidir.";92;;REGULATION;;;;https://www.epdk.gov.tr/Detay/DownloadDocument?id=3OvnJRzRuhI%3D;Ek-7 · 02-İstemci ve Sunucu Güv · İSG-30;2026-09-09;2024-09-08;Seviye 1
İSG-31;AILE-02;İstemci ve Sunucularda Güvenli Konfigürasyon;Elektrik iletim şebekesi tüm endüstriyel kontrol sistemleri (EKS) içerisinde hizmet veren sunucu ve istemcilerde IPv6 ağ arayüzleri devre dışı bırakılmalıdır.;93;;REGULATION;;;;https://www.epdk.gov.tr/Detay/DownloadDocument?id=3OvnJRzRuhI%3D;Ek-7 · 02-İstemci ve Sunucu Güv · İSG-31;2026-09-09;2024-09-08;Seviye 1
İSG-32;AILE-02;Veri Koruma;Elektrik iletim şebekesi tüm endüstriyel kontrol sistemleri (EKS) içerisinde hizmet veren sunucu ve istemcilerde imha yönetimi kuruluşun belirlediği politikalar doğrultusunda gerçekleştirilmelidir.;94;;REGULATION;;;;https://www.epdk.gov.tr/Detay/DownloadDocument?id=3OvnJRzRuhI%3D;Ek-7 · 02-İstemci ve Sunucu Güv · İSG-32;2026-09-09;2024-09-08;Seviye 1
İSG-33;AILE-02;Beyaz Liste Uygulamaları;Elektrik iletim şebekesi tüm endüstriyel kontrol sistemleri (EKS) içerisinde hizmet veren sunucu ve istemcilerde beyaz liste (Whitelisting) uygulamaları devreye alınmalıdır.;95;;OPTIONAL;;;;https://www.epdk.gov.tr/Detay/DownloadDocument?id=3OvnJRzRuhI%3D;Ek-7 · 02-İstemci ve Sunucu Güv · İSG-33;2026-09-09;2024-09-08;Ek kontrol
İSG-34;AILE-02;OT Domain Güvenliği;Elektrik iletim şebekesi merkezi endüstriyel kontrol sistemlerinde (EKS) etki alanı (domain) mimarisi kullanılması durumunda endüstriyel etki alanı ile KBS etki alanı birbirinden tamamiyle izole edilmelidir. (Bu amaçla trust, parent-child, farklı OU gibi yöntemler kullanılmamalıdır.);96;;REGULATION;;;;https://www.epdk.gov.tr/Detay/DownloadDocument?id=3OvnJRzRuhI%3D;Ek-7 · 02-İstemci ve Sunucu Güv · İSG-34;2026-09-09;2024-09-08;Seviye 2
İSG-35;AILE-02;OT Domain Güvenliği;Elektrik iletim şebekesi merkezi endüstriyel kontrol sistemlerinde (EKS) etki alanı (domain) mimarisi kullanılması durumunda, endüstriyel etki alanının kapsamı sadece ilgili endüstriyel kontrol sistemini işleten kuruluş ile sınırlı olmalıdır. Üreticinin şablon olarak hazırladığı ya da farklı ortamlarda kullandığı etki alanı yapıları kuruluş endüstriyel kontrol sistemleri içerisinde kullanılmamalıdır.;97;;REGULATION;;;;https://www.epdk.gov.tr/Detay/DownloadDocument?id=3OvnJRzRuhI%3D;Ek-7 · 02-İstemci ve Sunucu Güv · İSG-35;2026-09-09;2024-09-08;Seviye 2
İSG-36;AILE-02;OT Domain Güvenliği;Elektrik iletim şebekesi merkezi endüstriyel kontrol sistemlerinde (EKS) etki alanı (domain) mimarisi kullanılması durumunda, ortak erişime açık klasörler içerisindeki dosyalarda yüksek yetkili kullanıcı bilgileri gömülü olarak saklanmamalıdır.;98;;REGULATION;;;;https://www.epdk.gov.tr/Detay/DownloadDocument?id=3OvnJRzRuhI%3D;Ek-7 · 02-İstemci ve Sunucu Güv · İSG-36;2026-09-09;2024-09-08;Seviye 1
İSG-37;AILE-02;OT Domain Güvenliği;Elektrik iletim şebekesi merkezi endüstriyel kontrol sistemlerinde (EKS) etki alanı (domain) mimarisi kullanılması durumunda, etki alanı yöneticisine (domain controller) sadece gerekli protokoller üzerinden erişimi mümkün kılacak kısıtlamalar uygulanmalıdır.;99;;REGULATION;;;;https://www.epdk.gov.tr/Detay/DownloadDocument?id=3OvnJRzRuhI%3D;Ek-7 · 02-İstemci ve Sunucu Güv · İSG-37;2026-09-09;2024-09-08;Seviye 1
İSG-38;AILE-02;OT Domain Güvenliği;Elektrik iletim şebekesi merkezi endüstriyel kontrol sistemlerinde (EKS) etki alanı (domain) mimarisi kullanılması durumunda, etki alanı yöneticisi (domain controller) üzerinde gerekli olmayan tüm ağ servisleri devre dışı bırakılmalıdır.;100;;REGULATION;;;;https://www.epdk.gov.tr/Detay/DownloadDocument?id=3OvnJRzRuhI%3D;Ek-7 · 02-İstemci ve Sunucu Güv · İSG-38;2026-09-09;2024-09-08;Seviye 1
İSG-39;AILE-02;OT Domain Güvenliği;Elektrik iletim şebekesi merkezi endüstriyel kontrol sistemlerinde (EKS) etki alanı (domain) mimarisi kullanılması durumunda, etki alanı yöneticisi (domain controller) yedekli mimaride tasarlanmalıdır.;101;;REGULATION;;;;https://www.epdk.gov.tr/Detay/DownloadDocument?id=3OvnJRzRuhI%3D;Ek-7 · 02-İstemci ve Sunucu Güv · İSG-39;2026-09-09;2024-09-08;Seviye 2
İSG-40;AILE-02;OT Domain Güvenliği;Elektrik iletim şebekesi merkezi endüstriyel kontrol sistemlerinde (EKS) etki alanı (domain) mimarisi kullanılması durumunda, etki alanı bileşenlerinde üretici tarafından sıkça kullanılan kullanıcı adı ve parolalar bulundurulmamalıdır.;102;;REGULATION;;;;https://www.epdk.gov.tr/Detay/DownloadDocument?id=3OvnJRzRuhI%3D;Ek-7 · 02-İstemci ve Sunucu Güv · İSG-40;2026-09-09;2024-09-08;Seviye 2
İSG-41;AILE-02;OT Domain Güvenliği;Elektrik iletim şebekesi merkezi endüstriyel kontrol sistemlerinde (EKS) etki alanı (domain) mimarisi kullanılması durumunda, etki alanı yöneticisi (domain controller) sunucusunun tekil görev için kullanılması sağlanmalıdır. DHCP, DNS ve dosya paylaşım vb. servisler için farklı sunucular konumlandırılmalıdır.;103;;REGULATION;;;;https://www.epdk.gov.tr/Detay/DownloadDocument?id=3OvnJRzRuhI%3D;Ek-7 · 02-İstemci ve Sunucu Güv · İSG-41;2026-09-09;2024-09-08;Seviye 2
İSG-42;AILE-02;OT Domain Güvenliği;Elektrik iletim şebekesi merkezi endüstriyel kontrol sistemlerinde (EKS) etki alanı (domain) mimarisi kullanılması durumunda, etki alanına ait tüm bileşenler yama yönetim politikalarına uygun olarak yönetilmelidir.;104;;REGULATION;;;;https://www.epdk.gov.tr/Detay/DownloadDocument?id=3OvnJRzRuhI%3D;Ek-7 · 02-İstemci ve Sunucu Güv · İSG-42;2026-09-09;2024-09-08;Seviye 2
İSG-43;AILE-02;OT Domain Güvenliği;"Elektrik iletim şebekesi merkezi endüstriyel kontrol sistemlerinde (EKS) etki alanı (domain) mimarisi kullanılması durumunda, etki alanında bulunan tüm bileşenler ""Tehdit ve Zafiyet Yönetim"" başlığına uygun olarak güvenlik denetimi ve sızma testlerine tabi tutulmalıdır. (İstemci, sunucu, konfigürasyon, GPO vb.)";105;;REGULATION;;;;https://www.epdk.gov.tr/Detay/DownloadDocument?id=3OvnJRzRuhI%3D;Ek-7 · 02-İstemci ve Sunucu Güv · İSG-43;2026-09-09;2024-09-08;Seviye 2
İSG-44;AILE-02;OT Domain Güvenliği;Elektrik iletim şebekesi merkezi endüstriyel kontrol sistemlerinde (EKS) etki alanı (domain) mimarisi kullanılması durumunda, etki alanında bulunan sunucular için güvenli konfigürasyon kontrol listesi oluşturulmalıdır.;106;;REGULATION;;;;https://www.epdk.gov.tr/Detay/DownloadDocument?id=3OvnJRzRuhI%3D;Ek-7 · 02-İstemci ve Sunucu Güv · İSG-44;2026-09-09;2024-09-08;Seviye 1
İSG-45;AILE-02;OT Domain Güvenliği;Elektrik iletim şebekesi merkezi endüstriyel kontrol sistemlerinde (EKS) etki alanı (domain) mimarisi kullanılması durumunda, etki alanında bulunan sunucular oluşturulan güvenli konfigürasyon kontrol listesine göre periyodik gözden geçirilmelidir. Konfigürasyon değişikliklerini anlık olarak loglayacak yapılandırmalar devreye alınmalıdır.;107;;REGULATION;;;;https://www.epdk.gov.tr/Detay/DownloadDocument?id=3OvnJRzRuhI%3D;Ek-7 · 02-İstemci ve Sunucu Güv · İSG-45;2026-09-09;2024-09-08;Seviye 2
İSG-46;AILE-02;OT Domain Güvenliği;Elektrik iletim şebekesi merkezi endüstriyel kontrol sistemlerinde (EKS) etki alanı (domain) mimarisi kullanılması durumunda, etki alanında bulunan Grup İlkeleri (GPO) güvenli bir şekilde uygulanmalıdır.;108;;REGULATION;;;;https://www.epdk.gov.tr/Detay/DownloadDocument?id=3OvnJRzRuhI%3D;Ek-7 · 02-İstemci ve Sunucu Güv · İSG-46;2026-09-09;2024-09-08;Seviye 2
İSG-47;AILE-02;HMI Güvenliği;Elektrik iletim şebekesi tüm endüstriyel kontrol sistemlerinde (EKS), operatörler günlük operasyonları gerçekleştirdikleri arayüzler (HMI) üzerinde operasyonu gerçekleştirmek için gerekli olan en düşük yetki ile çalışmalıdır. Arayüzler (HMI) yetki aşımına izin vermeyecek şekilde yapılandırmalıdır.;109;;REGULATION;;;;https://www.epdk.gov.tr/Detay/DownloadDocument?id=3OvnJRzRuhI%3D;Ek-7 · 02-İstemci ve Sunucu Güv · İSG-47;2026-09-09;2024-09-08;Seviye 2
İSG-48;AILE-02;HMI Güvenliği;"Elektrik iletim şebekesi tüm endüstriyel kontrol sistemlerinde (EKS) kullanılan arayüzler (HMI) devre dışı bırakma (bypass) ve kaçış saldırılarını engelleyebilecek şekilde yapılandırılmalıdır. Bu yapılandırmalar ""Tehdit ve Zafiyet Yönetim"" başlığına uygun şekilde periyodik olarak test edilmelidir.";110;;REGULATION;;;;https://www.epdk.gov.tr/Detay/DownloadDocument?id=3OvnJRzRuhI%3D;Ek-7 · 02-İstemci ve Sunucu Güv · İSG-48;2026-09-09;2024-09-08;Seviye 2
TZY-1;AILE-03;Politika, prosedür, süreç;Elektrik iletim şebekesi endüstriyel kontrol sistemlerine (EKS) yönelik tehditlerin yönetilebilmesi için gerekli bilgi kaynakları belirlenmelidir.;111;;REGULATION;;;;https://www.epdk.gov.tr/Detay/DownloadDocument?id=3OvnJRzRuhI%3D;Ek-7 · 03-Tehdit ve Zafiyet Yönetimi · TZY-1;2026-09-09;2024-09-08;Seviye 1
TZY-2;AILE-03;Endüstriyel tehdit istihbaratı yönetimi;Elektrik iletim şebekesi endüstriyel kontrol sistemlerine (EKS) yönelik tehditlerin yönetilebilmesi amacı ile belirlenen kaynaklardan siber güvenlik tehdit bilgisi toplanmalı ve işlenmelidir.;112;;REGULATION;;;;https://www.epdk.gov.tr/Detay/DownloadDocument?id=3OvnJRzRuhI%3D;Ek-7 · 03-Tehdit ve Zafiyet Yönetimi · TZY-2;2026-09-09;2024-09-08;Seviye 2
TZY-3;AILE-03;Endüstriyel tehdit istihbaratı yönetimi;Elektrik iletim şebekesi endüstriyel kontrol sistemlerinin (EKS) güvenliği ve sürekliliği için risk teşkil edebilecek tehditler belirlenmeli ve bu tehditlerin yönetimi için iyileştirme aksiyonları belirtilmelidir.;113;;REGULATION;;;;https://www.epdk.gov.tr/Detay/DownloadDocument?id=3OvnJRzRuhI%3D;Ek-7 · 03-Tehdit ve Zafiyet Yönetimi · TZY-3;2026-09-09;2024-09-08;Seviye 1
TZY-4;AILE-03;Endüstriyel tehdit istihbaratı yönetimi;Elektrik iletim şebekesi endüstriyel kontrol sistemlerine (EKS) yönelik tehditlerin profillendirilmesi için tehdit hakkında en az aşağıdaki bilgiler edinilmelidir. -Tehdidin hedefi -Kabiliyetleri -Tehdit hedefinin endüstriyel operasyondaki önemi;114;;REGULATION;;;;https://www.epdk.gov.tr/Detay/DownloadDocument?id=3OvnJRzRuhI%3D;Ek-7 · 03-Tehdit ve Zafiyet Yönetimi · TZY-4;2026-09-09;2024-09-08;Seviye 1
TZY-5;AILE-03;Endüstriyel tehdit istihbaratı yönetimi;Elektrik iletim şebekesi endüstriyel kontrol sistemlerine (EKS) yönelik tehditlerin yönetilebilmesi için belirlenen bilgi kaynakları önceliklendirilmeli ve sürekli olarak takip edilmelidir.;115;;REGULATION;;;;https://www.epdk.gov.tr/Detay/DownloadDocument?id=3OvnJRzRuhI%3D;Ek-7 · 03-Tehdit ve Zafiyet Yönetimi · TZY-5;2026-09-09;2024-09-08;Seviye 1
TZY-6;AILE-03;Endüstriyel tehdit istihbaratı yönetimi;Elektrik iletim şebekesi endüstriyel kontrol sistemlerine (EKS) yönelik risk teşkil edebileceği değerlendirilen tehditler analiz edilmeli, sınıflandırmalı ve önceliklendirilmelidir.;116;;REGULATION;;;;https://www.epdk.gov.tr/Detay/DownloadDocument?id=3OvnJRzRuhI%3D;Ek-7 · 03-Tehdit ve Zafiyet Yönetimi · TZY-6;2026-09-09;2024-09-08;Seviye 1
TZY-7;AILE-03;Endüstriyel zafiyet yönetimi;Elektrik iletim şebekesi endüstriyel kontrol sistemlerine (EKS) yönelik zafiyetlerin yönetilebilmesi için gerekli bilgi kaynakları belirlenmelidir.;117;;REGULATION;;;;https://www.epdk.gov.tr/Detay/DownloadDocument?id=3OvnJRzRuhI%3D;Ek-7 · 03-Tehdit ve Zafiyet Yönetimi · TZY-7;2026-09-09;2024-09-08;Seviye 1
TZY-8;AILE-03;Endüstriyel zafiyet yönetimi;Elektrik iletim şebekesi endüstriyel kontrol sistemlerine (EKS) yönelik tehditlerin yönetilebilmesi amacı ile belirlenen kaynaklardan siber güvenlik zafiyet bilgisi toplanmalı ve işlenmelidir.;118;;REGULATION;;;;https://www.epdk.gov.tr/Detay/DownloadDocument?id=3OvnJRzRuhI%3D;Ek-7 · 03-Tehdit ve Zafiyet Yönetimi · TZY-8;2026-09-09;2024-09-08;Seviye 1
TZY-9;AILE-03;Endüstriyel zafiyet yönetimi;Elektrik iletim şebekesi endüstriyel kontrol sistemlerinin (EKS) güvenliği ve sürekliliği için risk teşkil edebilecek zafiyetler belirlenmeli ve bu zafiyetlerin yönetimi için iyileştirme aksiyonları belirtilmelidir.;119;;REGULATION;;;;https://www.epdk.gov.tr/Detay/DownloadDocument?id=3OvnJRzRuhI%3D;Ek-7 · 03-Tehdit ve Zafiyet Yönetimi · TZY-9;2026-09-09;2024-09-08;Seviye 1
TZY-10;AILE-03;Endüstriyel zafiyet yönetimi;"""Enerji Sektöründe Kullanılan Endüstriyel Kontrol Sistemleri İçin Güvenlik Analiz ve Test Usul ve Esasları""nın ilgili maddeleri doğrultusunda elektrik iletim şebekesi endüstriyel kontrol sistemleri (EKS) için güvenlik analizleri ve testleri gerçekleştirilmelidir.";120;;REGULATION;;;;https://www.epdk.gov.tr/Detay/DownloadDocument?id=3OvnJRzRuhI%3D;Ek-7 · 03-Tehdit ve Zafiyet Yönetimi · TZY-10;2026-09-09;2024-09-08;Seviye 1
TZY-11;AILE-03;Endüstriyel zafiyet yönetimi;Elektrik iletim şebekesi endüstriyel kontrol sistemlerine (EKS) yönelik risk teşkil edebileceği değerlendirilen zafiyetler analiz edilmeli, sınıflandırılmalı ve önceliklendirilmelidir.;121;;REGULATION;;;;https://www.epdk.gov.tr/Detay/DownloadDocument?id=3OvnJRzRuhI%3D;Ek-7 · 03-Tehdit ve Zafiyet Yönetimi · TZY-11;2026-09-09;2024-09-08;Seviye 1
TZY-12;AILE-03;Endüstriyel zafiyet yönetimi;Elektrik iletim şebekesi endüstriyel kontrol sistemlerine (EKS) yönelik risk teşkil edebileceği değerlendirilen zafiyetler önceliklerine göre yönetilmelidir.;122;;REGULATION;;;;https://www.epdk.gov.tr/Detay/DownloadDocument?id=3OvnJRzRuhI%3D;Ek-7 · 03-Tehdit ve Zafiyet Yönetimi · TZY-12;2026-09-09;2024-09-08;Seviye 1
TZY-13;AILE-03;Endüstriyel zafiyet yönetimi;"Elektrik iletim şebekesi endüstriyel kontrol sistemi (EKS) bileşenlerine ait siber güvenlik yamaları ""İstemci ve Sunucu Güvenliği"" başlığına uygun olacak şekilde yamaların operasyonlara olan etkisi de gözden geçirilerek uygulanmalıdır.";123;;REGULATION;;;;https://www.epdk.gov.tr/Detay/DownloadDocument?id=3OvnJRzRuhI%3D;Ek-7 · 03-Tehdit ve Zafiyet Yönetimi · TZY-13;2026-09-09;2024-09-08;Seviye 1
TZY-14;AILE-03;Politika, prosedür, süreç;Elektrik iletim şebekesi endüstriyel kontrol sistemlerine (EKS) ilişkin tehdit ve zafiyet yönetim yaklaşımı dokümante edilmiş olmalıdır.;124;;REGULATION;;;;https://www.epdk.gov.tr/Detay/DownloadDocument?id=3OvnJRzRuhI%3D;Ek-7 · 03-Tehdit ve Zafiyet Yönetimi · TZY-14;2026-09-09;2024-09-08;Seviye 1
TZY-15;AILE-03;Politika, prosedür, süreç;Elektrik iletim şebekesi endüstriyel kontrol sistemlerine (EKS) ilişkin tehdit ve zafiyet yönetim sürecinde ihtiyaç duyulabilecek tüm üçüncü taraflar belirlenmeli ve bu sürece dahil edilmelidir.;125;;REGULATION;;;;https://www.epdk.gov.tr/Detay/DownloadDocument?id=3OvnJRzRuhI%3D;Ek-7 · 03-Tehdit ve Zafiyet Yönetimi · TZY-15;2026-09-09;2024-09-08;Seviye 1
TZY-16;AILE-03;Politika, prosedür, süreç;Elektrik iletim şebekesi endüstriyel kontrol sistemlerine (EKS) ilişkin tehdit ve zafiyet yönetimi için gerekli standart, kılavuz ve yasal mevzuatlar belirlenmelidir.;126;;REGULATION;;;;https://www.epdk.gov.tr/Detay/DownloadDocument?id=3OvnJRzRuhI%3D;Ek-7 · 03-Tehdit ve Zafiyet Yönetimi · TZY-16;2026-09-09;2024-09-08;Seviye 1
TZY-17;AILE-03;Endüstriyel tehdit istihbaratı yönetimi;Elektrik iletim şebekesi endüstriyel kontrol sistemlerine (EKS) ilişkin tehdit istihbaratı, bir bütün olarak izlenmelidir.;127;;REGULATION;;;;https://www.epdk.gov.tr/Detay/DownloadDocument?id=3OvnJRzRuhI%3D;Ek-7 · 03-Tehdit ve Zafiyet Yönetimi · TZY-17;2026-09-09;2024-09-08;Seviye 2
TZY-18;AILE-03;Endüstriyel tehdit istihbaratı yönetimi;Tehdit yönetimi kapsamında arz güvenliğini riske atabilecek, doğal afetler, terör vb. gibi bilgiler de bütüncül bir yaklaşım sergileyecek şekilde değerlendirilmelidir.;128;;REGULATION;;;;https://www.epdk.gov.tr/Detay/DownloadDocument?id=3OvnJRzRuhI%3D;Ek-7 · 03-Tehdit ve Zafiyet Yönetimi · TZY-18;2026-09-09;2024-09-08;Seviye 2
TZY-19;AILE-03;Endüstriyel tehdit istihbaratı yönetimi;Elektrik iletim şebekesi endüstriyel kontrol sistemlerine (EKS) ilişkin yerel ve küresel tehdit istihbarat kaynakları bir bütün olarak yönetilmelidir. (Bu kaynaklar üretici sayfaları, küresel bilgilendirme sayfaları gibi kaynaklar olabilir.);129;;REGULATION;;;;https://www.epdk.gov.tr/Detay/DownloadDocument?id=3OvnJRzRuhI%3D;Ek-7 · 03-Tehdit ve Zafiyet Yönetimi · TZY-19;2026-09-09;2024-09-08;Seviye 2
TZY-20;AILE-03;Endüstriyel tehdit istihbaratı yönetimi;KBS ve EKS'e ilişkin tehdit istihbarat kaynakları bir bütün olarak yönetilmelidir.;130;;REGULATION;;;;https://www.epdk.gov.tr/Detay/DownloadDocument?id=3OvnJRzRuhI%3D;Ek-7 · 03-Tehdit ve Zafiyet Yönetimi · TZY-20;2026-09-09;2024-09-08;Seviye 2
TZY-21;AILE-03;Endüstriyel tehdit tespiti;Elektrik iletim şebekesi endüstriyel kontrol sistemlerine (EKS) ilişkin tehditler (saldırgan aktiviteleri) gerçek zamanlı olarak izlenebilmelidir. Bu izleme, istemci ve sunucu üzerinden bilgi toplanarak veya ağ trafiği takip edilerek gerçekleştirilebilir.;131;;REGULATION;;;;https://www.epdk.gov.tr/Detay/DownloadDocument?id=3OvnJRzRuhI%3D;Ek-7 · 03-Tehdit ve Zafiyet Yönetimi · TZY-21;2026-09-09;2024-09-08;Seviye 2
TZY-22;AILE-03;Endüstriyel tehdit tespiti;Elektrik iletim şebekesi endüstriyel kontrol sistemlerine (EKS) ilişkin bir saldırı tespiti yapılması durumunda, söz konusu saldırılar sınıflandırılmalıdır. (operasyonel tehditler, siber güvenlik tehditleri, fiziksel, ağ tehditleri vb.);132;;REGULATION;;;;https://www.epdk.gov.tr/Detay/DownloadDocument?id=3OvnJRzRuhI%3D;Ek-7 · 03-Tehdit ve Zafiyet Yönetimi · TZY-22;2026-09-09;2024-09-08;Seviye 2
TZY-23;AILE-03;Endüstriyel zafiyet yönetimi;"Elektrik iletim şebekesi endüstriyel kontrol sistemlerine (EKS) ilişkin zafiyet analizi ""Enerji Sektöründe Kullanılan Endüstriyel Kontrol Sistemleri İçin Güvenlik Analiz ve Test Usul ve Esasları""nın ilgili maddelerine göre aktif veya pasif yöntemlerle (manuel ya da otomatize araçlarla) en az yılda bir kez gerçekleştirilebilir durumda olmalıdır.";133;;REGULATION;;;;https://www.epdk.gov.tr/Detay/DownloadDocument?id=3OvnJRzRuhI%3D;Ek-7 · 03-Tehdit ve Zafiyet Yönetimi · TZY-23;2026-09-09;2024-09-08;Seviye 1
TZY-24;AILE-03;Endüstriyel zafiyet yönetimi;"Elektrik iletim şebekesi endüstriyel kontrol sistemlerine (EKS) ilişkin zafiyet analizi ""Enerji Sektöründe Kullanılan Endüstriyel Kontrol Sistemleri İçin Güvenlik Analiz ve Test Usul ve Esasları""nın ilgili maddelerine uygun yöntemlerle gerçekleştirilmeli ve en az aşağıda belirtilen bileşenleri kapsamalıdır. - İş istasyonu riskleri - İnsan Makine arayüzü (HMI) iş istasyonu riskleri - Sunucu tabanlı riskler (SCADA, OPC, Historian vb.) - Endüstriyel yazılım uygulamaları riskleri (SCADA yazılımı) - Siber güvenlik uygulama ve çözümleri - Mühendislik iş istasyonu riskleri - Endüstriyel ağ ve ekipmanları güvenlik riskleri (SDH, Kramportör dahil olmak üzere) - Endüstriyel altyapı kontrol katmanı ekipmanları güvenlik riskleri (RTU, Röle/IED, Bay controller vb. ) - Sayaçlar, Güç Kalite İzleme Sistemleri (GKÇ, RİTM) - KBS ağları entegrasyon riskleri (CRM, CBS, ERP vb.)";134;;REGULATION;;;;https://www.epdk.gov.tr/Detay/DownloadDocument?id=3OvnJRzRuhI%3D;Ek-7 · 03-Tehdit ve Zafiyet Yönetimi · TZY-24;2026-09-09;2024-09-08;Seviye 1
TZY-25;AILE-03;Endüstriyel zafiyet yönetimi;Elektrik iletim şebekesi endüstriyel kontrol sistemlerine (EKS) ilişkin zafiyet analizleri farklı kaynakları girdi olarak kullanmalıdır. (Sızma testleri, güvenlik testleri, analizleri, zafiyet taramaları vb.);135;;REGULATION;;;;https://www.epdk.gov.tr/Detay/DownloadDocument?id=3OvnJRzRuhI%3D;Ek-7 · 03-Tehdit ve Zafiyet Yönetimi · TZY-25;2026-09-09;2024-09-08;Seviye 1
TZY-26;AILE-03;Endüstriyel zafiyet yönetimi;Elektrik iletim şebekesi endüstriyel kontrol sistemlerine (EKS) ilişkin zafiyet analizleri için otomatize bir araç kullanılacaksa seçilen aracın teknoloji, protokol desteği ilgili altyapıya uygun olmalıdır.;136;;REGULATION;;;;https://www.epdk.gov.tr/Detay/DownloadDocument?id=3OvnJRzRuhI%3D;Ek-7 · 03-Tehdit ve Zafiyet Yönetimi · TZY-26;2026-09-09;2024-09-08;Seviye 1
TZY-27;AILE-03;Endüstriyel zafiyet yönetimi;Elektrik iletim şebekesi endüstriyel kontrol sistemlerine (EKS) ilişkin siber güvenlik zafiyetleri bir yaşam döngüsü şeklinde yönetilmelidir. (Tespit, iyileştirme, doğrulama, kapatma, kabul vb.);137;;REGULATION;;;;https://www.epdk.gov.tr/Detay/DownloadDocument?id=3OvnJRzRuhI%3D;Ek-7 · 03-Tehdit ve Zafiyet Yönetimi · TZY-27;2026-09-09;2024-09-08;Seviye 1
TZY-28;AILE-03;Endüstriyel zafiyet yönetimi;Elektrik iletim şebekesi endüstriyel kontrol sistemlerine (EKS) ilişkin tespit edilen her bir siber güvenlik zafiyeti için ilgili birim ve personellere sorumluluk ataması gerçekleştirilmelidir.;138;;REGULATION;;;;https://www.epdk.gov.tr/Detay/DownloadDocument?id=3OvnJRzRuhI%3D;Ek-7 · 03-Tehdit ve Zafiyet Yönetimi · TZY-28;2026-09-09;2024-09-08;Seviye 1
TZY-29;AILE-03;Endüstriyel zafiyet yönetimi;Elektrik iletim şebekesi endüstriyel kontrol sistemlerine (EKS) ilişkin risk analizi, sızma testi, güvenlik analizi çıktılarının eğilimi sürekli olarak izlenmelidir.;139;;REGULATION;;;;https://www.epdk.gov.tr/Detay/DownloadDocument?id=3OvnJRzRuhI%3D;Ek-7 · 03-Tehdit ve Zafiyet Yönetimi · TZY-29;2026-09-09;2024-09-08;Seviye 1
TZY-30;AILE-03;Endüstriyel zafiyet yönetimi;Elektrik iletim şebekesi endüstriyel kontrol sistemlerine (EKS) ilişkin zafiyet yönetimi faaliyetleri ana kontrol merkezi, acil durum/yedek kontrol merkezi ve tüm bölgesel kontrol merkezleri bileşenlerini içermelidir.;140;;REGULATION;;;;https://www.epdk.gov.tr/Detay/DownloadDocument?id=3OvnJRzRuhI%3D;Ek-7 · 03-Tehdit ve Zafiyet Yönetimi · TZY-30;2026-09-09;2024-09-08;Seviye 1
TZY-31;AILE-03;Endüstriyel zafiyet yönetimi;Elektrik iletim şebekesi endüstriyel kontrol sistemlerine (EKS) ilişkin zafiyet yönetimi faaliyetleri 380 kV olan uç saha bileşenlerini (ağ, haberleşme, çevirici, protokol vb.) içermelidir.;141;;REGULATION;;;;https://www.epdk.gov.tr/Detay/DownloadDocument?id=3OvnJRzRuhI%3D;Ek-7 · 03-Tehdit ve Zafiyet Yönetimi · TZY-31;2026-09-09;2024-09-08;Seviye 3
TZY-32;AILE-03;Endüstriyel zafiyet yönetimi;Elektrik iletim şebekesi endüstriyel kontrol sistemlerine (EKS) ilişkin zafiyet yönetimi faaliyetleri 154 kV ve altında olan uç saha bileşenlerini (ağ, haberleşme, çevirici, protokol vb.) içermelidir.;142;;OPTIONAL;;;;https://www.epdk.gov.tr/Detay/DownloadDocument?id=3OvnJRzRuhI%3D;Ek-7 · 03-Tehdit ve Zafiyet Yönetimi · TZY-32;2026-09-09;2024-09-08;Ek kontrol
TZY-33;AILE-03;Endüstriyel zafiyet yönetimi;Elektrik iletim şebekesi endüstriyel kontrol sistemlerine (EKS) ilişkin zafiyet yönetimi faaliyetleri, EKS varlıklarının sürüm bilgisinden zafiyet tespitine imkan vermelidir. Bu amaçla manuel veya otomatize araçlar kullanılabilir.;143;;REGULATION;;;;https://www.epdk.gov.tr/Detay/DownloadDocument?id=3OvnJRzRuhI%3D;Ek-7 · 03-Tehdit ve Zafiyet Yönetimi · TZY-33;2026-09-09;2024-09-08;Seviye 2
ERY-1;AILE-04;Endüstriyel Siber Güvenlik Risk Yönetimi Stratejisi;İletim şebekesi endüstriyel kontrol sistemleri (EKS) için dokümante edilmiş bir endüstriyel siber güvenlik risk yönetimi stratejisi olmalıdır. Risk yönetim metodolojisi endüstriyel altyapılar için özelleştirilmiş olmalıdır.;144;;REGULATION;;;;https://www.epdk.gov.tr/Detay/DownloadDocument?id=3OvnJRzRuhI%3D;Ek-7 · 04-Endüstriyel Risk Yönetimi · ERY-1;2026-09-09;2024-09-08;Seviye 1
ERY-2;AILE-04;Endüstriyel Siber Güvenlik Risk Yönetimi Stratejisi;Endüstriyel siber güvenlik risk yönetim stratejisi, endüstriyel operasyonlara etkinin dikkate alınması da dahil olmak üzere, risk önceliklendirmesi için bir yaklaşıma sahip olmalıdır. Bu strateji endüstriyel operasyonlar dikkate alınarak hazırlanmalıdır.;145;;REGULATION;;;;https://www.epdk.gov.tr/Detay/DownloadDocument?id=3OvnJRzRuhI%3D;Ek-7 · 04-Endüstriyel Risk Yönetimi · ERY-2;2026-09-09;2024-09-08;Seviye 1
ERY-3;AILE-04;Endüstriyel Siber Güvenlik Risk Yönetimi;Belirlenen riskler, risk azaltma, risk kabulü, riskten kaçınma veya riskin transferi işlemleri çerçevesinde yönetilmelidir. Bu sürece ilişkin gerekli dokümantasyon oluşturulmalı ve bu dokümanlar saklanmalıdır.;146;;REGULATION;;;;https://www.epdk.gov.tr/Detay/DownloadDocument?id=3OvnJRzRuhI%3D;Ek-7 · 04-Endüstriyel Risk Yönetimi · ERY-3;2026-09-09;2024-09-08;Seviye 1
ERY-4;AILE-04;Endüstriyel Siber Güvenlik Risk Yönetimi;Risk değerlendirme dokümanı asgari olarak, “risk numarası, risk kategorisi, riskin oluşması için koşullar, zafiyet, tehdit, risk, riski taşıyan bileşen/bileşen grubu, riskten etkilenen bileşen/bileşen grubu, riskin etki değeri, riskin gerçekleşme olasılığı” başlıklarını içermelidir.;147;;REGULATION;;;;https://www.epdk.gov.tr/Detay/DownloadDocument?id=3OvnJRzRuhI%3D;Ek-7 · 04-Endüstriyel Risk Yönetimi · ERY-4;2026-09-09;2024-09-08;Seviye 1
ERY-5;AILE-04;Endüstriyel Siber Güvenlik Risk Yönetimi;Risk değerlendirme dokümanı, endüstriyel operasyonlarda veya bilgi teknolojileri sistemlerinde (yeni tehdit ve zafiyetler belirlendiği durumlar dahil olmak üzere) önemli değişiklikler olduğunda veya sistemin güvenlik durumunu etkileyebilecek diğer koşullar oluştuğunda güncellenmelidir.;148;;REGULATION;;;;https://www.epdk.gov.tr/Detay/DownloadDocument?id=3OvnJRzRuhI%3D;Ek-7 · 04-Endüstriyel Risk Yönetimi · ERY-5;2026-09-09;2024-09-08;Seviye 1
ERY-6;AILE-04;Endüstriyel Siber Güvenlik Risk Yönetimi;Riskin gerçekleşme olasılığı “normal, yüksek ya da çok yüksek” dereceleri kullanılarak değerlendirilmelidir.;149;;REGULATION;;;;https://www.epdk.gov.tr/Detay/DownloadDocument?id=3OvnJRzRuhI%3D;Ek-7 · 04-Endüstriyel Risk Yönetimi · ERY-6;2026-09-09;2024-09-08;Seviye 1
ERY-7;AILE-04;Endüstriyel Siber Güvenlik Risk Yönetimi;Risk işleme planları, risklerin azaltılmasına ilişkin uygulanması veya alınması gereken önlem ve kontrolleri içermelidir.;150;;REGULATION;;;;https://www.epdk.gov.tr/Detay/DownloadDocument?id=3OvnJRzRuhI%3D;Ek-7 · 04-Endüstriyel Risk Yönetimi · ERY-7;2026-09-09;2024-09-08;Seviye 1
ERY-8;AILE-04;Endüstriyel Siber Güvenlik Risk Yönetimi;Tespit edilen riskler analiz edilerek, risk yönetimi stratejisine uygun olarak işleme faaliyetleri önceliklendirilmelidir.;151;;REGULATION;;;;https://www.epdk.gov.tr/Detay/DownloadDocument?id=3OvnJRzRuhI%3D;Ek-7 · 04-Endüstriyel Risk Yönetimi · ERY-8;2026-09-09;2024-09-08;Seviye 1
ERY-9;AILE-04;Endüstriyel Siber Güvenlik Risk Yönetimi;Tespit edilen riskler, risk yönetimi stratejisine uygun olarak izlenmelidir.;152;;REGULATION;;;;https://www.epdk.gov.tr/Detay/DownloadDocument?id=3OvnJRzRuhI%3D;Ek-7 · 04-Endüstriyel Risk Yönetimi · ERY-9;2026-09-09;2024-09-08;Seviye 1
ERY-10;AILE-04;Endüstriyel Siber Güvenlik Risk Yönetimi;Risk analizi sonuçları, ağ (KBS ve/veya EKS) mimarisine ait risk değerlendirme sonuçlarını da içermelidir. Risk analizlerinde mimari hatalar ve zafiyetler de girdi olarak kullanılmalıdır.;153;;REGULATION;;;;https://www.epdk.gov.tr/Detay/DownloadDocument?id=3OvnJRzRuhI%3D;Ek-7 · 04-Endüstriyel Risk Yönetimi · ERY-10;2026-09-09;2024-09-08;Seviye 1
ERY-11;AILE-04;Politika, Prosedür, Süreç;Endüstriyel siber güvenlik risk yönetimi faaliyetleri için oluşturulan dokümanlar düzenli olarak takip edilmelidir. (Strateji dokümanları, politika ve prosedürler, formlar vb.);154;;REGULATION;;;;https://www.epdk.gov.tr/Detay/DownloadDocument?id=3OvnJRzRuhI%3D;Ek-7 · 04-Endüstriyel Risk Yönetimi · ERY-11;2026-09-09;2024-09-08;Seviye 1
ERY-12;AILE-04;Politika, Prosedür, Süreç;Risk yönetimi faaliyetleri için paydaşlar belirlenmeli ve risk yönetimi sürecine dahil edilmelidir.;155;;REGULATION;;;;https://www.epdk.gov.tr/Detay/DownloadDocument?id=3OvnJRzRuhI%3D;Ek-7 · 04-Endüstriyel Risk Yönetimi · ERY-12;2026-09-09;2024-09-08;Seviye 1
ERY-13;AILE-04;Politika, Prosedür, Süreç;Risk yönetimi faaliyetlerini desteklemek için yeterli kaynak (insan kaynağı, finansman vb.) sağlanmalıdır.;156;;REGULATION;;;;https://www.epdk.gov.tr/Detay/DownloadDocument?id=3OvnJRzRuhI%3D;Ek-7 · 04-Endüstriyel Risk Yönetimi · ERY-13;2026-09-09;2024-09-08;Seviye 1
ERY-14;AILE-04;Politika, Prosedür, Süreç;Risk yönetimi faaliyetlerinin içeriğinde yer alacak standartlar ve/veya kılavuzlar belirlenmelidir. (EPDK Enerji Sektöründe Kullanılan Endüstriyel Kontrol Sistemlerinde Bilişim Güvenliği Yönetmeliği, NIST 800-53, NIST800-82, ISA 62443, ISO 27019, C2M2 vb.);157;;REGULATION;;;;https://www.epdk.gov.tr/Detay/DownloadDocument?id=3OvnJRzRuhI%3D;Ek-7 · 04-Endüstriyel Risk Yönetimi · ERY-14;2026-09-09;2024-09-08;Seviye 1
ERY-15;AILE-04;Endüstriyel Siber Güvenlik Risk Yönetimi;Risk yönetim metodolojisi nitel ve nicel olarak ölçüme olanak tanımalıdır.;158;;REGULATION;;;;https://www.epdk.gov.tr/Detay/DownloadDocument?id=3OvnJRzRuhI%3D;Ek-7 · 04-Endüstriyel Risk Yönetimi · ERY-15;2026-09-09;2024-09-08;Seviye 1
ERY-16;AILE-04;Endüstriyel Siber Güvenlik Risk Yönetimi;Risk yönetim metodolojisi risk kabul kriterlerini ve risk kabul değerini tanımlamalıdır.;159;;REGULATION;;;;https://www.epdk.gov.tr/Detay/DownloadDocument?id=3OvnJRzRuhI%3D;Ek-7 · 04-Endüstriyel Risk Yönetimi · ERY-16;2026-09-09;2024-09-08;Seviye 1
ERY-17;AILE-04;Endüstriyel Siber Güvenlik Risk Yönetimi;Risk yönetim metodolojisi risk sahibini tanımlamalıdır. Riskler ilgili risk sahibine atanmalıdır.;160;;REGULATION;;;;https://www.epdk.gov.tr/Detay/DownloadDocument?id=3OvnJRzRuhI%3D;Ek-7 · 04-Endüstriyel Risk Yönetimi · ERY-17;2026-09-09;2024-09-08;Seviye 1
ERY-18;AILE-04;Endüstriyel Siber Güvenlik Risk Yönetimi;Endüstriyel siber güvenlik risk belirleme sürecinde endüstriyel operasyonlara etkiye göre derecelendirme yapılmalıdır.;161;;REGULATION;;;;https://www.epdk.gov.tr/Detay/DownloadDocument?id=3OvnJRzRuhI%3D;Ek-7 · 04-Endüstriyel Risk Yönetimi · ERY-18;2026-09-09;2024-09-08;Seviye 1
ERY-19;AILE-04;Endüstriyel Siber Güvenlik Risk Yönetimi;Risk yönetim metodolojisi tekrar edilebilir, karşılaştırılabilir ve tutarlı sonuçlar üretebilir olmalıdır.;162;;REGULATION;;;;https://www.epdk.gov.tr/Detay/DownloadDocument?id=3OvnJRzRuhI%3D;Ek-7 · 04-Endüstriyel Risk Yönetimi · ERY-19;2026-09-09;2024-09-08;Seviye 1
ERY-20;AILE-04;Endüstriyel Siber Güvenlik Risk Yönetimi;Risk yönetim faaliyetleri, tüm kontrol odalarını (endüstriyel kontrol sistemi içeren) ve bileşenlerini içermelidir.;163;;REGULATION;;;;https://www.epdk.gov.tr/Detay/DownloadDocument?id=3OvnJRzRuhI%3D;Ek-7 · 04-Endüstriyel Risk Yönetimi · ERY-20;2026-09-09;2024-09-08;Seviye 1
ERY-21;AILE-04;Endüstriyel Siber Güvenlik Risk Yönetimi;Risk yönetim faaliyetleri 380 kV olan uç istasyonları ve bileşenlerini içermelidir.;164;;REGULATION;;;;https://www.epdk.gov.tr/Detay/DownloadDocument?id=3OvnJRzRuhI%3D;Ek-7 · 04-Endüstriyel Risk Yönetimi · ERY-21;2026-09-09;2024-09-08;Seviye 2
ERY-22;AILE-04;Endüstriyel Siber Güvenlik Risk Yönetimi;Risk yönetim faaliyetleri 154 kV olan uç istasyonları ve bileşenlerini içermelidir.;165;;REGULATION;;;;https://www.epdk.gov.tr/Detay/DownloadDocument?id=3OvnJRzRuhI%3D;Ek-7 · 04-Endüstriyel Risk Yönetimi · ERY-22;2026-09-09;2024-09-08;Seviye 3
ERY-23;AILE-04;Endüstriyel Siber Güvenlik Risk Yönetimi;Risk yönetim faaliyetleri 154 kV altında olan uç istasyonları ve bileşenlerini içermelidir.;166;;OPTIONAL;;;;https://www.epdk.gov.tr/Detay/DownloadDocument?id=3OvnJRzRuhI%3D;Ek-7 · 04-Endüstriyel Risk Yönetimi · ERY-23;2026-09-09;2024-09-08;Ek kontrol
ERY-24;AILE-04;Endüstriyel Siber Güvenlik Risk Yönetimi;Risk yönetim faaliyetleri, 380 kV olan uç istasyonlara ilişkin fiziksel güvenlik risklerini içermelidir.;167;;REGULATION;;;;https://www.epdk.gov.tr/Detay/DownloadDocument?id=3OvnJRzRuhI%3D;Ek-7 · 04-Endüstriyel Risk Yönetimi · ERY-24;2026-09-09;2024-09-08;Seviye 2
ERY-25;AILE-04;Endüstriyel Siber Güvenlik Risk Yönetimi;Risk yönetim faaliyetleri, 154 kV olan uç istasyonlara ilişkin fiziksel güvenlik risklerini içermelidir.;168;;REGULATION;;;;https://www.epdk.gov.tr/Detay/DownloadDocument?id=3OvnJRzRuhI%3D;Ek-7 · 04-Endüstriyel Risk Yönetimi · ERY-25;2026-09-09;2024-09-08;Seviye 3
ERY-26;AILE-04;Endüstriyel Siber Güvenlik Risk Yönetimi;Risk yönetim faaliyetleri, 154 kV altında olan uç istasyonlara ilişkin fiziksel güvenlik risklerini içermelidir.;169;;OPTIONAL;;;;https://www.epdk.gov.tr/Detay/DownloadDocument?id=3OvnJRzRuhI%3D;Ek-7 · 04-Endüstriyel Risk Yönetimi · ERY-26;2026-09-09;2024-09-08;Ek kontrol
ERY-27;AILE-04;Endüstriyel Siber Güvenlik Risk Yönetimi;Risk yönetim faaliyetleri endüstriyel iletişim protokollerini içermelidir.;170;;REGULATION;;;;https://www.epdk.gov.tr/Detay/DownloadDocument?id=3OvnJRzRuhI%3D;Ek-7 · 04-Endüstriyel Risk Yönetimi · ERY-27;2026-09-09;2024-09-08;Seviye 1
ERY-28;AILE-04;Endüstriyel Siber Güvenlik Risk Yönetimi;Risk Yönetim faaliyetleri uç sahalarla haberleşme ve ağ güvenlik risklerini içermelidir.;171;;REGULATION;;;;https://www.epdk.gov.tr/Detay/DownloadDocument?id=3OvnJRzRuhI%3D;Ek-7 · 04-Endüstriyel Risk Yönetimi · ERY-28;2026-09-09;2024-09-08;Seviye 1
ERY-29;AILE-04;Endüstriyel Siber Güvenlik Risk Yönetimi;"Risk yönetimi faaliyetlerinde, ""Enerji Sektöründe EKS Güvenlik Kontrolleri"" başlıkları en az aşağıdaki bileşenler için uygulanmalıdır. - İş istasyonu riskleri - İnsan Makine arayüzü (HMI) iş istasyonu riskleri - Sunucu tabanlı riskler (SCADA, OPC, Historian vb.) - Endüstriyel yazılım uygulamaları riskleri (SCADA yazılımı) - Siber güvenlik uygulama ve çözümleri - Mühendislik iş istasyonu riskleri - Endüstriyel ağ ve ekipmanları güvenlik riskleri (SDH, Kramportör dahil olmak üzere) - Endüstriyel altyapı kontrol katmanı ekipmanları güvenlik riskleri (RTU, Röle/IED, Bay controller vb. ) - Sayaçlar, Güç Kalite İzleme Sistemleri (GKÇ, RİTM) - KBS ağları entegrasyon riskleri (CRM, CBS, ERP vb.)";172;;REGULATION;;;;https://www.epdk.gov.tr/Detay/DownloadDocument?id=3OvnJRzRuhI%3D;Ek-7 · 04-Endüstriyel Risk Yönetimi · ERY-29;2026-09-09;2024-09-08;Seviye 1
ERY-30;AILE-04;Endüstriyel Siber Güvenlik Risk Yönetimi;Risk yönetimi üçüncü taraf bilgi güvenliği risklerini içermelidir.;173;;REGULATION;;;;https://www.epdk.gov.tr/Detay/DownloadDocument?id=3OvnJRzRuhI%3D;Ek-7 · 04-Endüstriyel Risk Yönetimi · ERY-30;2026-09-09;2024-09-08;Seviye 1
ERY-31;AILE-04;Endüstriyel Siber Güvenlik Risk Yönetimi;Risk yönetim süreci ISO 27001 BGYS, EPDK Risk Envanterleri ve CBDDO formlarına uygun olarak işletilmelidir.;174;;REGULATION;;;;https://www.epdk.gov.tr/Detay/DownloadDocument?id=3OvnJRzRuhI%3D;Ek-7 · 04-Endüstriyel Risk Yönetimi · ERY-31;2026-09-09;2024-09-08;Seviye 1
ERY-32;AILE-04;Endüstriyel Siber Güvenlik Risk Yönetimi;"Risk yönetim süreci kapsamında artık risk yönetim ilkeleri tanımlanmalıdır. Risk işleme sonrası kalan artık riskler; risk sahibi ve üst yönetim tarafından onaylanmalıdır.";175;;REGULATION;;;;https://www.epdk.gov.tr/Detay/DownloadDocument?id=3OvnJRzRuhI%3D;Ek-7 · 04-Endüstriyel Risk Yönetimi · ERY-32;2026-09-09;2024-09-08;Seviye 1
ERY-33;AILE-04;Endüstriyel Siber Güvenlik Risk Yönetimi;Risk yönetim süreci, operasyonel süreklilik risklerini içermelidir.;176;;REGULATION;;;;https://www.epdk.gov.tr/Detay/DownloadDocument?id=3OvnJRzRuhI%3D;Ek-7 · 04-Endüstriyel Risk Yönetimi · ERY-33;2026-09-09;2024-09-08;Seviye 1
ERY-34;AILE-04;Endüstriyel Siber Güvenlik Risk Yönetimi;Siber güvenlik riskleri ethernet ve seri iletişim tabanlı saldırı vektörleri dikkate alınarak belirlenmelidir.;177;;REGULATION;;;;https://www.epdk.gov.tr/Detay/DownloadDocument?id=3OvnJRzRuhI%3D;Ek-7 · 04-Endüstriyel Risk Yönetimi · ERY-34;2026-09-09;2024-09-08;Seviye 1
ERY-35;AILE-04;Endüstriyel Siber Güvenlik Risk Yönetimi;"Risk yönetim sürecinde; sızma testleri, güvenlik analizleri, iç denetim çıktıları da girdi olarak kullanılmalıdır.";178;;REGULATION;;;;https://www.epdk.gov.tr/Detay/DownloadDocument?id=3OvnJRzRuhI%3D;Ek-7 · 04-Endüstriyel Risk Yönetimi · ERY-35;2026-09-09;2024-09-08;Seviye 1
ERY-36;AILE-04;Endüstriyel Siber Güvenlik Risk Yönetimi;Risk değerlendirme sürecinde her bir endüstriyel siber güvenlik riskinin, çevre etkisi, finansal etkisi ve insana etkisi belirlenmelidir.;179;;REGULATION;;;;https://www.epdk.gov.tr/Detay/DownloadDocument?id=3OvnJRzRuhI%3D;Ek-7 · 04-Endüstriyel Risk Yönetimi · ERY-36;2026-09-09;2024-09-08;Seviye 1
ERY-37;AILE-04;Endüstriyel Siber Güvenlik Risk Yönetimi;Risk değerlendirme sürecinde her bir endüstriyel siber güvenlik riskinin diğer kritik altyapılara olan etkisi de değerlendirilmelidir. (ulaşım, haberleşme, enerji, finans, su yönetimi, kritik kamu kurumları ve üretim vb.);180;;REGULATION;;;;https://www.epdk.gov.tr/Detay/DownloadDocument?id=3OvnJRzRuhI%3D;Ek-7 · 04-Endüstriyel Risk Yönetimi · ERY-37;2026-09-09;2024-09-08;Seviye 1
ERY-38;AILE-04;Endüstriyel Siber Güvenlik Risk Yönetimi;Risk yönetim süreci insan temelli riskleri de içermelidir. (Personel, operator, mühendis, KBS çalışanı, siber güvenlik çalışanı, üretici ve alt yüklenici çalışanları);181;;REGULATION;;;;https://www.epdk.gov.tr/Detay/DownloadDocument?id=3OvnJRzRuhI%3D;Ek-7 · 04-Endüstriyel Risk Yönetimi · ERY-38;2026-09-09;2024-09-08;Seviye 1
VKY-1;AILE-05;EKS Varlık Yönetimi;EKS (EKS ile etkileşimi olan KBS varlıklarını da içerecek şekilde) ve bilgi varlıkları için envanter oluşturulmalıdır. Envanter Yönetimi amaca özel olarak oluşturulmalıdır.;182;;REGULATION;;;;https://www.epdk.gov.tr/Detay/DownloadDocument?id=3OvnJRzRuhI%3D;Ek-7 · 05-Varlık ve Konfigürasyon · VKY-1;2026-09-09;2024-09-08;Seviye 1
VKY-2;AILE-05;EKS Varlık Yönetimi;Bu envanter, siber saldırı hedefi olabilecek her türlü bileşeni de içermelidir. (Yazıcı, IoT Cihazlar, kartlı geçiş sistemi vb.);183;;REGULATION;;;;https://www.epdk.gov.tr/Detay/DownloadDocument?id=3OvnJRzRuhI%3D;Ek-7 · 05-Varlık ve Konfigürasyon · VKY-2;2026-09-09;2024-09-08;Seviye 1
VKY-3;AILE-05;EKS Varlık Yönetimi;EKS (EKS ile etkileşimi olan KBS varlıklarını da içerecek şekilde) ve bilgi varlıkları envanteri, siber güvenlik süreçlerini destekleyen öznitelikler içermelidir. (Konum, varlık önceliği, işletim sistemi ve donanım yazılımı sürümleri vb.) Envanterdeki KBS ve EKS varlıklarına, bilgi varlıklarının fonksiyon ve görev önemine göre tanımlanmış CBDDO kriterlerini de göz önünde bulundurarak öncelik verilmelidir.;184;;REGULATION;;;;https://www.epdk.gov.tr/Detay/DownloadDocument?id=3OvnJRzRuhI%3D;Ek-7 · 05-Varlık ve Konfigürasyon · VKY-3;2026-09-09;2024-09-08;Seviye 1
VKY-4;AILE-05;EKS Varlık Yönetimi;EKS (EKS ile etkileşimi olan KBS varlıklarını da içerecek şekilde) ve bilgi varlıkları için oluşturulan envanter periyodik olarak ve sistem değişikliği durumunda güncellenmelidir.;185;;REGULATION;;;;https://www.epdk.gov.tr/Detay/DownloadDocument?id=3OvnJRzRuhI%3D;Ek-7 · 05-Varlık ve Konfigürasyon · VKY-4;2026-09-09;2024-09-08;Seviye 1
VKY-5;AILE-05;EKS Varlık Yönetimi;EKS (EKS ile etkileşimi olan KBS varlıklarını da içerecek şekilde) ve bilgi varlıkları envanteri, varlık kullanım ömrü (end-of-life) ve üretici desteğinin sonlanması (end-of-support) gibi bilgileri içermelidir.;186;;REGULATION;;;;https://www.epdk.gov.tr/Detay/DownloadDocument?id=3OvnJRzRuhI%3D;Ek-7 · 05-Varlık ve Konfigürasyon · VKY-5;2026-09-09;2024-09-08;Seviye 2
VKY-6;AILE-05;EKS Varlık Yönetimi;Envanterde kullanım ömrü sonuna gelmiş veya değişimi yapılacak olan KBS ve EKS varlıklarına ait veriler güvenli bir şekilde silinmelidir.;187;;REGULATION;;;;https://www.epdk.gov.tr/Detay/DownloadDocument?id=3OvnJRzRuhI%3D;Ek-7 · 05-Varlık ve Konfigürasyon · VKY-6;2026-09-09;2024-09-08;Seviye 1
VKY-7;AILE-05;Bilgi Varlığı Envanteri Yönetimi;Elektrik iletim prosesinin devamlılığı için önemli olan bilgi varlıklarının envanteri oluşturulmalıdır. (Bu bilgi varlıkları, SCADA analog komutlar, özel konfigürasyon parametreleri) Envanter yönetimi endüstriyel prosese özel olmalıdır.;188;;REGULATION;;;;https://www.epdk.gov.tr/Detay/DownloadDocument?id=3OvnJRzRuhI%3D;Ek-7 · 05-Varlık ve Konfigürasyon · VKY-7;2026-09-09;2024-09-08;Seviye 2
VKY-8;AILE-05;Varlık Konfigürasyon Yönetimi;Temel konfigürasyon mimarisi oluşturulmalıdır. Konfigürasyonlarda siber güvenlik açısından gerekli olan minimum isterler dokümante edilmelidir. (IP adresleri, parolalar, servis/port, kritik set değerleri vb.);189;;REGULATION;;;;https://www.epdk.gov.tr/Detay/DownloadDocument?id=3OvnJRzRuhI%3D;Ek-7 · 05-Varlık ve Konfigürasyon · VKY-8;2026-09-09;2024-09-08;Seviye 1
VKY-9;AILE-05;Varlık Konfigürasyon Yönetimi;Temel konfigürasyon mimarisi, varlıklara konfigürasyon dağıtımı ve geri yükleme süreçlerinde kullanılmalıdır.;190;;REGULATION;;;;https://www.epdk.gov.tr/Detay/DownloadDocument?id=3OvnJRzRuhI%3D;Ek-7 · 05-Varlık ve Konfigürasyon · VKY-9;2026-09-09;2024-09-08;Seviye 2
VKY-10;AILE-05;Varlık Konfigürasyon Yönetimi;Yeni gerçekleştirilen varlık konfigürasyonlarının, temel konfigürasyon mimarisine göre tutarlılıkları izlenmelidir.;191;;REGULATION;;;;https://www.epdk.gov.tr/Detay/DownloadDocument?id=3OvnJRzRuhI%3D;Ek-7 · 05-Varlık ve Konfigürasyon · VKY-10;2026-09-09;2024-09-08;Seviye 2
VKY-11;AILE-05;Varlık Konfigürasyon Yönetimi;Temel konfigürasyon mimarisi, periyodik olarak, sistem değişiklikleri ve siber güvenlik mimarisindeki değişikliklere göre gözden geçirilmeli ve güncellenmelidir.;192;;REGULATION;;;;https://www.epdk.gov.tr/Detay/DownloadDocument?id=3OvnJRzRuhI%3D;Ek-7 · 05-Varlık ve Konfigürasyon · VKY-11;2026-09-09;2024-09-08;Seviye 1
VKY-12;AILE-05;Varlık Değişikliklerinin Yönetimi;Varlıklarda yapılacak değişiklikler, uygulanmadan önce, kurum tarafından tanımlanmış ve dokümante edilmiş olan sistem etkisi ve siber güvenlik isterlerine göre değerlendirilmeli, test edilmeli ve onaylanmalıdır. Bu testler siber güvenlik gereksinimlerini karşılamalıdır. Değişikliklere ilişkin kayıtlar tutulmalıdır.;193;;REGULATION;;;;https://www.epdk.gov.tr/Detay/DownloadDocument?id=3OvnJRzRuhI%3D;Ek-7 · 05-Varlık ve Konfigürasyon · VKY-12;2026-09-09;2024-09-08;Seviye 1
VKY-13;AILE-05;Varlık Değişikliklerinin Yönetimi;Değişim yönetimi takibi, varlıkların tüm yaşam döngüsünü ele almalıdır. (Satın alma, dağıtım, operasyon, kullanımdan kaldırılması vb. );194;;REGULATION;;;;https://www.epdk.gov.tr/Detay/DownloadDocument?id=3OvnJRzRuhI%3D;Ek-7 · 05-Varlık ve Konfigürasyon · VKY-13;2026-09-09;2024-09-08;Seviye 1
VKY-14;AILE-05;Varlık Değişikliklerinin Yönetimi;Değişiklik kayıtları, varlıkların siber güvenlik gereksinimlerini etkileyen değişikliklerle ilgili bilgileri de içermelidir.;195;;REGULATION;;;;https://www.epdk.gov.tr/Detay/DownloadDocument?id=3OvnJRzRuhI%3D;Ek-7 · 05-Varlık ve Konfigürasyon · VKY-14;2026-09-09;2024-09-08;Seviye 1
VKY-15;AILE-05;Politika, Prosedür, Süreç;Varlık yönetim sürecinde dokümante edilmiş prosedürler oluşturulmalıdır. İlgili prosedüreler takip edilmeli ve sürdürülmelidir. Varlık yönetim sürecinde gerekli üst yönetim desteği sağlanmalıdır. Süreçten sorumlu personeller atanmalı ve gerekli yetkilendirilmeler yapılmalıdır. Varlık yönetim sürecinin etkinliği değerlendirilmeli ve izlenmelidir.;196;;REGULATION;;;;https://www.epdk.gov.tr/Detay/DownloadDocument?id=3OvnJRzRuhI%3D;Ek-7 · 05-Varlık ve Konfigürasyon · VKY-15;2026-09-09;2024-09-08;Seviye 1
KEY-1;AILE-06;Parola Yönetimi;Elektrik iletim şebekesi endüstriyel kontrol sistemlerinde (EKS) kullanılan operatör iş istasyonlarında, sunucularda, mühendislik iş istasyonlarında, uygulamalarda ve ağ cihazlarında tahmin edilebilir ya da basit kullanıcı adı/parola kullanılmamalıdır. Sistem tarafından karmaşık parola atamaları zorlanmalıdır.;197;;REGULATION;;;;https://www.epdk.gov.tr/Detay/DownloadDocument?id=3OvnJRzRuhI%3D;Ek-7 · 06-Kimlik ve Erişim Yönetimi · KEY-1;2026-09-09;2024-09-08;Seviye 2
KEY-2;AILE-06;Parola Yönetimi;Elektrik iletim şebekesi endüstriyel kontrol sistemlerinde (EKS) kullanılan operatör iş istasyonlarında, sunucularda, mühendislik iş istasyonlarında, uygulamalarda ve ağ cihazlarında alt yükleniciler tarafından farklı tesislerde aynı kullanıcı ve parola kullanılmamalıdır.;198;;REGULATION;;;;https://www.epdk.gov.tr/Detay/DownloadDocument?id=3OvnJRzRuhI%3D;Ek-7 · 06-Kimlik ve Erişim Yönetimi · KEY-2;2026-09-09;2024-09-08;Seviye 2
KEY-3;AILE-06;Erişim ve Yetki Yönetimi;Elektrik iletim şebekesi endüstriyel kontrol sistemlerinde (EKS) kullanılan bileşenlerde operatör yetkisi ve mühendislik yetkisi ayrıştırılmalıdır.;199;;REGULATION;;;;https://www.epdk.gov.tr/Detay/DownloadDocument?id=3OvnJRzRuhI%3D;Ek-7 · 06-Kimlik ve Erişim Yönetimi · KEY-3;2026-09-09;2024-09-08;Seviye 2
KEY-4;AILE-06;Erişim ve Yetki Yönetimi;Elektrik iletim şebekesi endüstriyel kontrol sistemi (EKS) uygulamalarında (SCADA) operatörlerin yaptıkları işlemlere göre yetki ayrıştırması yapılmalıdır.;200;;OPTIONAL;;;;https://www.epdk.gov.tr/Detay/DownloadDocument?id=3OvnJRzRuhI%3D;Ek-7 · 06-Kimlik ve Erişim Yönetimi · KEY-4;2026-09-09;2024-09-08;Ek kontrol
KEY-5;AILE-06;Erişim ve Yetki Yönetimi;Elektrik iletim şebekesi endüstriyel kontrol sistemi (EKS) uygulamalarına (SCADA) ait kullanıcı ve yetkilendirme dosyaları, kullanıcıların erişebildiği alanlarda saklanmamalıdır. Bu tür dosyalara erişimler kısıtlanmalıdır.;201;;REGULATION;;;;https://www.epdk.gov.tr/Detay/DownloadDocument?id=3OvnJRzRuhI%3D;Ek-7 · 06-Kimlik ve Erişim Yönetimi · KEY-5;2026-09-09;2024-09-08;Seviye 2
KEY-6;AILE-06;Erişim ve Yetki Yönetimi;Elektrik iletim şebekesi endüstriyel kontrol sisteminde (EKS) işletim sistemi kullanıcılarıyla endüstriyel uygulama (SCADA) kullanıcıları birbirinden ayrıştırılmalıdır.;202;;OPTIONAL;;;;https://www.epdk.gov.tr/Detay/DownloadDocument?id=3OvnJRzRuhI%3D;Ek-7 · 06-Kimlik ve Erişim Yönetimi · KEY-6;2026-09-09;2024-09-08;Ek kontrol
KEY-7;AILE-06;Hesap Yönetimi;Elektrik iletim şebekesi endüstriyel kontrol sistemi (EKS) operatör kullanıcılarına ait hesaplar tekil kullanıcı esasına göre oluşturulmalıdır.;203;;OPTIONAL;;;;https://www.epdk.gov.tr/Detay/DownloadDocument?id=3OvnJRzRuhI%3D;Ek-7 · 06-Kimlik ve Erişim Yönetimi · KEY-7;2026-09-09;2024-09-08;Ek kontrol
KEY-8;AILE-06;Hesap Yönetimi;Elektrik iletim şebekesi endüstriyel kontrol sistemi (EKS) bileşenlerine ait kullanıcı adı ve parolalar ilgili sistemden farklı bir dijital ortamda ya da fiziksel olarak saklanmamalıdır. (Dosya sunucusu, excel dosyaları, kağıt ve panolarda saklama vb.);204;;REGULATION;;;;https://www.epdk.gov.tr/Detay/DownloadDocument?id=3OvnJRzRuhI%3D;Ek-7 · 06-Kimlik ve Erişim Yönetimi · KEY-8;2026-09-09;2024-09-08;Seviye 1
KEY-9;AILE-06;Erişim ve Yetki Yönetimi;"Elektrik iletim şebekesi endüstriyel kontrol sisteminde (EKS) gerçekleştirilecek kontrol işlemleri (yüksek yetkili manevra vb.) için ikinci bir kimlik doğrulama mekanizması kurgulanmalı ya da söz konusu işlemler için ""izleme"" ve ""kontrol"" yetkileri ayrıştırılmalıdır.";205;;REGULATION;;;;https://www.epdk.gov.tr/Detay/DownloadDocument?id=3OvnJRzRuhI%3D;Ek-7 · 06-Kimlik ve Erişim Yönetimi · KEY-9;2026-09-09;2024-09-08;Seviye 2
KEY-10;AILE-06;Erişim ve Yetki Yönetimi;Elektrik iletim şebekesi endüstriyel kontrol sistemi (EKS) uygulamalarında (SCADA) mevcut kullanıcıdan farklı bir kullanıcı ya da yetkiye geçiş yapılırken parola doğrulaması yapılmalıdır.;206;;REGULATION;;;;https://www.epdk.gov.tr/Detay/DownloadDocument?id=3OvnJRzRuhI%3D;Ek-7 · 06-Kimlik ve Erişim Yönetimi · KEY-10;2026-09-09;2024-09-08;Seviye 2
KEY-11;AILE-06;Parola Yönetimi;Elektrik iletim şebekesi endüstriyel kontrol sistemi (EKS) uygulamalarına (SCADA) ait parola bilgileri tersine mühendislik ile elde edilemeyecek şekilde oluşturulmalıdır.;207;;REGULATION;;;;https://www.epdk.gov.tr/Detay/DownloadDocument?id=3OvnJRzRuhI%3D;Ek-7 · 06-Kimlik ve Erişim Yönetimi · KEY-11;2026-09-09;2024-09-08;Seviye 2
KEY-12;AILE-06;Parola Yönetimi;Elektrik iletim şebekesi endüstriyel kontrol sistemi (EKS) bileşenlerine uzaktan erişim için kullanılacak kullanıcı adı ve parolalar, endüstriyel bileşenlere ait kullanıcı adı ve parolalardan farklı olmalıdır.;208;;REGULATION;;;;https://www.epdk.gov.tr/Detay/DownloadDocument?id=3OvnJRzRuhI%3D;Ek-7 · 06-Kimlik ve Erişim Yönetimi · KEY-12;2026-09-09;2024-09-08;Seviye 2
KEY-13;AILE-06;Parola Yönetimi;KBS altyapılarında kullanılan ve elektrik iletim şebekesi endüstriyel kontrol sistemi (EKS) bileşenlerine entegrasyonu olan sistem ve uygulamalara ait kullanıcı adı ve parolalar, endüstriyel bileşenler üzerinde tanımlı kullanıcı adı ve parolalardan farklı olmalıdır.;209;;REGULATION;;;;https://www.epdk.gov.tr/Detay/DownloadDocument?id=3OvnJRzRuhI%3D;Ek-7 · 06-Kimlik ve Erişim Yönetimi · KEY-13;2026-09-09;2024-09-08;Seviye 2
KEY-14;AILE-06;Uzak Erişim Hesap Güvenliği;Elektrik iletim şebekesi endüstriyel kontrol sistemi (EKS) bileşenlerine uzaktan erişim sağlanması durumunda iki faktörlü kimlik doğrulama mekanizmaları devreye alınmalıdır.;210;;REGULATION;;;;https://www.epdk.gov.tr/Detay/DownloadDocument?id=3OvnJRzRuhI%3D;Ek-7 · 06-Kimlik ve Erişim Yönetimi · KEY-14;2026-09-09;2024-09-08;Seviye 2
KEY-15;AILE-06;Uzak Erişim Hesap Güvenliği;Elektrik iletim şebekesi endüstriyel kontrol sistemi (EKS) bileşenlerine uzaktan erişim sağlanması durumunda uzak erişim sağlayan her bir kullanıcıya özel kullanıcı adı ve parola bilgisi atanmalıdır.;211;;REGULATION;;;;https://www.epdk.gov.tr/Detay/DownloadDocument?id=3OvnJRzRuhI%3D;Ek-7 · 06-Kimlik ve Erişim Yönetimi · KEY-15;2026-09-09;2024-09-08;Seviye 2
KEY-16;AILE-06;Uzak Erişim Hesap Güvenliği;Elektrik iletim şebekesi endüstriyel kontrol sistemi (EKS) bileşenlerine uzaktan erişim için kullanılacak hesaplar geçici süre ile oluşturulmalıdır.;212;;REGULATION;;;;https://www.epdk.gov.tr/Detay/DownloadDocument?id=3OvnJRzRuhI%3D;Ek-7 · 06-Kimlik ve Erişim Yönetimi · KEY-16;2026-09-09;2024-09-08;Seviye 2
KEY-17;AILE-06;Uzak Erişim Hesap Güvenliği;Elektrik iletim şebekesi endüstriyel kontrol sistemi (EKS) bileşenlerine uzaktan erişim sağlanması durumunda erişime ilişkin tüm kayıtlar saklanmalıdır. (Erişim talebi, erişim onayı, erişim sırasında oluşan sistem kayıtları vb.);213;;REGULATION;;;;https://www.epdk.gov.tr/Detay/DownloadDocument?id=3OvnJRzRuhI%3D;Ek-7 · 06-Kimlik ve Erişim Yönetimi · KEY-17;2026-09-09;2024-09-08;Seviye 2
KEY-18;AILE-06;Uzak Erişim Hesap Güvenliği;Elektrik iletim şebekesi endüstriyel kontrol sistemi (EKS) bileşenlerine uzaktan erişim için bir atlama noktası (jump box) kullanılıyorsa ilgili bileşen üzerinde bulunan hesapların ele geçirilmesini önlemek amacıyla gerekli sıkılaştırmalar devreye alınmalıdır.;214;;REGULATION;;;;https://www.epdk.gov.tr/Detay/DownloadDocument?id=3OvnJRzRuhI%3D;Ek-7 · 06-Kimlik ve Erişim Yönetimi · KEY-18;2026-09-09;2024-09-08;Seviye 2
KEY-19;AILE-06;Uzak Erişim Hesap Güvenliği;Elektrik iletim şebekesi endüstriyel kontrol sistemi (EKS) bileşenlerine uzaktan erişim sağlanması durumunda, uzak erişimin sadece izin verilen bileşen ve sisteme yapılmasını garanti altına alacak ağ ve sistem tabanlı erişim kısıtlamaları uygulanmalıdır.;215;;REGULATION;;;;https://www.epdk.gov.tr/Detay/DownloadDocument?id=3OvnJRzRuhI%3D;Ek-7 · 06-Kimlik ve Erişim Yönetimi · KEY-19;2026-09-09;2024-09-08;Seviye 2
OYS-1;AILE-07;Olay Müdahale ve Cevap Verme;Olay müdahale politika ve prosedürleri, elektrik iletim şebekesi endüstriyel kontrol sistemlerini (EKS) kapsayacak şekilde hazırlanmalıdır.;216;;REGULATION;;;;https://www.epdk.gov.tr/Detay/DownloadDocument?id=3OvnJRzRuhI%3D;Ek-7 · 07 Olay-Yönetimi ve Süreklilik · OYS-1;2026-09-09;2024-09-08;Seviye 1
OYS-2;AILE-07;Olay Müdahale ve Cevap Verme;Kurumsal SOME rehberinde adreslendiği şekilde kurum içi rol ve sorumluluklara uygun olarak olay müdahale eğitimleri alınmalıdır.;217;;REGULATION;;;;https://www.epdk.gov.tr/Detay/DownloadDocument?id=3OvnJRzRuhI%3D;Ek-7 · 07 Olay-Yönetimi ve Süreklilik · OYS-2;2026-09-09;2024-09-08;Seviye 1
OYS-3;AILE-07;Olay Müdahale ve Cevap Verme;Olay müdahale eğitimleri siber güvenlik kaynaklı olarak oluşabilecek kriz yönetimini de içermelidir.;218;;REGULATION;;;;https://www.epdk.gov.tr/Detay/DownloadDocument?id=3OvnJRzRuhI%3D;Ek-7 · 07 Olay-Yönetimi ve Süreklilik · OYS-3;2026-09-09;2024-09-08;Seviye 1
OYS-4;AILE-07;Olay Müdahale ve Cevap Verme;"Olay müdahale eğitimleri elektrik iletim şebekesi endüstriyel kontrol sistemlerinde (EKS) siber güvenlik kaynaklı olarak oluşabilecek ""görünürlük kaybı"" ve ""kontrol kaybı"" etkilerine sahip senaryoları içermelidir.";219;;REGULATION;;;;https://www.epdk.gov.tr/Detay/DownloadDocument?id=3OvnJRzRuhI%3D;Ek-7 · 07 Olay-Yönetimi ve Süreklilik · OYS-4;2026-09-09;2024-09-08;Seviye 1
OYS-5;AILE-07;Olay Müdahale ve Cevap Verme;Kuruluş, olay müdahale testleri kapsamında, kendi yetkinliklerini belirli periyotlarla simülasyonlar aracılığı ile test etmelidir.;220;;REGULATION;;;;https://www.epdk.gov.tr/Detay/DownloadDocument?id=3OvnJRzRuhI%3D;Ek-7 · 07 Olay-Yönetimi ve Süreklilik · OYS-5;2026-09-09;2024-09-08;Seviye 2
OYS-6;AILE-07;Olay Müdahale ve Cevap Verme;Olay müdahale testleri kapsamında performans ölçümleri gerçekleştirilmelidir. (Ekip performansı, sistem yeterlilikleri, testlerin uygunluğu, birimler arası koordinasyon yeteneği vb.);221;;REGULATION;;;;https://www.epdk.gov.tr/Detay/DownloadDocument?id=3OvnJRzRuhI%3D;Ek-7 · 07 Olay-Yönetimi ve Süreklilik · OYS-6;2026-09-09;2024-09-08;Seviye 2
OYS-7;AILE-07;Olay Müdahale ve Cevap Verme;Olay müdahale için gerekli yöntemler tanımlanmalı ve uygulanmalıdır. (Log toplama, ağ trafiği toplama, adli bilişim verisi toplama vb.);222;;REGULATION;;;;https://www.epdk.gov.tr/Detay/DownloadDocument?id=3OvnJRzRuhI%3D;Ek-7 · 07 Olay-Yönetimi ve Süreklilik · OYS-7;2026-09-09;2024-09-08;Seviye 2
OYS-8;AILE-07;Olay Müdahale ve Cevap Verme;Olay müdahale kapsamında olaylara otomatik cevap verme süreçleri tanımlanmalıdır. (Route ekleme çıkarma, kural ekleme çıkarma vb.);223;;OPTIONAL;;;;https://www.epdk.gov.tr/Detay/DownloadDocument?id=3OvnJRzRuhI%3D;Ek-7 · 07 Olay-Yönetimi ve Süreklilik · OYS-8;2026-09-09;2024-09-08;Ek kontrol
OYS-9;AILE-07;Olay Müdahale ve Cevap Verme;Olay müdahale kapsamında, endüstriyel operasyonların sürekliliğine ilişkin senaryolar tanımlanmalıdır. (Manuel operasyona geçiş, yedek kontol merkezine geçiş vb.);224;;REGULATION;;;;https://www.epdk.gov.tr/Detay/DownloadDocument?id=3OvnJRzRuhI%3D;Ek-7 · 07 Olay-Yönetimi ve Süreklilik · OYS-9;2026-09-09;2024-09-08;Seviye 1
OYS-10;AILE-07;Olay Müdahale ve Cevap Verme;Olay müdahale yaklaşımı iç tehditlerin (çalışanlar, ağa erişim yetkisi olan alt yükleniciler ve üreticiler vb.) tespitini içerecek şekilde tasarlanmalıdır.;225;;REGULATION;;;;https://www.epdk.gov.tr/Detay/DownloadDocument?id=3OvnJRzRuhI%3D;Ek-7 · 07 Olay-Yönetimi ve Süreklilik · OYS-10;2026-09-09;2024-09-08;Seviye 2
OYS-11;AILE-07;Olay Müdahale ve Cevap Verme;Olay müdahale kapsamında, kurum içi birimlerin koordinasyonu tanımlanmalıdır. (İK, İşletme Birimleri, Hukuk vb.) Her bir olay için bilgi verilen, raporlanan, sorumlu kişi/birim şeklinde sınıflandırmalar yapılmalıdır.;226;;REGULATION;;;;https://www.epdk.gov.tr/Detay/DownloadDocument?id=3OvnJRzRuhI%3D;Ek-7 · 07 Olay-Yönetimi ve Süreklilik · OYS-11;2026-09-09;2024-09-08;Seviye 1
OYS-12;AILE-07;Olay Müdahale ve Cevap Verme;Olay müdahale ve sonrasında, kurum dışı otoritelerle iletişim ve koordinasyon gereklilikleri tanımlanmalıdır.;227;;REGULATION;;;;https://www.epdk.gov.tr/Detay/DownloadDocument?id=3OvnJRzRuhI%3D;Ek-7 · 07 Olay-Yönetimi ve Süreklilik · OYS-12;2026-09-09;2024-09-08;Seviye 1
OYS-13;AILE-07;Olay Müdahale ve Cevap Verme;Olay müdahale ve sonrasında, gerek duyulması halinde kuruluşa hizmet veren alt yüklenici ve üreticilerle gerçekleştirilecek koordinasyon süreci tanımlanmalıdır.;228;;REGULATION;;;;https://www.epdk.gov.tr/Detay/DownloadDocument?id=3OvnJRzRuhI%3D;Ek-7 · 07 Olay-Yönetimi ve Süreklilik · OYS-13;2026-09-09;2024-09-08;Seviye 1
OYS-14;AILE-07;Olay Müdahale ve Cevap Verme;Olay müdahale ekibi, Kurumsal SOME yönergeleri kapsamında oluşturulmalıdır.;229;;REGULATION;;;;https://www.epdk.gov.tr/Detay/DownloadDocument?id=3OvnJRzRuhI%3D;Ek-7 · 07 Olay-Yönetimi ve Süreklilik · OYS-14;2026-09-09;2024-09-08;Seviye 1
OYS-15;AILE-07;Olay Müdahale ve Cevap Verme;Tüm olay müdahale süreçleri Kurumsal SOME Rehberine uyumlu olmalıdır.;230;;REGULATION;;;;https://www.epdk.gov.tr/Detay/DownloadDocument?id=3OvnJRzRuhI%3D;Ek-7 · 07 Olay-Yönetimi ve Süreklilik · OYS-15;2026-09-09;2024-09-08;Seviye 1
OYS-16;AILE-07;Olay Müdahale ve Cevap Verme;Olay müdahale süreçleri, zararlı yazılım analizi ve adli bilişim analizini kapsamalıdır.;231;;REGULATION;;;;https://www.epdk.gov.tr/Detay/DownloadDocument?id=3OvnJRzRuhI%3D;Ek-7 · 07 Olay-Yönetimi ve Süreklilik · OYS-16;2026-09-09;2024-09-08;Seviye 1
OYS-17;AILE-07;Olay Müdahale ve Cevap Verme;Olay müdahale kapsamında, kurum anormal durum tespit yeteneklerine sahip olmalıdır. Kurumlar bunu sağlamak için istemci/sunucu, uygulama veya ağ tabanlı bir çözüm kullanabilir.;232;;REGULATION;;;;https://www.epdk.gov.tr/Detay/DownloadDocument?id=3OvnJRzRuhI%3D;Ek-7 · 07 Olay-Yönetimi ve Süreklilik · OYS-17;2026-09-09;2024-09-08;Seviye 2
OYS-18;AILE-07;Olay Müdahale ve Cevap Verme;Olay müdahale süreçleri, medya ve diğer kritik altyapılarla olan iletişimlerini içermelidir.;233;;REGULATION;;;;https://www.epdk.gov.tr/Detay/DownloadDocument?id=3OvnJRzRuhI%3D;Ek-7 · 07 Olay-Yönetimi ve Süreklilik · OYS-18;2026-09-09;2024-09-08;Seviye 1
OYS-19;AILE-07;Olay Müdahale ve Cevap Verme;Olay yönetimi süreci, elektrik iletim operasyonlarına özel endüstriyel proses, varlık ve ekipmanlara uyumlu şekilde tanımlanmalıdır.;234;;REGULATION;;;;https://www.epdk.gov.tr/Detay/DownloadDocument?id=3OvnJRzRuhI%3D;Ek-7 · 07 Olay-Yönetimi ve Süreklilik · OYS-19;2026-09-09;2024-09-08;Seviye 1
OYS-20;AILE-07;Olay İzleme;Olay izleme süreçleri endüstriyel kontrol sistemleri (EKS) için de devreye alınmalıdır.;235;;REGULATION;;;;https://www.epdk.gov.tr/Detay/DownloadDocument?id=3OvnJRzRuhI%3D;Ek-7 · 07 Olay-Yönetimi ve Süreklilik · OYS-20;2026-09-09;2024-09-08;Seviye 2
OYS-21;AILE-07;Olay Raporlama;Olay raporlama süreçleri Kurumsal SOME rehberine uyumlu olmalıdır.;236;;REGULATION;;;;https://www.epdk.gov.tr/Detay/DownloadDocument?id=3OvnJRzRuhI%3D;Ek-7 · 07 Olay-Yönetimi ve Süreklilik · OYS-21;2026-09-09;2024-09-08;Seviye 1
OYS-22;AILE-07;Olay Raporlama;Olay raporlama süreçleri, olayın yaşanmasına neden olan zafiyetlerin bilgisini içermelidir.;237;;REGULATION;;;;https://www.epdk.gov.tr/Detay/DownloadDocument?id=3OvnJRzRuhI%3D;Ek-7 · 07 Olay-Yönetimi ve Süreklilik · OYS-22;2026-09-09;2024-09-08;Seviye 1
OYS-23;AILE-07;Olay Müdahale Planı;Kurum kendine özgü olay müdahale planlarını geliştirmelidir. Bu planlar en az aşağıdaki başlıkları içermelidir. - Olay müdahale organizasyonu (Roller ve görevler) - Olay tanımı (Olay sınıflandırma) - Raporlama (Olay bildirimi, analizi) - Kaynakların sağlanması - Bilgi paylaşımı (Kurum ve kurum dışı iletişim esasları) - Doküman yönetimi (Doküman güncelleme ve dağıtımı) - Kök neden analizi (Olayların kök neden analiz yöntemi ve raporlaması) - Olaylardan alınan dersler (lessons learned) ve olayların tekrarlanmasının engellenmesi - Olay müdahale simülasyonu ve başarı performans ölçümü;238;;REGULATION;;;;https://www.epdk.gov.tr/Detay/DownloadDocument?id=3OvnJRzRuhI%3D;Ek-7 · 07 Olay-Yönetimi ve Süreklilik · OYS-23;2026-09-09;2024-09-08;Seviye 1
OYS-24;AILE-07;Siber Güvenlik Olaylarını Tespit Etme;Tespit edilen olaylar belirli bir rol ya da kişiye atanmalıdır.;239;;REGULATION;;;;https://www.epdk.gov.tr/Detay/DownloadDocument?id=3OvnJRzRuhI%3D;Ek-7 · 07 Olay-Yönetimi ve Süreklilik · OYS-24;2026-09-09;2024-09-08;Seviye 1
OYS-25;AILE-07;Siber Güvenlik Olaylarını Tespit Etme;Olay tespiti için kriterler belirlenmelidir. (Olay tanımı, nereye bakılacağı vb.);240;;REGULATION;;;;https://www.epdk.gov.tr/Detay/DownloadDocument?id=3OvnJRzRuhI%3D;Ek-7 · 07 Olay-Yönetimi ve Süreklilik · OYS-25;2026-09-09;2024-09-08;Seviye 1
OYS-26;AILE-07;Endüstriyel Siber Güvenlik Log Yönetimi;Elektrik iletim şebekesi endüstriyel kontrol sistemi (EKS) bünyesindeki ana kontrol, yedek kontrol merkezleri ve yük tevzi merkezlerindeki ağ ve güvenlik cihazları log alma kapasitesine sahip olmalıdır.;241;;REGULATION;;;;https://www.epdk.gov.tr/Detay/DownloadDocument?id=3OvnJRzRuhI%3D;Ek-7 · 07 Olay-Yönetimi ve Süreklilik · OYS-26;2026-09-09;2024-09-08;Seviye 1
OYS-27;AILE-07;Endüstriyel Siber Güvenlik Log Yönetimi;Elektrik iletim şebekesi endüstriyel kontrol sistemi (EKS) bünyesindeki otomasyonlu trafo merkezlerindeki ağ ve güvenlik cihazları log alma kapasitesine sahip olmalıdır.;242;;REGULATION;;;;https://www.epdk.gov.tr/Detay/DownloadDocument?id=3OvnJRzRuhI%3D;Ek-7 · 07 Olay-Yönetimi ve Süreklilik · OYS-27;2026-09-09;2024-09-08;Seviye 3
OYS-28;AILE-07;Endüstriyel Siber Güvenlik Log Yönetimi;Elektrik iletim şebekesi endüstriyel kontrol sistemi (EKS) bünyesindeki ana kontrol, yedek kontrol merkezleri ve yük tevzi merkezlerindeki ağ ve güvenlik cihazları log yönlendirme kapasitesine sahip olmalıdır.;243;;REGULATION;;;;https://www.epdk.gov.tr/Detay/DownloadDocument?id=3OvnJRzRuhI%3D;Ek-7 · 07 Olay-Yönetimi ve Süreklilik · OYS-28;2026-09-09;2024-09-08;Seviye 2
OYS-29;AILE-07;Endüstriyel Siber Güvenlik Log Yönetimi;Elektrik iletim şebekesi endüstriyel kontrol sistemi (EKS) bünyesindeki otomasyonlu trafo merkezlerindeki ağ ve güvenlik cihazları log yönlendirme kapasitesine sahip olmalıdır.;244;;REGULATION;;;;https://www.epdk.gov.tr/Detay/DownloadDocument?id=3OvnJRzRuhI%3D;Ek-7 · 07 Olay-Yönetimi ve Süreklilik · OYS-29;2026-09-09;2024-09-08;Seviye 3
OYS-30;AILE-07;Endüstriyel Siber Güvenlik Log Yönetimi;Elektrik iletim şebekesi endüstriyel kontrol sistemi (EKS) bünyesindeki ana kontrol, yedek kontrol merkezleri ve yük tevzi merkezlerindeki ağ ve güvenlik cihazları log derecelendirme veya sınıflandırma kapasitesine sahip olmalıdır.;245;;REGULATION;;;;https://www.epdk.gov.tr/Detay/DownloadDocument?id=3OvnJRzRuhI%3D;Ek-7 · 07 Olay-Yönetimi ve Süreklilik · OYS-30;2026-09-09;2024-09-08;Seviye 2
OYS-31;AILE-07;Endüstriyel Siber Güvenlik Log Yönetimi;Elektrik iletim şebekesi endüstriyel kontrol sistemi (EKS) bünyesindeki otomasyonlu trafo merkezlerinde ağ ve güvenlik cihazları log derecelendirme veya sınıflandırma kapasitesine sahip olmalıdır.;246;;OPTIONAL;;;;https://www.epdk.gov.tr/Detay/DownloadDocument?id=3OvnJRzRuhI%3D;Ek-7 · 07 Olay-Yönetimi ve Süreklilik · OYS-31;2026-09-09;2024-09-08;Ek kontrol
OYS-32;AILE-07;Endüstriyel Siber Güvenlik Log Yönetimi;Elektrik iletim şebekesi endüstriyel kontrol sistemi (EKS) bünyesindeki ana kontrol, yedek kontrol merkezleri ve yük tevzi merkezlerindeki ağ ve güvenlik cihazlarına ilişkin loglar merkezi olarak toplanmalı, işlenmeli ve anlamlandırılmalıdır.;247;;REGULATION;;;;https://www.epdk.gov.tr/Detay/DownloadDocument?id=3OvnJRzRuhI%3D;Ek-7 · 07 Olay-Yönetimi ve Süreklilik · OYS-32;2026-09-09;2024-09-08;Seviye 2
OYS-33;AILE-07;Endüstriyel Siber Güvenlik Log Yönetimi;Elektrik iletim şebekesi endüstriyel kontrol sistemi (EKS) bünyesinde bulunan trafo merkezlerinde yerel kontrol sistemi (local SCADA) mevcutsa söz konusu trafo merkezindeki ağ cihazları log yönlendirme kapasitesine sahip olmalıdır.;248;;OPTIONAL;;;;https://www.epdk.gov.tr/Detay/DownloadDocument?id=3OvnJRzRuhI%3D;Ek-7 · 07 Olay-Yönetimi ve Süreklilik · OYS-33;2026-09-09;2024-09-08;Ek kontrol
OYS-34;AILE-07;Endüstriyel Siber Güvenlik Log Yönetimi;Elektrik iletim şebekesi endüstriyel kontrol sistemi (EKS) bünyesinde bulunan trafo merkezlerinde yerel kontrol sistemi (local SCADA) mevcutsa söz konusu trafo merkezindeki ağ cihazları log derecelendirme veya sınıflandırma kapasitesine sahip olmalıdır.;249;;OPTIONAL;;;;https://www.epdk.gov.tr/Detay/DownloadDocument?id=3OvnJRzRuhI%3D;Ek-7 · 07 Olay-Yönetimi ve Süreklilik · OYS-34;2026-09-09;2024-09-08;Ek kontrol
OYS-35;AILE-07;Endüstriyel Siber Güvenlik Log Yönetimi;Elektrik iletim şebekesi endüstriyel kontrol sistemi (EKS) bünyesinde bulunan trafo merkezlerinde yerel kontrol sistemi (local SCADA) mevcutsa söz konusu trafo merkezindeki ağ cihazlarına ilişkin log'lar merkezi olarak toplanmalı, işlenmeli ve anlamlandırılmalıdır.;250;;OPTIONAL;;;;https://www.epdk.gov.tr/Detay/DownloadDocument?id=3OvnJRzRuhI%3D;Ek-7 · 07 Olay-Yönetimi ve Süreklilik · OYS-35;2026-09-09;2024-09-08;Ek kontrol
OYS-36;AILE-07;Endüstriyel Siber Güvenlik Log Yönetimi;Elektrik iletim şebekesi endüstriyel kontrol sistemi (EKS) bünyesinde bulunan trafo merkezlerinde bulunan endüstriyel cihazlar (RTU, Röle, IED, Sayaçlar vb.) log tutma kapasitesine sahip olmalıdır.;251;;OPTIONAL;;;;https://www.epdk.gov.tr/Detay/DownloadDocument?id=3OvnJRzRuhI%3D;Ek-7 · 07 Olay-Yönetimi ve Süreklilik · OYS-36;2026-09-09;2024-09-08;Ek kontrol
OYS-37;AILE-07;Endüstriyel Siber Güvenlik Log Yönetimi;Elektrik iletim şebekesi endüstriyel kontrol sistemi (EKS) bünyesinde bulunan trafo merkezlerindeki endüstriyel cihazlar (RTU, Röle, IED, Sayaçlar vb.) log yönlendirme kapasitesine sahip olmalıdır.;252;;OPTIONAL;;;;https://www.epdk.gov.tr/Detay/DownloadDocument?id=3OvnJRzRuhI%3D;Ek-7 · 07 Olay-Yönetimi ve Süreklilik · OYS-37;2026-09-09;2024-09-08;Ek kontrol
OYS-38;AILE-07;Endüstriyel Siber Güvenlik Log Yönetimi;Elektrik iletim şebekesi endüstriyel kontrol sistemi (EKS) bünyesinde bulunan trafo merkezlerindeki endüstriyel cihazlar (RTU, Röle, IED, Sayaçlar vb.) log derecelendirme veya sınıflandırma kapasitesine sahip olmalıdır.;253;;OPTIONAL;;;;https://www.epdk.gov.tr/Detay/DownloadDocument?id=3OvnJRzRuhI%3D;Ek-7 · 07 Olay-Yönetimi ve Süreklilik · OYS-38;2026-09-09;2024-09-08;Ek kontrol
OYS-39;AILE-07;Endüstriyel Siber Güvenlik Log Yönetimi;Elektrik iletim şebekesi endüstriyel kontrol sistemi (EKS) bünyesinde bulunan trafo merkezlerindeki endüstriyel cihazlar (RTU, Röle, IED, Sayaçlar vb.) ilişkin loglar merkezi olarak toplanmalı, işlenmeli ve anlamlandırılmalıdır.;254;;OPTIONAL;;;;https://www.epdk.gov.tr/Detay/DownloadDocument?id=3OvnJRzRuhI%3D;Ek-7 · 07 Olay-Yönetimi ve Süreklilik · OYS-39;2026-09-09;2024-09-08;Ek kontrol
OYS-40;AILE-07;Endüstriyel Siber Güvenlik Log Yönetimi;Elektrik iletim şebekesi endüstriyel kontrol sistemi (EKS) bünyesinde ana kontrol, yedek kontrol ve yük tevzi merkezlerinde bulunan yazılım ve uygulamalar (SCADA yazılımları, veri toplama yazılımları, sayaç yönetim uygulamaları vb.) log alma kapasitesine sahip olmalıdır.;255;;REGULATION;;;;https://www.epdk.gov.tr/Detay/DownloadDocument?id=3OvnJRzRuhI%3D;Ek-7 · 07 Olay-Yönetimi ve Süreklilik · OYS-40;2026-09-09;2024-09-08;Seviye 2
OYS-41;AILE-07;Endüstriyel Siber Güvenlik Log Yönetimi;Elektrik iletim şebekesi endüstriyel kontrol sistemi (EKS) bünyesinde trafo merkezlerinde yerel kontrol sistemi (local SCADA) mevcutsa SCADA uygulamaları log alma kapasitesine sahip olmalıdır.;256;;REGULATION;;;;https://www.epdk.gov.tr/Detay/DownloadDocument?id=3OvnJRzRuhI%3D;Ek-7 · 07 Olay-Yönetimi ve Süreklilik · OYS-41;2026-09-09;2024-09-08;Seviye 3
OYS-42;AILE-07;Endüstriyel Siber Güvenlik Log Yönetimi;Elektrik iletim şebekesi endüstriyel kontrol sistemi (EKS) bünyesinde ana kontrol, yedek kontrol ve yük tevzi merkezlerinde bulunan yazılım ve uygulamalar (SCADA yazılımları, veri toplama yazılımları, sayaç yönetim uygulamaları vb.) log yönlendirme kapasitesine sahip olmalıdır.;257;;REGULATION;;;;https://www.epdk.gov.tr/Detay/DownloadDocument?id=3OvnJRzRuhI%3D;Ek-7 · 07 Olay-Yönetimi ve Süreklilik · OYS-42;2026-09-09;2024-09-08;Seviye 2
OYS-43;AILE-07;Endüstriyel Siber Güvenlik Log Yönetimi;Elektrik iletim şebekesi endüstriyel kontrol sistemi (EKS) bünyesinde trafo merkezlerinde yerel kontrol sistemi (local SCADA) mevcutsa SCADA uygulamaları log yönlendirme kapasitesine sahip olmalıdır.;258;;REGULATION;;;;https://www.epdk.gov.tr/Detay/DownloadDocument?id=3OvnJRzRuhI%3D;Ek-7 · 07 Olay-Yönetimi ve Süreklilik · OYS-43;2026-09-09;2024-09-08;Seviye 3
OYS-44;AILE-07;Endüstriyel Siber Güvenlik Log Yönetimi;Elektrik iletim şebekesi endüstriyel kontrol sistemi (EKS) ana kontrol, yedek kontrol ve yük tevzi merkezlerinde bulunan yazılım ve uygulamalar (SCADA yazılımları, veri toplama yazılımları, sayaç yönetim uygulamaları vb.) log derecelendirme veya sınıflandırma kapasitesine sahip olmalıdır.;259;;REGULATION;;;;https://www.epdk.gov.tr/Detay/DownloadDocument?id=3OvnJRzRuhI%3D;Ek-7 · 07 Olay-Yönetimi ve Süreklilik · OYS-44;2026-09-09;2024-09-08;Seviye 2
OYS-45;AILE-07;Endüstriyel Siber Güvenlik Log Yönetimi;Elektrik iletim şebekesi endüstriyel kontrol sistemi (EKS) bünyesinde trafo merkezlerinde yerel kontrol sistemi (local SCADA) mevcutsa SCADA uygulamaları log derecelendirme veya sınıflandırma kapasitesine sahip olmalıdır.;260;;REGULATION;;;;https://www.epdk.gov.tr/Detay/DownloadDocument?id=3OvnJRzRuhI%3D;Ek-7 · 07 Olay-Yönetimi ve Süreklilik · OYS-45;2026-09-09;2024-09-08;Seviye 3
OYS-46;AILE-07;Endüstriyel Siber Güvenlik Log Yönetimi;Elektrik iletim şebekesi endüstriyel kontrol sistemi (EKS) ana kontrol, yedek kontrol ve yük tevzi merkezlerinde bulunan yazılım ve uygulamalara (SCADA yazılımları, veri toplama yazılımları, sayaç yönetim uygulamaları vb.) ilişkin loglar merkezi olarak toplanmalı, işlenmeli ve anlamlandırılmalıdır.;261;;REGULATION;;;;https://www.epdk.gov.tr/Detay/DownloadDocument?id=3OvnJRzRuhI%3D;Ek-7 · 07 Olay-Yönetimi ve Süreklilik · OYS-46;2026-09-09;2024-09-08;Seviye 2
OYS-47;AILE-07;Endüstriyel Siber Güvenlik Log Yönetimi;Elektrik iletim şebekesi endüstriyel kontrol sistemlerinde (EKS) kullanılan akıllı sayaçlar log tutma, yönlendirme, derecelendirme ve sınıflandırma kapasitesine sahip olmalıdır.;262;;REGULATION;;;;https://www.epdk.gov.tr/Detay/DownloadDocument?id=3OvnJRzRuhI%3D;Ek-7 · 07 Olay-Yönetimi ve Süreklilik · OYS-47;2026-09-09;2024-09-08;Seviye 3
OYS-48;AILE-07;Endüstriyel Siber Güvenlik Log Yönetimi;Elektrik iletim şebekesi endüstriyel kontrol sistemlerinde (EKS) kullanılan akıllı sayaçlara ilişkin loglar merkezi olarak toplanmalı, işlenmeli ve anlamlandırılmalıdır.;263;;REGULATION;;;;https://www.epdk.gov.tr/Detay/DownloadDocument?id=3OvnJRzRuhI%3D;Ek-7 · 07 Olay-Yönetimi ve Süreklilik · OYS-48;2026-09-09;2024-09-08;Seviye 3
OYS-49;AILE-07;Endüstriyel Siber Güvenlik Log Yönetimi;Olay yönetimi gerçekleştirebilmek için kullanılan tüm log kaynakları aynı saat dilimi üzerinden senkronize edilmelidir.;264;;REGULATION;;;;https://www.epdk.gov.tr/Detay/DownloadDocument?id=3OvnJRzRuhI%3D;Ek-7 · 07 Olay-Yönetimi ve Süreklilik · OYS-49;2026-09-09;2024-09-08;Seviye 2
OYS-50;AILE-07;Endüstriyel Siber Güvenlik Log Yönetimi;Elektrik iletim şebekesi endüstriyel kontrol sistemlerinde (EKS) ana kontrol, yedek kontrol ve yük tevzi merkezlerinde bulunan istemci ve sunucularda aşağıdaki tipteki loglar tutulmalıdır. - İşletim sistemi logları - Bileşen üzerindeki güvenlik yazılımları logları (kötü amaçlı yazılım koruma uygulamaları, whitelisting uygulamaları) - Bileşen üzerinde bulunan diğer yazılımlara ilişkin loglar;265;;REGULATION;;;;https://www.epdk.gov.tr/Detay/DownloadDocument?id=3OvnJRzRuhI%3D;Ek-7 · 07 Olay-Yönetimi ve Süreklilik · OYS-50;2026-09-09;2024-09-08;Seviye 2
OYS-51;AILE-07;Endüstriyel Siber Güvenlik Log Yönetimi;Elektrik iletim şebekesi endüstriyel kontrol sistemlerinde (EKS) otomasyonlu trafo merkezlerinde bulunan istemci ve sunucularda aşağıdaki tipteki loglar tutulmalıdır. - İşletim sistemi logları - Bileşen üzerindeki güvenlik yazılımları logları (kötü amaçlı yazılım koruma uygulamaları, whitelisting uygulamaları) - Bileşen üzerinde bulunan diğer yazılımlara ilişkin loglar;266;;REGULATION;;;;https://www.epdk.gov.tr/Detay/DownloadDocument?id=3OvnJRzRuhI%3D;Ek-7 · 07 Olay-Yönetimi ve Süreklilik · OYS-51;2026-09-09;2024-09-08;Seviye 3
OYS-52;AILE-07;Endüstriyel Siber Güvenlik Log Yönetimi;Elektrik iletim şebekesi endüstriyel kontrol sistemlerinde (EKS) ana kontrol, yedek kontrol ve yük tevzi merkezlerinde bulunan istemci ve sunucular log yönlendirme kapasitesine sahip olmalıdır.;267;;REGULATION;;;;https://www.epdk.gov.tr/Detay/DownloadDocument?id=3OvnJRzRuhI%3D;Ek-7 · 07 Olay-Yönetimi ve Süreklilik · OYS-52;2026-09-09;2024-09-08;Seviye 2
OYS-53;AILE-07;Endüstriyel Siber Güvenlik Log Yönetimi;Elektrik iletim şebekesi endüstriyel kontrol sistemlerinde (EKS) otomasyonlu trafo merkezlerinde bulunan istemci ve sunucular log yönlendirme kapasitesine sahip olmalıdır.;268;;OPTIONAL;;;;https://www.epdk.gov.tr/Detay/DownloadDocument?id=3OvnJRzRuhI%3D;Ek-7 · 07 Olay-Yönetimi ve Süreklilik · OYS-53;2026-09-09;2024-09-08;Ek kontrol
OYS-54;AILE-07;Endüstriyel Siber Güvenlik Log Yönetimi;Elektrik iletim şebekesi endüstriyel kontrol sistemlerinde (EKS) ana kontrol, yedek kontrol ve yük tevzi merkezlerinde bulunan istemci ve sunucular log derecelendirme ve sınıflandırma kapasitesine sahip olmalıdır.;269;;REGULATION;;;;https://www.epdk.gov.tr/Detay/DownloadDocument?id=3OvnJRzRuhI%3D;Ek-7 · 07 Olay-Yönetimi ve Süreklilik · OYS-54;2026-09-09;2024-09-08;Seviye 2
OYS-55;AILE-07;Endüstriyel Siber Güvenlik Log Yönetimi;Elektrik iletim şebekesi endüstriyel kontrol sistemlerinde (EKS) trafo merkezlerinde bulunan istemci ve sunucular log derecelendirme ve sınıflandırma kapasitesine sahip olmalıdır.;270;;OPTIONAL;;;;https://www.epdk.gov.tr/Detay/DownloadDocument?id=3OvnJRzRuhI%3D;Ek-7 · 07 Olay-Yönetimi ve Süreklilik · OYS-55;2026-09-09;2024-09-08;Ek kontrol
OYS-56;AILE-07;Endüstriyel Siber Güvenlik Log Yönetimi;Elektrik iletim şebekesi endüstriyel kontrol sistemlerinde (EKS) ana kontrol, yedek kontrol ve yük tevzi merkezlerinde bulunan istemci ve sunucularda kayıt altına alınan loglar merkezi olarak toplanmalı, işlenmeli ve anlamlandırılmalıdır.;271;;REGULATION;;;;https://www.epdk.gov.tr/Detay/DownloadDocument?id=3OvnJRzRuhI%3D;Ek-7 · 07 Olay-Yönetimi ve Süreklilik · OYS-56;2026-09-09;2024-09-08;Seviye 2
OYS-57;AILE-07;Endüstriyel Siber Güvenlik Log Yönetimi;Elektrik iletim şebekesi endüstriyel kontrol sistemlerinde (EKS) trafo merkezlerinde bulunan istemci ve sunucularda kayıt altına alınan loglar merkezi olarak toplanmalı, işlenmeli ve anlamlandırılmalıdır.;272;;OPTIONAL;;;;https://www.epdk.gov.tr/Detay/DownloadDocument?id=3OvnJRzRuhI%3D;Ek-7 · 07 Olay-Yönetimi ve Süreklilik · OYS-57;2026-09-09;2024-09-08;Ek kontrol
OYS-58;AILE-07;Siber Güvenlik Olaylarını Tespit Etme;Olay tespit yetenekleri, tehdit, zafiyet ve risk yönetim süreçleri ile bütünleşik olmalıdır.;273;;REGULATION;;;;https://www.epdk.gov.tr/Detay/DownloadDocument?id=3OvnJRzRuhI%3D;Ek-7 · 07 Olay-Yönetimi ve Süreklilik · OYS-58;2026-09-09;2024-09-08;Seviye 2
OYS-59;AILE-07;Siber Güvenlik Olaylarını Analiz Etme ve Bildirme;Hangi olayların USOM'a bildirileceğine dair ilişkin kriter tanımlanmalıdır. (operasyonların etkilenmesi, hizmet verememe, endüstriyel operasyonlara etki ve etkilerin dereceleri vb.) Olay bildirim kriteri belirli periyotlarla gözden geçirilmeli ve gerekli durumlarda güncellenmelidir.;274;;REGULATION;;;;https://www.epdk.gov.tr/Detay/DownloadDocument?id=3OvnJRzRuhI%3D;Ek-7 · 07 Olay-Yönetimi ve Süreklilik · OYS-59;2026-09-09;2024-09-08;Seviye 1
OYS-60;AILE-07;Siber Güvenlik Olaylarını Analiz Etme ve Bildirme;Elektrik iletim şebekesi endüstriyel kontrol sistemlerinde (EKS) gerçekleşen siber güvenlik olay bildirimleri sürekli izlenerek ve analiz edilerek olay bildirim süreçlerinin iyileştirilebilmesi için girdi olarak kullanılmalıdır.;275;;REGULATION;;;;https://www.epdk.gov.tr/Detay/DownloadDocument?id=3OvnJRzRuhI%3D;Ek-7 · 07 Olay-Yönetimi ve Süreklilik · OYS-60;2026-09-09;2024-09-08;Seviye 2
OYS-61;AILE-07;Siber Güvenlik Olaylarını Analiz Etme ve Bildirme;Siber güvenlik bildirimlerinin siber güvenlik olayı olup olmadığına karar vermek için kriterler belirlenmelidir.;276;;REGULATION;;;;https://www.epdk.gov.tr/Detay/DownloadDocument?id=3OvnJRzRuhI%3D;Ek-7 · 07 Olay-Yönetimi ve Süreklilik · OYS-61;2026-09-09;2024-09-08;Seviye 1
OYS-62;AILE-07;Siber Güvenlik Olaylarını Analiz Etme ve Bildirme;Olayların yaşam döngüsü uçtan uca takip edilmelidir. (Kime atandığı, nasıl çözüldüğü, kimin çözdüğü vb.);277;;REGULATION;;;;https://www.epdk.gov.tr/Detay/DownloadDocument?id=3OvnJRzRuhI%3D;Ek-7 · 07 Olay-Yönetimi ve Süreklilik · OYS-62;2026-09-09;2024-09-08;Seviye 1
OYS-63;AILE-07;Olay Yönetiminde İş Sürekliliği;Belirli olay ve bildirimlerin yaşanması durumunda kullanılacak iş sürekliliği planları geliştirilmelidir. (Hizmet kesintisi, operasyonel arıza vb.);278;;REGULATION;;;;https://www.epdk.gov.tr/Detay/DownloadDocument?id=3OvnJRzRuhI%3D;Ek-7 · 07 Olay-Yönetimi ve Süreklilik · OYS-63;2026-09-09;2024-09-08;Seviye 1
OYS-64;AILE-07;Yedekleme ve Yedeklilik;Elektrik iletim şebekesi endüstriyel kontrol sistemlerinde (EKS) ana kontrol, yedek kontrol ve yük tevzi merkezlerinde tüm ağ ve güvenlik cihazlarının konfigürasyonları periyodik olarak alınmalı, güvenli şekilde saklanmalı ve periyodik geri dönüş testleri gerçekleştirilmelidir.;279;;REGULATION;;;;https://www.epdk.gov.tr/Detay/DownloadDocument?id=3OvnJRzRuhI%3D;Ek-7 · 07 Olay-Yönetimi ve Süreklilik · OYS-64;2026-09-09;2024-09-08;Seviye 2
OYS-65;AILE-07;Yedekleme ve Yedeklilik;Elektrik iletim şebekesi endüstriyel kontrol sistemlerinde (EKS) otomasyonlu trafo merkezlerinde tüm ağ ve güvenlik cihazlarının konfigürasyonları periyodik olarak alınmalı, güvenli şekilde saklanmalı ve periyodik geri dönüş testleri gerçekleştirilmelidir. (Yedeklilik prensibine göre tasarlanmış altyapılarda kuruluş kendi yedekleme politikalarını işletebilir.);280;;REGULATION;;;;https://www.epdk.gov.tr/Detay/DownloadDocument?id=3OvnJRzRuhI%3D;Ek-7 · 07 Olay-Yönetimi ve Süreklilik · OYS-65;2026-09-09;2024-09-08;Seviye 3
OYS-66;AILE-07;Yedekleme ve Yedeklilik;Elektrik iletim şebekesi endüstriyel kontrol sistemlerinde (EKS) ana kontrol, yedek kontrol ve yük tevzi merkezlerinde bulunan tüm endüstriyel ekipman, uygulama ve bileşenlerin lojik ve/veya konfigürasyonları periyodik olarak yedeklenmeli, yedekler güvenli şekilde saklanmalı ve periyodik geri dönüş testleri gerçekleştirilmelidir. (Yedeklilik prensibine göre tasarlanmış altyapılarda kuruluş kendi yedekleme politikalarını işletebilir.);281;;REGULATION;;;;https://www.epdk.gov.tr/Detay/DownloadDocument?id=3OvnJRzRuhI%3D;Ek-7 · 07 Olay-Yönetimi ve Süreklilik · OYS-66;2026-09-09;2024-09-08;Seviye 2
OYS-67;AILE-07;Yedekleme ve Yedeklilik;Elektrik iletim şebekesi endüstriyel kontrol sistemlerinde (EKS) trafo merkezlerinde bulunan tüm endüstriyel ekipman, uygulama ve bileşenlerin lojik ve/veya konfigürasyonları periyodik olarak yedeklenmeli, yedekler güvenli şekilde saklanmalı ve periyodik geri dönüş testleri gerçekleştirilmelidir. (Yedeklilik prensibine göre tasarlanmış altyapılarda kuruluş kendi yedekleme politikalarını işletebilir.);282;;REGULATION;;;;https://www.epdk.gov.tr/Detay/DownloadDocument?id=3OvnJRzRuhI%3D;Ek-7 · 07 Olay-Yönetimi ve Süreklilik · OYS-67;2026-09-09;2024-09-08;Seviye 3
OYS-68;AILE-07;Yedekleme ve Yedeklilik;Elektrik iletim şebekesi endüstriyel kontrol sistemlerinde (EKS) ana kontrol, yedek kontrol ve yük tevzi merkezlerinde bulunan istemci ve sunucuların imaj ve veri yedekleri periyodik olarak alınmalı, güvenli şekilde saklanmalı ve periyodik geri dönüş testleri gerçekleştirilmelidir. (Yedeklilik prensibine göre tasarlanmış altyapılarda kuruluş kendi yedekleme politikalarını işletebilir.);283;;REGULATION;;;;https://www.epdk.gov.tr/Detay/DownloadDocument?id=3OvnJRzRuhI%3D;Ek-7 · 07 Olay-Yönetimi ve Süreklilik · OYS-68;2026-09-09;2024-09-08;Seviye 2
OYS-69;AILE-07;Yedekleme ve Yedeklilik;Elektrik iletim şebekesi endüstriyel kontrol sistemlerinde (EKS) otomasyonlu trafo merkezlerinde bulunan istemci ve sunucuların imaj ve veri yedekleri periyodik olarak alınmalı, güvenli şekilde saklanmalı ve periyodik geri dönüş testleri gerçekleştirilmelidir. (Yedeklilik prensibine göre tasarlanmış altyapılarda kuruluş kendi yedekleme politikalarını işletebilir.);284;;REGULATION;;;;https://www.epdk.gov.tr/Detay/DownloadDocument?id=3OvnJRzRuhI%3D;Ek-7 · 07 Olay-Yönetimi ve Süreklilik · OYS-69;2026-09-09;2024-09-08;Seviye 3
OYS-70;AILE-07;Siber Güvenlik Olay Yönetimi ve İş Sürekliliği;Elektrik iletim şebekesi endüstriyel kontrol sistemlerinde (EKS) iş sürekliliği planları hazırlanırken olası olayların etkileri girdi olarak kullanılmalıdır. (Hizmet kesintisi, görüntü kaybı, kontrol kaybı, üretim kaybı vb.);285;;REGULATION;;;;https://www.epdk.gov.tr/Detay/DownloadDocument?id=3OvnJRzRuhI%3D;Ek-7 · 07 Olay-Yönetimi ve Süreklilik · OYS-70;2026-09-09;2024-09-08;Seviye 1
OYS-71;AILE-07;Siber Güvenlik Olay Yönetimi ve İş Sürekliliği;Elektrik iletim şebekesi endüstriyel kontrol sistemlerinde (EKS) operasyonların devamlılığı için gerekli olan varlık ve süreçler iş sürekliliği planına dahil edilmelidir.;286;;REGULATION;;;;https://www.epdk.gov.tr/Detay/DownloadDocument?id=3OvnJRzRuhI%3D;Ek-7 · 07 Olay-Yönetimi ve Süreklilik · OYS-71;2026-09-09;2024-09-08;Seviye 1
OYS-72;AILE-07;Siber Güvenlik Olay Yönetimi ve İş Sürekliliği;Hazırlanan süreklilik planları periyodik olarak test edilmeli ve gerekli durumlarda güncellenmelidir.;287;;REGULATION;;;;https://www.epdk.gov.tr/Detay/DownloadDocument?id=3OvnJRzRuhI%3D;Ek-7 · 07 Olay-Yönetimi ve Süreklilik · OYS-72;2026-09-09;2024-09-08;Seviye 1
OYS-73;AILE-07;Siber Güvenlik Olay Yönetimi ve İş Sürekliliği;Alınan veri, imaj konfigürasyon/lojik yedekleri orijinal veri güvenlik seviyesinde korunmalıdır.;288;;REGULATION;;;;https://www.epdk.gov.tr/Detay/DownloadDocument?id=3OvnJRzRuhI%3D;Ek-7 · 07 Olay-Yönetimi ve Süreklilik · OYS-73;2026-09-09;2024-09-08;Seviye 1
OYS-74;AILE-07;Siber Güvenlik Olay Yönetimi ve İş Sürekliliği;Alınan tüm yedekler, mantıksal ve fiziksel olarak orjinal verilerden ayrıştırılmalıdır.;289;;REGULATION;;;;https://www.epdk.gov.tr/Detay/DownloadDocument?id=3OvnJRzRuhI%3D;Ek-7 · 07 Olay-Yönetimi ve Süreklilik · OYS-74;2026-09-09;2024-09-08;Seviye 1
OYS-75;AILE-07;Siber Güvenlik Olay Yönetimi ve İş Sürekliliği;Operasyon açısından önem arz eden varlıklar için kurtarma süresi hedefleri (RTO) ve kurtarma noktası hedefleri (RPO) süreklilik planlarına dahil edilmelidir.;290;;REGULATION;;;;https://www.epdk.gov.tr/Detay/DownloadDocument?id=3OvnJRzRuhI%3D;Ek-7 · 07 Olay-Yönetimi ve Süreklilik · OYS-75;2026-09-09;2024-09-08;Seviye 1
OYS-76;AILE-07;Siber Güvenlik Olay Yönetimi ve İş Sürekliliği;Hazırlanan süreklilik planlarının ne zaman devreye alınacağına dair kriter tanımlanmalıdır.;291;;REGULATION;;;;https://www.epdk.gov.tr/Detay/DownloadDocument?id=3OvnJRzRuhI%3D;Ek-7 · 07 Olay-Yönetimi ve Süreklilik · OYS-76;2026-09-09;2024-09-08;Seviye 1
OYS-77;AILE-07;Siber Güvenlik Olay Yönetimi ve İş Sürekliliği;Hazırlanan süreklilik planı, tehdit, zafiyet ve risk yönetim süreçleri ile bütünleşik olarak işletilmelidir.;292;;REGULATION;;;;https://www.epdk.gov.tr/Detay/DownloadDocument?id=3OvnJRzRuhI%3D;Ek-7 · 07 Olay-Yönetimi ve Süreklilik · OYS-77;2026-09-09;2024-09-08;Seviye 1
OYS-78;AILE-07;Siber Güvenlik Olay Yönetimi ve İş Sürekliliği;Süreklilik planının testleri ya da icrası sonucu oluşan sonuçlar plan ile karşılaştırmalı gerekli durumlarda güncellenmelidir.;293;;REGULATION;;;;https://www.epdk.gov.tr/Detay/DownloadDocument?id=3OvnJRzRuhI%3D;Ek-7 · 07 Olay-Yönetimi ve Süreklilik · OYS-78;2026-09-09;2024-09-08;Seviye 1
OYS-79;AILE-07;Siber Güvenlik Olay Yönetimi ve İş Sürekliliği;Elektrik iletim şebeke işleticisi, ISO 22301 standardına sahip olmalıdır.;294;;OPTIONAL;;;;https://www.epdk.gov.tr/Detay/DownloadDocument?id=3OvnJRzRuhI%3D;Ek-7 · 07 Olay-Yönetimi ve Süreklilik · OYS-79;2026-09-09;2024-09-08;Ek kontrol
OYS-80;AILE-07;Yedekleme ve Yedeklilik;Elektrik iletim şebekesi endüstriyel kontrol sistemlerinde (EKS) endüstriyel operasyonun sürekliliği için önem arz eden tüm kritik bileşenler yedekli yapıda olmalıdır. (Ağ ve güvenlik cihazları, sunucular, mühendislik iş istasyonları, kritik endüstriyel ekipmanlar vb.);295;;REGULATION;;;;https://www.epdk.gov.tr/Detay/DownloadDocument?id=3OvnJRzRuhI%3D;Ek-7 · 07 Olay-Yönetimi ve Süreklilik · OYS-80;2026-09-09;2024-09-08;Seviye 2
OYS-81;AILE-07;Yedekleme ve Yedeklilik;Elektrik iletim şebekesi endüstriyel kontrol sistemlerinde (EKS) endüstriyel operasyonun sürekliliği için önem arz eden ağ bileşenleri için en az 1 adet olacak şekilde soğuk yedek (cold backup) tutulmalıdır. (Switch, router vb.);296;;REGULATION;;;;https://www.epdk.gov.tr/Detay/DownloadDocument?id=3OvnJRzRuhI%3D;Ek-7 · 07 Olay-Yönetimi ve Süreklilik · OYS-81;2026-09-09;2024-09-08;Seviye 3
OYS-82;AILE-07;Yedekleme ve Yedeklilik;Elektrik iletim şebekesi endüstriyel kontrol sistemlerinde (EKS) endüstriyel operasyonun sürekliliği için önem arz eden güvenlik bileşenleri için en az bir adet soğuk yedek tutulmalıdır. (Güvenlik duvarı, IPS vb.);297;;OPTIONAL;;;;https://www.epdk.gov.tr/Detay/DownloadDocument?id=3OvnJRzRuhI%3D;Ek-7 · 07 Olay-Yönetimi ve Süreklilik · OYS-82;2026-09-09;2024-09-08;Ek kontrol
OYS-83;AILE-07;Yedekleme ve Yedeklilik;Elektrik iletim şebekesi endüstriyel kontrol sistemlerinde (EKS) endüstriyel operasyonun sürekliliği için önem arz eden supervisory katmanda yer alan sunucu/istemci için en az bir adet soğuk yedek tutulmalıdır.;298;;OPTIONAL;;;;https://www.epdk.gov.tr/Detay/DownloadDocument?id=3OvnJRzRuhI%3D;Ek-7 · 07 Olay-Yönetimi ve Süreklilik · OYS-83;2026-09-09;2024-09-08;Ek kontrol
OYS-84;AILE-07;Acil Durum Yönetimi;"Kurum, kurumsal misyon, iş süreci veya sistem düzeyinde tanımlanan acil durum planlama politikası; amaç, kapsam, roller, sorumluluklar, yönetim desteği, kurumsal varlıklar arasındaki koordinasyon ve uyumluluğu ele almalıdır. Acil durum planlama politikası; kurumun diğer politika ve prosedürleri ile uyumlu olmalıdır.";299;;REGULATION;;;;https://www.epdk.gov.tr/Detay/DownloadDocument?id=3OvnJRzRuhI%3D;Ek-7 · 07 Olay-Yönetimi ve Süreklilik · OYS-84;2026-09-09;2024-09-08;Seviye 2
OYS-85;AILE-07;Acil Durum Yönetimi;Mevcut acil durum planı, politika ve prosedürleri Kurum tarafından tanımlanan olay veya zaman periyotlarına göre gözden geçirilmeli ve güncellenmelidir.;300;;REGULATION;;;;https://www.epdk.gov.tr/Detay/DownloadDocument?id=3OvnJRzRuhI%3D;Ek-7 · 07 Olay-Yönetimi ve Süreklilik · OYS-85;2026-09-09;2024-09-08;Seviye 2
OYS-86;AILE-07;Acil Durum Yönetimi;Acil durum planlarında ilgili kişi ve birimlerin iletişim bilgileri yer almalıdır.;301;;REGULATION;;;;https://www.epdk.gov.tr/Detay/DownloadDocument?id=3OvnJRzRuhI%3D;Ek-7 · 07 Olay-Yönetimi ve Süreklilik · OYS-86;2026-09-09;2024-09-08;Seviye 2
OYS-87;AILE-07;Acil Durum Yönetimi;Acil durum planları, bir sistem kesintisinde, siber saldırı veya arıza durumlarına rağmen işletmenin misyon ve fonksiyonlarını sürdürmeyi ele almalıdır.;302;;REGULATION;;;;https://www.epdk.gov.tr/Detay/DownloadDocument?id=3OvnJRzRuhI%3D;Ek-7 · 07 Olay-Yönetimi ve Süreklilik · OYS-87;2026-09-09;2024-09-08;Seviye 2
OYS-88;AILE-07;Acil Durum Yönetimi;Acil durum planı, yetkisiz ifşa ve içeriğinin değiştirilmesine karşı korunmalıdır.;303;;REGULATION;;;;https://www.epdk.gov.tr/Detay/DownloadDocument?id=3OvnJRzRuhI%3D;Ek-7 · 07 Olay-Yönetimi ve Süreklilik · OYS-88;2026-09-09;2024-09-08;Seviye 2
OYS-89;AILE-07;Acil Durum Yönetimi;Acil durum planı, normal operasyonlara dönüş planlarını içermelidir.;304;;REGULATION;;;;https://www.epdk.gov.tr/Detay/DownloadDocument?id=3OvnJRzRuhI%3D;Ek-7 · 07 Olay-Yönetimi ve Süreklilik · OYS-89;2026-09-09;2024-09-08;Seviye 2
OYS-90;AILE-07;Acil Durum Yönetimi;Acil durum gereksinimlerini sağlamak için acil durum planı, harici hizmet sağlayıcıların acil durum planlarıyla koordine edilmelidir.;305;;REGULATION;;;;https://www.epdk.gov.tr/Detay/DownloadDocument?id=3OvnJRzRuhI%3D;Ek-7 · 07 Olay-Yönetimi ve Süreklilik · OYS-90;2026-09-09;2024-09-08;Seviye 2
OYS-91;AILE-07;Acil Durum Yönetimi;Kriz durumlarında personelin etkin müdahalesini kolaylaştırmak için acil durum eğitimleri periyodik olarak düzenlenmelidir.;306;;REGULATION;;;;https://www.epdk.gov.tr/Detay/DownloadDocument?id=3OvnJRzRuhI%3D;Ek-7 · 07 Olay-Yönetimi ve Süreklilik · OYS-91;2026-09-09;2024-09-08;Seviye 2
OYS-92;AILE-07;Acil Durum Yönetimi;Acil durum planları, simülasyon ortamlarında ya da yedek/acil durum kontrol merkezinde test edilmelidir.;307;;REGULATION;;;;https://www.epdk.gov.tr/Detay/DownloadDocument?id=3OvnJRzRuhI%3D;Ek-7 · 07 Olay-Yönetimi ve Süreklilik · OYS-92;2026-09-09;2024-09-08;Seviye 2
OYS-93;AILE-07;Acil Durum Yönetimi;Acil durum planları, bölge çapında genel bir hizmet kesintisi veya felaket durumunda planların çalıştırılabilmesi için gerekli önlemleri içermelidir.;308;;REGULATION;;;;https://www.epdk.gov.tr/Detay/DownloadDocument?id=3OvnJRzRuhI%3D;Ek-7 · 07 Olay-Yönetimi ve Süreklilik · OYS-93;2026-09-09;2024-09-08;Seviye 2
OYS-94;AILE-07;Acil Durum Yönetimi;Süreklilik gereksinimlerine uygun olarak kritik hizmet sağlayıcılar yedeklenmelidir. (Telekom hizmetleri vb.);309;;REGULATION;;;;https://www.epdk.gov.tr/Detay/DownloadDocument?id=3OvnJRzRuhI%3D;Ek-7 · 07 Olay-Yönetimi ve Süreklilik · OYS-94;2026-09-09;2024-09-08;Seviye 2
OYS-95;AILE-07;Acil Durum Yönetimi;Kuruluşlar, hizmet sağlayıcılardan acil durum planlarını oluşturmalarını istemelidir. Hizmet sağlayıcıların acil durum planları periyodik olarak gözden geçirilmelidir.;310;;REGULATION;;;;https://www.epdk.gov.tr/Detay/DownloadDocument?id=3OvnJRzRuhI%3D;Ek-7 · 07 Olay-Yönetimi ve Süreklilik · OYS-95;2026-09-09;2024-09-08;Seviye 2
OYS-96;AILE-07;Acil Durum Yönetimi;Acil durum testleri kapsamında tüm yedeklilik senaryoları test edilmelidir.;311;;OPTIONAL;;;;https://www.epdk.gov.tr/Detay/DownloadDocument?id=3OvnJRzRuhI%3D;Ek-7 · 07 Olay-Yönetimi ve Süreklilik · OYS-96;2026-09-09;2024-09-08;Ek kontrol
ACG-1;AILE-08;Tedarik Zinciri Güvenliği;Elektrik iletim şebekesi akıllı sayaç yapısında yer alan tüm bileşenlerin ve iletişim cihazlarının bir envanteri oluşturulmalıdır.;312;;REGULATION;;;;https://www.epdk.gov.tr/Detay/DownloadDocument?id=3OvnJRzRuhI%3D;Ek-7 · 08-Akıllı Cihaz Güvenliği · ACG-1;2026-09-09;2024-09-08;Seviye 1
ACG-2;AILE-08;Tedarik Zinciri Güvenliği;"Elektrik iletim şebekesi akıllı sayaç mimarisinde yer alan tüm bileşenler ""Enerji Sektöründe Kullanılan Endüstriyel Kontrol Sistemleri İçin Güvenlik Analiz ve Test Usul ve Esasları""nın ilgili maddelerine uygun şekilde periyodik olarak güvenlik testlerine tabi tutulmalıdır.";313;;REGULATION;;;;https://www.epdk.gov.tr/Detay/DownloadDocument?id=3OvnJRzRuhI%3D;Ek-7 · 08-Akıllı Cihaz Güvenliği · ACG-2;2026-09-09;2024-09-08;Seviye 1
ACG-3;AILE-08;Tedarik Zinciri Güvenliği;Elektrik iletim şebekesi akıllı sayaç yapısında yer alan tüm bileşenler risk yönetim süreci içerisinde değerlendirilmelidir.;314;;REGULATION;;;;https://www.epdk.gov.tr/Detay/DownloadDocument?id=3OvnJRzRuhI%3D;Ek-7 · 08-Akıllı Cihaz Güvenliği · ACG-3;2026-09-09;2024-09-08;Seviye 1
ACG-4;AILE-08;Tedarik Zinciri Güvenliği;Elektrik iletim şebekesi akıllı sayaç yapısı içerisinde gömülü yazılıma (firmware) sahip bileşenler için güvenli yapılandırma kontrol listesi hazırlanmalı ve işletme için minimum güvenlik kontrolleri belirlenmelidir. (Örnek referans: https://www.opencompute.org/documents/csis-firmware-security-best-practices-position-paper-version-1-0-pdf);315;;REGULATION;;;;https://www.epdk.gov.tr/Detay/DownloadDocument?id=3OvnJRzRuhI%3D;Ek-7 · 08-Akıllı Cihaz Güvenliği · ACG-4;2026-09-09;2024-09-08;Seviye 2
ACG-5;AILE-08;Tedarik Zinciri Güvenliği;Elektrik iletim şebekesi akıllı sayaç yapısı içerisinde bulunan cihazlar üzerindeki debug arayüzleri (JTAG, SWD) müşteri ortamında devre dışı bırakılmalı veya uygun yetkilendirme yöntemleri ile aktif edilebilmelidir. (JTAG Enabling, SWD authentication vb.);316;;REGULATION;;;;https://www.epdk.gov.tr/Detay/DownloadDocument?id=3OvnJRzRuhI%3D;Ek-7 · 08-Akıllı Cihaz Güvenliği · ACG-5;2026-09-09;2024-09-08;Seviye 2
ACG-6;AILE-08;Tedarik Zinciri Güvenliği;Elektrik iletim şebekesi akıllı sayaç yapısı içerisinde bulunan cihazlarda code Integrity/kod bütünlük koruma mekanizmaları sahaya gönderilmeden önce devreye alınmalı ve bu durumun korunması sağlanmalıdır. (Bu kontroller mantıksal veya fiziksel olarak uygulanabilir.);317;;REGULATION;;;;https://www.epdk.gov.tr/Detay/DownloadDocument?id=3OvnJRzRuhI%3D;Ek-7 · 08-Akıllı Cihaz Güvenliği · ACG-6;2026-09-09;2024-09-08;Seviye 2
ACG-7;AILE-08;Tedarik Zinciri Güvenliği;Akıllı cihazlar üzerinde kritik parametrelerin saklanması, cihaz kimliğinin değiştirilemez şekilde eşsiz bir anahtar ile ayırt edilebilmesi ve trust anchor (Root of Trust) amacıyla SE (Secure Element), HSM (Hardware Security Module), TPM (Trusted Platform Module), TEE (Trusted Execution Environment - ARM Trustzone) gibi bileşenler akıllı cihaz tarafından kullanılmalıdır.;318;;OPTIONAL;;;;https://www.epdk.gov.tr/Detay/DownloadDocument?id=3OvnJRzRuhI%3D;Ek-7 · 08-Akıllı Cihaz Güvenliği · ACG-7;2026-09-09;2024-09-08;Ek kontrol
ACG-8;AILE-08;Tedarik Zinciri Güvenliği;Elektrik iletim şebekesi akıllı sayaç yapısında yer alan bileşenlerin üzerinde kullanılan üçüncü taraf kodlar statik kod analizi ile gözden geçirilmeli ve herhangi bir arka kapı (backdoor) olmadığı doğrulanmalıdır.;319;;OPTIONAL;;;;https://www.epdk.gov.tr/Detay/DownloadDocument?id=3OvnJRzRuhI%3D;Ek-7 · 08-Akıllı Cihaz Güvenliği · ACG-8;2026-09-09;2024-09-08;Ek kontrol
ACG-9;AILE-08;Tedarik Zinciri Güvenliği;Elektrik iletim şebekesi akıllı sayaç yapısında yer alan bileşenler merkezi bir noktadan güvenli bir şekilde güncellenme yeteneğine sahip olmalıdır. [Secure-FOTA (Firmware Over the Air Update) vb.] (Bu kontrol, altyapı yenileme projeleri sırasında ya da bu düzenleme yürürlüğe girdiği andan itibaren kurulacak olan altyapılarda aranacaktır. Genişleme projeleri kapsam dışı değerlendirilmelidir.);320;;REGULATION;;;;https://www.epdk.gov.tr/Detay/DownloadDocument?id=3OvnJRzRuhI%3D;Ek-7 · 08-Akıllı Cihaz Güvenliği · ACG-9;2026-09-09;2024-09-08;Seviye 2
ACG-10;AILE-08;Akıllı Sayaçlarda Log/Kayıt Yönetimi;Elektrik iletim şebekesi akıllı sayaç mimarisinde yer alan tüm bileşenler log toplama mekanizmalarını desteklemelidir. Başarılı, başarısız kullanıcı giriş denemeleri, debug fonksiyonlarına erişim denemeleri gibi aktiviteler kayıt altına alınmalıdır. Bunlara ek olarak akıllı cihazlar fiziksel saldırılara karşı da log üretebilmelidir. (Örneğin, kapak açılması, manyetik alan tespiti vb.);321;;REGULATION;;;;https://www.epdk.gov.tr/Detay/DownloadDocument?id=3OvnJRzRuhI%3D;Ek-7 · 08-Akıllı Cihaz Güvenliği · ACG-10;2026-09-09;2024-09-08;Seviye 2
ACG-11;AILE-08;Akıllı Sayaçlarda Log/Kayıt Yönetimi;Elektrik iletim şebekesi akıllı sayaç yapısında yer alan bileşenlerden alınan log kayıtları en az olay tipi, zaman damgası, kaynak, sonuç bilgilerini içermelidir.;322;;REGULATION;;;;https://www.epdk.gov.tr/Detay/DownloadDocument?id=3OvnJRzRuhI%3D;Ek-7 · 08-Akıllı Cihaz Güvenliği · ACG-11;2026-09-09;2024-09-08;Seviye 1
ACG-12;AILE-08;Akıllı Sayaçlarda Log/Kayıt Yönetimi;Elektrik iletim şebekesi akıllı sayaç yapısında yer alan bileşenler güvenilir bir zaman sunucusu üzerinden senkronize edilmelidir.;323;;REGULATION;;;;https://www.epdk.gov.tr/Detay/DownloadDocument?id=3OvnJRzRuhI%3D;Ek-7 · 08-Akıllı Cihaz Güvenliği · ACG-12;2026-09-09;2024-09-08;Seviye 1
ACG-13;AILE-08;Akıllı Sayaçlarda Log/Kayıt Yönetimi;Elektrik iletim şebekesi akıllı sayaç yapısında yer alan bileşenlerden alınan loglar üzerinde kritik/hassas bilgilerin olmadığı doğrulanmalıdır. (Kullanıcı bilgisi, kriptografik anahtarlar vb.);324;;REGULATION;;;;https://www.epdk.gov.tr/Detay/DownloadDocument?id=3OvnJRzRuhI%3D;Ek-7 · 08-Akıllı Cihaz Güvenliği · ACG-13;2026-09-09;2024-09-08;Seviye 1
ACG-14;AILE-08;Akıllı Sayaçlarda Log/Kayıt Yönetimi;Elektrik iletim şebekesi akıllı sayaç yapısında yer alan bileşenlerden alınan loglar, ilgili bileşenler üzerinde ve toplama noktalarında uygun güvenlik kontrolleri ile korunmalıdır. Logların bileşenler üzerinden merkezi noktaya aktarımında güvenli iletişim teknolojileri kullanılmalıdır. (Anlık ya da cihaz üzerinden);325;;REGULATION;;;;https://www.epdk.gov.tr/Detay/DownloadDocument?id=3OvnJRzRuhI%3D;Ek-7 · 08-Akıllı Cihaz Güvenliği · ACG-14;2026-09-09;2024-09-08;Seviye 1
ACG-15;AILE-08;Akıllı Sayaçlarda Log/Kayıt Yönetimi;Elektrik iletim şebekesi akıllı sayaç yapısında yer alan bileşenlerden alınan logların saklanmasına ilişkin süreler ilgili yasal düzenlemelere uygun olarak belirlenmelidir.;326;;REGULATION;;;;https://www.epdk.gov.tr/Detay/DownloadDocument?id=3OvnJRzRuhI%3D;Ek-7 · 08-Akıllı Cihaz Güvenliği · ACG-15;2026-09-09;2024-09-08;Seviye 1
ACG-16;AILE-08;Akıllı Sayaçlarda Yasal Uyumluluk;Elektrik iletim şebekesi akıllı sayaç yapısında kullanılan bileşenler üzerinde tutulan, işlenen ve saklanan tüm veriler için ilgili yasal düzenlemelere uygun hareket edilmelidir. (KVKK vb.);327;;REGULATION;;;;https://www.epdk.gov.tr/Detay/DownloadDocument?id=3OvnJRzRuhI%3D;Ek-7 · 08-Akıllı Cihaz Güvenliği · ACG-16;2026-09-09;2024-09-08;Seviye 1
ACG-17;AILE-08;Akıllı Sayaç Mimarisi;Elektrik iletim şebekesi akıllı sayaç yapısında kullanılan bileşenler üzerinde çalışan servisler belirlenmeli ve gereksiz olduğu değerlendirilen servisler devre dışı bırakılmalıdır.;328;;REGULATION;;;;https://www.epdk.gov.tr/Detay/DownloadDocument?id=3OvnJRzRuhI%3D;Ek-7 · 08-Akıllı Cihaz Güvenliği · ACG-17;2026-09-09;2024-09-08;Seviye 1
ACG-18;AILE-08;Akıllı Sayaç Mimarisi;Elektrik iletim şebekesi akıllı sayaç yapısına ilişkin risk analizi sürecinde tüm mimariye ilişkin saldırı vektörleri belirlenmeli ve uygun tehdit modelleme çalışmaları gerçekleştirilmelidir.;329;;REGULATION;;;;https://www.epdk.gov.tr/Detay/DownloadDocument?id=3OvnJRzRuhI%3D;Ek-7 · 08-Akıllı Cihaz Güvenliği · ACG-18;2026-09-09;2024-09-08;Seviye 1
ACG-19;AILE-08;Akıllı Sayaç Mimarisi;Elektrik iletim şebekesi akıllı sayaç yapısında kullanılan tüm iletişim kanalları ve protokoller belirlenmeli ve dokümante edilmelidir. (WAN, HAN vb.);330;;REGULATION;;;;https://www.epdk.gov.tr/Detay/DownloadDocument?id=3OvnJRzRuhI%3D;Ek-7 · 08-Akıllı Cihaz Güvenliği · ACG-19;2026-09-09;2024-09-08;Seviye 1
ACG-20;AILE-08;Akıllı Sayaç Mimarisi;Elektrik iletim şebekesi akıllı cihaz mimarisi uçtan uca belirlenmeli ve dokümante edilmelidir. Bu dokümantasyon kapsamında tüm bileşenler bir topoloji üzerinden gösterilmelidir.;331;;REGULATION;;;;https://www.epdk.gov.tr/Detay/DownloadDocument?id=3OvnJRzRuhI%3D;Ek-7 · 08-Akıllı Cihaz Güvenliği · ACG-20;2026-09-09;2024-09-08;Seviye 1
ACG-21;AILE-08;Akıllı Sayaçlarda Fiziksel Güvenlik;Elektrik iletim şebekesi akıllı sayaç yapısında kullanılan tüm cihazlar belirlenerek, bunların üzerindeki erişim arayüzleri (USB, PS2 vb.) fiziksel veya mantıksal güvenlik kontrolleri ile korunmalıdır. Kullanılmayan veya gereksiz olduğu değerlendirilen arayüzler devre dışı bırakılmalıdır.;332;;REGULATION;;;;https://www.epdk.gov.tr/Detay/DownloadDocument?id=3OvnJRzRuhI%3D;Ek-7 · 08-Akıllı Cihaz Güvenliği · ACG-21;2026-09-09;2024-09-08;Seviye 2
ACG-22;AILE-08;Akıllı Sayaçlarda Fiziksel Güvenlik;Elektrik iletim şebekesi akıllı sayaç yapısında kullanılan cihazlar üzerindeki debug portları ve CLI (Command Line Interface) erişimleri belirlenerek fiziksel veya mantıksal güvenlik kontrolleri ile korunmalıdır.;333;;REGULATION;;;;https://www.epdk.gov.tr/Detay/DownloadDocument?id=3OvnJRzRuhI%3D;Ek-7 · 08-Akıllı Cihaz Güvenliği · ACG-22;2026-09-09;2024-09-08;Seviye 2
ACG-23;AILE-08;Akıllı Sayaçlarda Fiziksel Güvenlik;Elektrik iletim şebekesi akıllı sayaç yapısı kapsamındaki kritik veriler HSM, SE, TPM içerisinde saklanmalıdır.;334;;OPTIONAL;;;;https://www.epdk.gov.tr/Detay/DownloadDocument?id=3OvnJRzRuhI%3D;Ek-7 · 08-Akıllı Cihaz Güvenliği · ACG-23;2026-09-09;2024-09-08;Ek kontrol
ACG-24;AILE-08;Akıllı Sayaçlarda Fiziksel Güvenlik;"Gömülü kod (firmware) snarfing'e karşı uygun güvenlik kontrolleri tanımlanmalı ve korunmalıdır. Bunu sağlamak adına FLASH ve EEPROM alanlarında şifreleme teknikleri uygulanmalıdır. Temel prensip olarak ""durağan veri (data at rest)"" güvenliğini sağlamak adına dosya sistemi veya depolama alanlarında şifreleme teknikleri uygulanmalıdır.";335;;OPTIONAL;;;;https://www.epdk.gov.tr/Detay/DownloadDocument?id=3OvnJRzRuhI%3D;Ek-7 · 08-Akıllı Cihaz Güvenliği · ACG-24;2026-09-09;2024-09-08;Ek kontrol
ACG-25;AILE-08;Akıllı Sayaçlarda Fiziksel Güvenlik;Elektrik iletim şebekesi akıllı sayaç yapısında kullanılan cihazların iletişim protokolleri/arayüzleri güvenli şekilde yapılandırılmalıdır. (UART, I2C, SPI vb.);336;;REGULATION;;;;https://www.epdk.gov.tr/Detay/DownloadDocument?id=3OvnJRzRuhI%3D;Ek-7 · 08-Akıllı Cihaz Güvenliği · ACG-25;2026-09-09;2024-09-08;Seviye 2
ACG-26;AILE-08;Akıllı Sayaçlarda Haberleşme Güvenliği;Elektrik iletim şebekesi akıllı sayaç yapısı içerisindeki WAN haberleşmeleri izole veya şifreli kanallar üzerinden gerçekleştirilmelidir.;337;;REGULATION;;;;https://www.epdk.gov.tr/Detay/DownloadDocument?id=3OvnJRzRuhI%3D;Ek-7 · 08-Akıllı Cihaz Güvenliği · ACG-26;2026-09-09;2024-09-08;Seviye 2
ACG-27;AILE-08;Akıllı Sayaçlarda Haberleşme Güvenliği;Elektrik iletim şebekesi akıllı sayaç protokolleri replay saldırılarına karşı dirençli olmalıdır. (Bu kontrol, altyapı yenileme projeleri sırasında ya da bu düzenleme yürürlüğe girdiği andan itibaren kurulacak olan altyapılarda aranacaktır. Genişleme projeleri kapsam dışı değerlendirilmelidir.);338;;REGULATION;;;;https://www.epdk.gov.tr/Detay/DownloadDocument?id=3OvnJRzRuhI%3D;Ek-7 · 08-Akıllı Cihaz Güvenliği · ACG-27;2026-09-09;2024-09-08;Seviye 2
ACG-28;AILE-08;Akıllı Sayaçlarda Haberleşme Güvenliği;Elektrik iletim şebekesi akıllı sayaç protokolleri araya girme saldırılarına karşı dirençli olmalıdır. (Bu kontrol, altyapı yenileme projeleri sırasında ya da bu düzenleme yürürlüğe girdiği andan itibaren kurulacak olan altyapılarda aranacaktır. Genişleme projeleri kapsam dışı değerlendirilmelidir.);339;;REGULATION;;;;https://www.epdk.gov.tr/Detay/DownloadDocument?id=3OvnJRzRuhI%3D;Ek-7 · 08-Akıllı Cihaz Güvenliği · ACG-28;2026-09-09;2024-09-08;Seviye 2
ACG-29;AILE-08;Akıllı Sayaçlarda Altyapı Güvenliği;Elektrik iletim şebekesi akıllı sayaç yapısı içerisinde hizmet eden sunucular izole bir ağ üzerinde konumlanmalıdır.;340;;REGULATION;;;;https://www.epdk.gov.tr/Detay/DownloadDocument?id=3OvnJRzRuhI%3D;Ek-7 · 08-Akıllı Cihaz Güvenliği · ACG-29;2026-09-09;2024-09-08;Seviye 2
ACG-30;AILE-08;Akıllı Sayaçlarda Altyapı Güvenliği;Elektrik iletim şebekesi akıllı sayaç yapısı içerisindeki izole sunucu ağlarına erişimler kısıtlanmalıdır. (Uzak erişim, üçüncü taraf, son kullanıcılar, diğer sunucular vb.);341;;REGULATION;;;;https://www.epdk.gov.tr/Detay/DownloadDocument?id=3OvnJRzRuhI%3D;Ek-7 · 08-Akıllı Cihaz Güvenliği · ACG-30;2026-09-09;2024-09-08;Seviye 2
ACG-31;AILE-08;Akıllı Sayaçlarda Altyapı Güvenliği;Elektrik iletim şebekesi akıllı sayaç yapısı içerisinde hizmet eden sunucular uygun şekilde sıkılaştırılmalıdır. (Veritabanı, uygulama sunucusu vb.);342;;REGULATION;;;;https://www.epdk.gov.tr/Detay/DownloadDocument?id=3OvnJRzRuhI%3D;Ek-7 · 08-Akıllı Cihaz Güvenliği · ACG-31;2026-09-09;2024-09-08;Seviye 1
ACG-32;AILE-08;Akıllı Sayaçlarda Altyapı Güvenliği;Elektrik iletim şebekesi akıllı sayaç yapısında veri toplama (data concentrator) bileşenleri kullanılıyorsa bu bileşenlerden uç bileşenlere yönelik erişimler güvenilir kanallar üzerinden sağlanmalıdır.;343;;REGULATION;;;;https://www.epdk.gov.tr/Detay/DownloadDocument?id=3OvnJRzRuhI%3D;Ek-7 · 08-Akıllı Cihaz Güvenliği · ACG-32;2026-09-09;2024-09-08;Seviye 2
ACG-33;AILE-08;Akıllı Sayaçlarda Altyapı Güvenliği;Elektrik iletim şebekesi akıllı sayaç yapısında kullanılan tüm bileşenlerde, gömülü ve basit parola kullanımı engellenmelidir.;344;;REGULATION;;;;https://www.epdk.gov.tr/Detay/DownloadDocument?id=3OvnJRzRuhI%3D;Ek-7 · 08-Akıllı Cihaz Güvenliği · ACG-33;2026-09-09;2024-09-08;Seviye 2
ACG-34;AILE-08;Akıllı Sayaçlarda Altyapı Güvenliği;Elektrik iletim şebekesi akıllı sayaç altyapısında ağa giriş (access control) kontrolleri uygulanmalıdır.;345;;REGULATION;;;;https://www.epdk.gov.tr/Detay/DownloadDocument?id=3OvnJRzRuhI%3D;Ek-7 · 08-Akıllı Cihaz Güvenliği · ACG-34;2026-09-09;2024-09-08;Seviye 2
ACG-35;AILE-08;Akıllı Sayaçlarda Tehdit ve Zafiyet Yönetimi;"Elektrik iletim şebekesi akıllı sayaç yapısında kullanılan tüm bileşenlerin ""Tehdit ve Zafiyet Yönetimi"" başlığının ilgili maddelerine uygunluğu sağlanmalıdır.";346;;REGULATION;;;;https://www.epdk.gov.tr/Detay/DownloadDocument?id=3OvnJRzRuhI%3D;Ek-7 · 08-Akıllı Cihaz Güvenliği · ACG-35;2026-09-09;2024-09-08;Seviye 1
ACG-36;AILE-08;Akıllı Sayaçlarda Tehdit ve Zafiyet Yönetimi;Elektrik iletim şebekesi akıllı sayaç yapısında kullanılan tüm bileşenler anlık olarak izlenebilir durumda olmalıdır.;347;;REGULATION;;;;https://www.epdk.gov.tr/Detay/DownloadDocument?id=3OvnJRzRuhI%3D;Ek-7 · 08-Akıllı Cihaz Güvenliği · ACG-36;2026-09-09;2024-09-08;Seviye 2
ACG-37;AILE-08;Akıllı Sayaçlarda Haberleşme Güvenliği;Elektrik iletim şebekesi içerisinde müşteri lokasyonunda olan akıllı sayaç ve cihazlardan alınacak veriler izole ağlar veya güvenli kanallar üzerinden aktarılmalıdır.;348;;REGULATION;;;;https://www.epdk.gov.tr/Detay/DownloadDocument?id=3OvnJRzRuhI%3D;Ek-7 · 08-Akıllı Cihaz Güvenliği · ACG-37;2026-09-09;2024-09-08;Seviye 2
EOG-1;AILE-09;Endüstriyel Operasyonlarda Güvenli Konfigürasyon;Elektrik iletim şebekesi endüstriyel kontrol sistemlerinde (EKS) kullanılan RTU'lar sadece belirli sunuculardan (Master) komut alacak şekilde yapılandırılmalıdır.;349;;REGULATION;;;;https://www.epdk.gov.tr/Detay/DownloadDocument?id=3OvnJRzRuhI%3D;Ek-7 · 09-Endüstriyel Operasyon Güv · EOG-1;2026-09-09;2024-09-08;Seviye 2
EOG-2;AILE-09;Endüstriyel Operasyonlarda Güvenli Konfigürasyon;Elektrik iletim şebekesi endüstriyel kontrol sistemlerinde (EKS) kullanılan RTU ve Röle'lere ilişkin lojik ve konfigürasyon işlemleri sadece güvenlik önlemleri alınmış iş istasyonlarından (sabit ya da taşınabilir) sağlanmalıdır.;350;;REGULATION;;;;https://www.epdk.gov.tr/Detay/DownloadDocument?id=3OvnJRzRuhI%3D;Ek-7 · 09-Endüstriyel Operasyon Güv · EOG-2;2026-09-09;2024-09-08;Seviye 2
EOG-3;AILE-09;Endüstriyel Operasyonlarda Güvenli Konfigürasyon;Elektrik iletim şebekesi endüstriyel kontrol sistemlerinde (EKS) kullanılan RTU ve Röle konfigürasyon/lojik değişimleri sırasında ikinci bir kimlik doğrulama veya onay mekanizması uygulanmalıdır.;351;;OPTIONAL;;;;https://www.epdk.gov.tr/Detay/DownloadDocument?id=3OvnJRzRuhI%3D;Ek-7 · 09-Endüstriyel Operasyon Güv · EOG-3;2026-09-09;2024-09-08;Ek kontrol
EOG-4;AILE-09;Endüstriyel Operasyonlarda Güvenli Konfigürasyon;Elektrik iletim şebekesi endüstriyel kontrol sistemlerinde (EKS) kullanılan SCADA konfigürasyon değişimleri sadece yetkili iş istasyonları üzerinden sağlanmalıdır.;352;;REGULATION;;;;https://www.epdk.gov.tr/Detay/DownloadDocument?id=3OvnJRzRuhI%3D;Ek-7 · 09-Endüstriyel Operasyon Güv · EOG-4;2026-09-09;2024-09-08;Seviye 2
EOG-5;AILE-09;Endüstriyel Operasyonlarda Güvenli Konfigürasyon;Elektrik iletim şebekesi endüstriyel kontrol sistemlerinde (EKS) kullanılan SCADA konfigürasyon değişimleri sırasında ikinci bir kimlik doğrulama mekanizması uygulanmalıdır.;353;;OPTIONAL;;;;https://www.epdk.gov.tr/Detay/DownloadDocument?id=3OvnJRzRuhI%3D;Ek-7 · 09-Endüstriyel Operasyon Güv · EOG-5;2026-09-09;2024-09-08;Ek kontrol
EOG-6;AILE-09;Endüstriyel Operasyonlarda Veri Güvenliği;Elektrik iletim şebekesi endüstriyel kontrol sistemlerinde (EKS) kullanılan SCADA konfigürasyon dosyaları ve lojik dosyaları için bütünlük kontrolleri devreye alınmalıdır.;354;;REGULATION;;;;https://www.epdk.gov.tr/Detay/DownloadDocument?id=3OvnJRzRuhI%3D;Ek-7 · 09-Endüstriyel Operasyon Güv · EOG-6;2026-09-09;2024-09-08;Seviye 2
EOG-7;AILE-09;Endüstriyel Operasyon Güvenliği;Elektrik iletim şebekesi endüstriyel kontrol sistemlerinde (EKS) kullanılan SCADA konfigürasyon dosyaları ve lojik dosyaları sürüm numaraları ile takip edilebilmelidir.;355;;REGULATION;;;;https://www.epdk.gov.tr/Detay/DownloadDocument?id=3OvnJRzRuhI%3D;Ek-7 · 09-Endüstriyel Operasyon Güv · EOG-7;2026-09-09;2024-09-08;Seviye 2
EOG-8;AILE-09;Endüstriyel Operasyonlarda Erişim ve Yetkilendirme;Elektrik iletim şebekesi endüstriyel kontrol sistemlerinde (EKS) kullanılan SCADA konfigürasyon dosyaları ve lojik dosyalarının saklandığı alanlara sadece yetkili kişi ve grupların eriştiği garanti altına alınmalıdır.;356;;REGULATION;;;;https://www.epdk.gov.tr/Detay/DownloadDocument?id=3OvnJRzRuhI%3D;Ek-7 · 09-Endüstriyel Operasyon Güv · EOG-8;2026-09-09;2024-09-08;Seviye 2
EOG-9;AILE-09;Endüstriyel Operasyonlarda Veri Güvenliği;Elektrik iletim şebekesi endüstriyel kontrol sistemlerinde (EKS) kullanılan SCADA konfigürasyon dosyaları ve lojik dosyaları bulut tabanlı sistemler ve dosya paylaşım alanlarında saklanmamalıdır.;357;;REGULATION;;;;https://www.epdk.gov.tr/Detay/DownloadDocument?id=3OvnJRzRuhI%3D;Ek-7 · 09-Endüstriyel Operasyon Güv · EOG-9;2026-09-09;2024-09-08;Seviye 2
EOG-10;AILE-09;Endüstriyel Operasyonlarda Veri Güvenliği;Elektrik iletim şebekesi endüstriyel kontrol sistemlerinde (EKS) kullanılan ve üzerinde konfigürasyon veya lojik bilgisi bulunan ekipmanlar kurum dışına çıkarılacaksa (bakım, hibe vb.) söz konusu konfigürasyon ve lojik bilgileri ilgili bileşen üzerinden silinmelidir.;358;;REGULATION;;;;https://www.epdk.gov.tr/Detay/DownloadDocument?id=3OvnJRzRuhI%3D;Ek-7 · 09-Endüstriyel Operasyon Güv · EOG-10;2026-09-09;2024-09-08;Seviye 1
EOG-11;AILE-09;Endüstriyel Operasyon Güvenliği;Elektrik iletim şebekesi endüstriyel kontrol sistemlerinde (EKS) yerel HMI (local HMI) kullanılması durumunda (Trafo merkezleri) kontrol işlemleri sırasında ikinci bir kimlik doğrulama ve onay mekanizması devreye alınmalıdır.;359;;REGULATION;;;;https://www.epdk.gov.tr/Detay/DownloadDocument?id=3OvnJRzRuhI%3D;Ek-7 · 09-Endüstriyel Operasyon Güv · EOG-11;2026-09-09;2024-09-08;Seviye 2
EOG-12;AILE-09;Endüstriyel Operasyon Güvenliği;"Elektrik iletim şebekesi endüstriyel kontrol sistemlerinde (EKS) kontrol sisteminin yönetimi ""uzak/remote"" olarak seçilmediği sürece uzaktan komut almayacak şekilde yapılandırılmalıdır.";360;;REGULATION;;;;https://www.epdk.gov.tr/Detay/DownloadDocument?id=3OvnJRzRuhI%3D;Ek-7 · 09-Endüstriyel Operasyon Güv · EOG-12;2026-09-09;2024-09-08;Seviye 2
EOG-13;AILE-09;Endüstriyel Operasyon Güvenliği;Elektrik iletim şebekesi otomasyonlu trafo merkezleri endüstriyel kontrol sistemlerinde (EKS) lojik işleyen bileşenler üzerinde kritik eşik değerleri (trip değerleri) HMI üzerinden sadece izlenebilmeli, HMI üzerinden değiştirilmesine imkan verilmemelidir.;361;;REGULATION;;;;https://www.epdk.gov.tr/Detay/DownloadDocument?id=3OvnJRzRuhI%3D;Ek-7 · 09-Endüstriyel Operasyon Güv · EOG-13;2026-09-09;2024-09-08;Seviye 2
EOG-14;AILE-09;Endüstriyel Operasyon Güvenliği;Elektrik iletim lisans sahibinin envanterinde kayıtlı olan ve müşteri yerleşke veya ortamlarında bulunan tüm bileşenlerin sorumluluğu kabul edilmiş olmalıdır.;362;;REGULATION;;;;https://www.epdk.gov.tr/Detay/DownloadDocument?id=3OvnJRzRuhI%3D;Ek-7 · 09-Endüstriyel Operasyon Güv · EOG-14;2026-09-09;2024-09-08;Seviye 1
EOG-15;AILE-09;Endüstriyel Operasyon Güvenliği;"Elektrik iletim şebekesi endüstriyel kontrol sistemlerinde (EKS) Ana kontrol, acil kontrol ve yük tevzi merkezlerinde ""Olay Yönetimi ve Süreklilik"" başlığı altında bulunan önlemler alınmalıdır.";363;;REGULATION;;;;https://www.epdk.gov.tr/Detay/DownloadDocument?id=3OvnJRzRuhI%3D;Ek-7 · 09-Endüstriyel Operasyon Güv · EOG-15;2026-09-09;2024-09-08;Seviye 2
EOG-16;AILE-09;Endüstriyel Operasyon Güvenliği;Elektrik iletim şebekesi endüstriyel kontrol sistemlerinde (EKS), ana ve acil kontrol merkezleri üzerinden gönderilen SFK(Sekonder Frekans Kontrol) komutlarına ilişkin değerler endüstriyel bileşenler üzerinde ilgili santralin belirlemiş olduğu limit değerler için sınırlanmalıdır.;364;;REGULATION;;;;https://www.epdk.gov.tr/Detay/DownloadDocument?id=3OvnJRzRuhI%3D;Ek-7 · 09-Endüstriyel Operasyon Güv · EOG-16;2026-09-09;2024-09-08;Seviye 2
EOG-17;AILE-09;Endüstriyel Operasyon Güvenliği;Elektrik iletim şebekesi endüstriyel kontrol sistemleri (EKS) bünyesinde telefon üzerinden iletişim ile gerçekleştirilen manevralar için ikinci bir komut doğrulama mekanizması tanımlanmalıdır. Bu süreçler kurumsal bir prosedür ile takip edilmelidir.;365;;REGULATION;;;;https://www.epdk.gov.tr/Detay/DownloadDocument?id=3OvnJRzRuhI%3D;Ek-7 · 09-Endüstriyel Operasyon Güv · EOG-17;2026-09-09;2024-09-08;Seviye 1
İKG-1;AILE-10;İstihdam Öncesi;EKS altyapılarında çalışacak tüm personel yasal mevzuata uyumlu şekilde, gerekli güvenlik kontrollerinden geçirilmelidir. (Adli sicil, güvenlik soruşturması, referans ve belge kontrolü vb.);366;;REGULATION;;;;https://www.epdk.gov.tr/Detay/DownloadDocument?id=3OvnJRzRuhI%3D;Ek-7 · 10-İK Güvenliği · İKG-1;2026-09-09;2024-09-08;Seviye 1
İKG-2;AILE-10;İstihdam Öncesi;EKS altyapılarında çalışacak personelin, işe uygunluk ve sağlık raporları bulunmalıdır.;367;;REGULATION;;;;https://www.epdk.gov.tr/Detay/DownloadDocument?id=3OvnJRzRuhI%3D;Ek-7 · 10-İK Güvenliği · İKG-2;2026-09-09;2024-09-08;Seviye 1
İKG-3;AILE-10;İstihdam Öncesi;EKS altyapılarında çalışacak personelle sözleşme imzalanmalıdır. (Bu sözleşmeler gizlilik sözleşmesi şeklinde olabileceği gibi ana sözleşmelerin gizlilik ve siber güvenlik maddelerini içermesi şeklinde de olabilir.);368;;REGULATION;;;;https://www.epdk.gov.tr/Detay/DownloadDocument?id=3OvnJRzRuhI%3D;Ek-7 · 10-İK Güvenliği · İKG-3;2026-09-09;2024-09-08;Seviye 1
İKG-4;AILE-10;İstihdam Öncesi;Personelle yapılacak sözleşmelerde siber güvenlik ve gizlilik maddeleri en az aşağıdakileri içermelidir: - Gizli bilginin korunması, - Kurumsal hassas ve kritik bilgilerin korunması, - Kurumun uyguladığı veya uygulayacağı tüm siber güvenlik kontrollerine uyum, - Yasal, sözleşme kaynaklı veya müşteri gereksinimlerinden doğan siber güvenlik politika, prosedür ve uygulamalarına uyumlu çalışma.;369;;REGULATION;;;;https://www.epdk.gov.tr/Detay/DownloadDocument?id=3OvnJRzRuhI%3D;Ek-7 · 10-İK Güvenliği · İKG-4;2026-09-09;2024-09-08;Seviye 1
İKG-5;AILE-10;İstihdam Öncesi;İşe alım ilanları, ilgili tesisin siber güvenlik açısından bağlayıcı olan teknolojileri ile ilgili bilgi içermemesini sağlayacak politika, prosedür ve süreçler çerçevesinde tasarlanmalıdır.;370;;REGULATION;;;;https://www.epdk.gov.tr/Detay/DownloadDocument?id=3OvnJRzRuhI%3D;Ek-7 · 10-İK Güvenliği · İKG-5;2026-09-09;2024-09-08;Seviye 1
İKG-6;AILE-10;İstihdam Sırasında;Personel, çalışma süresince tüm siber güvenlik politika, prosedür ve uygulamalarına uyumlu hareket etmelidir.;371;;REGULATION;;;;https://www.epdk.gov.tr/Detay/DownloadDocument?id=3OvnJRzRuhI%3D;Ek-7 · 10-İK Güvenliği · İKG-6;2026-09-09;2024-09-08;Seviye 1
İKG-7;AILE-10;İstihdam Sırasında;Tüm EKS personeli periyodik siber güvenlik farkındalık programına dahil edilmelidir.;372;;REGULATION;;;;https://www.epdk.gov.tr/Detay/DownloadDocument?id=3OvnJRzRuhI%3D;Ek-7 · 10-İK Güvenliği · İKG-7;2026-09-09;2024-09-08;Seviye 1
İKG-8;AILE-10;İstihdam Sırasında;Siber güvenlik operasyonlarını yürütecek personelin EKS bileşenleri ile ilgili eğitim almaları sağlanmalıdır.;373;;REGULATION;;;;https://www.epdk.gov.tr/Detay/DownloadDocument?id=3OvnJRzRuhI%3D;Ek-7 · 10-İK Güvenliği · İKG-8;2026-09-09;2024-09-08;Seviye 1
İKG-9;AILE-10;İstihdam Öncesi;Tüm EKS personeli için siber güvenlik ihlallerine ilişkin disiplin süreçleri tanımlanmalıdır.;374;;REGULATION;;;;https://www.epdk.gov.tr/Detay/DownloadDocument?id=3OvnJRzRuhI%3D;Ek-7 · 10-İK Güvenliği · İKG-9;2026-09-09;2024-09-08;Seviye 1
İKG-10;AILE-10;İstihdam Sonrası;Sözleşme ve uygulamalar, istihdam sonrası koşulları içermelidir.;375;;REGULATION;;;;https://www.epdk.gov.tr/Detay/DownloadDocument?id=3OvnJRzRuhI%3D;Ek-7 · 10-İK Güvenliği · İKG-10;2026-09-09;2024-09-08;Seviye 1
İKG-11;AILE-10;İstihdam Sonrası;İstihdamın sonlandırılması ile birlikte tüm EKS varlıklarına olan mantıksal ve fiziksel erişimler sonlandırılmalıdır.;376;;REGULATION;;;;https://www.epdk.gov.tr/Detay/DownloadDocument?id=3OvnJRzRuhI%3D;Ek-7 · 10-İK Güvenliği · İKG-11;2026-09-09;2024-09-08;Seviye 1
İKG-12;AILE-10;İstihdam Sonrası;İstihdam sonlanması ile birlikte tüm gerekli taraflar bilgilendirilmelidir.;377;;REGULATION;;;;https://www.epdk.gov.tr/Detay/DownloadDocument?id=3OvnJRzRuhI%3D;Ek-7 · 10-İK Güvenliği · İKG-12;2026-09-09;2024-09-08;Seviye 1
İKG-13;AILE-10;İstihdam Sonrası;İstihdam sonlanması sürecinde operasyonel süreklilik için önem arz eden tüm varlıklar (proses, lojik vb.) güvenli bir şekilde devredilmelidir.;378;;REGULATION;;;;https://www.epdk.gov.tr/Detay/DownloadDocument?id=3OvnJRzRuhI%3D;Ek-7 · 10-İK Güvenliği · İKG-13;2026-09-09;2024-09-08;Seviye 1
İKG-14;AILE-10;İstihdam Sonrası;İlgili istihdam sonlandırma süreci, olaylı ayrılma durumlarını da içermelidir.;379;;REGULATION;;;;https://www.epdk.gov.tr/Detay/DownloadDocument?id=3OvnJRzRuhI%3D;Ek-7 · 10-İK Güvenliği · İKG-14;2026-09-09;2024-09-08;Seviye 1
İKG-15;AILE-10;İstihdam Sonrası;"İstihdam sonlanması sürecinde kuruluşa ait operasyonel altyapıda kullanılan; lojik, konfigürasyon bilgileri, yedek dosyalar ve tasarımların kişisel disk, bilgisayar ya da bulut ortamlarında saklanmadığına dair yazılı beyan alınmalıdır. Personel kaynaklı bir ifşa yaşanması durumunda başlatılacak yasal süreç tanımlanmalıdır.";380;;REGULATION;;;;https://www.epdk.gov.tr/Detay/DownloadDocument?id=3OvnJRzRuhI%3D;Ek-7 · 10-İK Güvenliği · İKG-15;2026-09-09;2024-09-08;Seviye 1
İKG-16;AILE-10;İstihdam Sonrası;İstihdam sonlanması sürecinde ilgili personelden operasyonların sürekliliğine etki edebilecek zaman bağımlı lojik, konfigürasyon ayarlamalarının yapılmadığına dair beyan alınmalıdır.;381;;REGULATION;;;;https://www.epdk.gov.tr/Detay/DownloadDocument?id=3OvnJRzRuhI%3D;Ek-7 · 10-İK Güvenliği · İKG-16;2026-09-09;2024-09-08;Seviye 1
İKG-17;AILE-10;Üçüncü Taraf Güvenliği;EKS altyapılarında üçüncü taraflarca sağlanan taşeron personellerin hem birinci derece bağlı oldukları hem de hizmet sundukları kuruluşlar için bu başlık altındaki süreçler işletilmelidir. Alt yükleniciler, farklı bir alt yüklenici kullandığında sorumluluk devredemeyeceği gibi bu madde kapsamında doğan yükümlülükleri de yerine getirmelidir.;382;;REGULATION;;;;https://www.epdk.gov.tr/Detay/DownloadDocument?id=3OvnJRzRuhI%3D;Ek-7 · 10-İK Güvenliği · İKG-17;2026-09-09;2024-09-08;Seviye 1
İKG-18;AILE-10;Üçüncü Taraf Güvenliği;Üçüncü taraflara veya üreticiye bağlı olarak çalışan personel kuruluşun belirlediği gizlilik ve siber güvenlik gereksinimlerinden muaf tutulamaz. Gerekli koşullarda ilgili personelle de ek bir gizlilik sözleşmesi veya siber güvenlik maddelerini içeren sözleşme yapılmalıdır.;383;;REGULATION;;;;https://www.epdk.gov.tr/Detay/DownloadDocument?id=3OvnJRzRuhI%3D;Ek-7 · 10-İK Güvenliği · İKG-18;2026-09-09;2024-09-08;Seviye 1
FZG-1;AILE-11;Kontrol merkezi, acil durum kontrol merkezi ve yük tevzi Merkezi Yerleşkelerinin Güvenliği;Yerleşke girişinde giriş çıkış kaydı tutulmalıdır.;384;;REGULATION;;;;https://www.epdk.gov.tr/Detay/DownloadDocument?id=3OvnJRzRuhI%3D;Ek-7 · 11-Fiziksel Güvenlik · FZG-1;2026-09-09;2024-09-08;Seviye 1
FZG-2;AILE-11;Kontrol merkezi, acil durum kontrol merkezi ve yük tevzi Merkezi Yerleşkelerinin Güvenliği;Yerleşke girişinde yetkisiz erişime karşı önlemler alınmalıdır.;385;;REGULATION;;;;https://www.epdk.gov.tr/Detay/DownloadDocument?id=3OvnJRzRuhI%3D;Ek-7 · 11-Fiziksel Güvenlik · FZG-2;2026-09-09;2024-09-08;Seviye 1
FZG-3;AILE-11;Kontrol merkezi, acil durum kontrol merkezi ve yük tevzi Merkezi Yerleşkelerinin Güvenliği;Yerleşke giriş prosedürleri tanımlanmalıdır. Yerleşke giriş prosedürleri, ziyaretçi, geçici-kalıcı çalışan, acil giriş durumlarını içermelidir.;386;;REGULATION;;;;https://www.epdk.gov.tr/Detay/DownloadDocument?id=3OvnJRzRuhI%3D;Ek-7 · 11-Fiziksel Güvenlik · FZG-3;2026-09-09;2024-09-08;Seviye 1
FZG-4;AILE-11;Kontrol merkezi, acil durum kontrol merkezi ve yük tevzi Merkezi Yerleşkelerinin Güvenliği;Yerleşke girişlerinde uygun güvenlik ve emniyet eğitimleri verilmelidir.;387;;REGULATION;;;;https://www.epdk.gov.tr/Detay/DownloadDocument?id=3OvnJRzRuhI%3D;Ek-7 · 11-Fiziksel Güvenlik · FZG-4;2026-09-09;2024-09-08;Seviye 1
FZG-5;AILE-11;Kontrol merkezi, acil durum kontrol merkezi ve yük tevzi Merkezi Yerleşkelerinin Güvenliği;Yerleşke giriş çıkışlarını izleyen elektronik sistemlerde zaman senkronizasyonu sağlanmalıdır.;388;;REGULATION;;;;https://www.epdk.gov.tr/Detay/DownloadDocument?id=3OvnJRzRuhI%3D;Ek-7 · 11-Fiziksel Güvenlik · FZG-5;2026-09-09;2024-09-08;Seviye 1
FZG-6;AILE-11;Kontrol merkezi, acil durum kontrol merkezi ve yük tevzi Merkezi Yerleşkelerinin Güvenliği;Yerleşke giriş çıkışlarını izleyen elektronik sistemlerde merkezi kayıt yönetim sistemi entegrasyonu sağlanmalıdır.;389;;REGULATION;;;;https://www.epdk.gov.tr/Detay/DownloadDocument?id=3OvnJRzRuhI%3D;Ek-7 · 11-Fiziksel Güvenlik · FZG-6;2026-09-09;2024-09-08;Seviye 1
FZG-7;AILE-11;Kontrol merkezi, acil durum kontrol merkezi ve yük tevzi Merkezi Yerleşkelerinin Güvenliği;Yerleşke giriş çıkışlarını izleyen elektronik sistemlerde yedekleme politikaları oluşturulmalı, yedekler alınmalı ve yedekler test edilmelidir.;390;;REGULATION;;;;https://www.epdk.gov.tr/Detay/DownloadDocument?id=3OvnJRzRuhI%3D;Ek-7 · 11-Fiziksel Güvenlik · FZG-7;2026-09-09;2024-09-08;Seviye 1
FZG-8;AILE-11;Kontrol merkezi, acil durum kontrol merkezi ve yük tevzi Merkezi Yerleşkelerinin Güvenliği;Yerleşke çevresini izlemek için kameralar kurulmalıdır. Bu sistemler sürekli olarak izlenmelidir.;391;;REGULATION;;;;https://www.epdk.gov.tr/Detay/DownloadDocument?id=3OvnJRzRuhI%3D;Ek-7 · 11-Fiziksel Güvenlik · FZG-8;2026-09-09;2024-09-08;Seviye 1
FZG-9;AILE-11;Kontrol merkezi, acil durum kontrol merkezi ve yük tevzi Merkezi Yerleşkelerinin Güvenliği;Yerleşke çevresi kamera kayıtları en az üç ay süre ile saklanmalıdır.;392;;REGULATION;;;;https://www.epdk.gov.tr/Detay/DownloadDocument?id=3OvnJRzRuhI%3D;Ek-7 · 11-Fiziksel Güvenlik · FZG-9;2026-09-09;2024-09-08;Seviye 1
FZG-10;AILE-11;Kontrol merkezi, acil durum kontrol merkezi ve yük tevzi Merkezi Yerleşkelerinin Güvenliği;Kamera sistemlerinde zaman senkronizasyonu sağlanmalıdır.;393;;REGULATION;;;;https://www.epdk.gov.tr/Detay/DownloadDocument?id=3OvnJRzRuhI%3D;Ek-7 · 11-Fiziksel Güvenlik · FZG-10;2026-09-09;2024-09-08;Seviye 1
FZG-11;AILE-11;Kontrol merkezi, acil durum kontrol merkezi ve yük tevzi Merkezi Yerleşkelerinin Güvenliği;Çevresel güvenlik bileşenleri izole ağlarda konumlanmalıdır.;394;;REGULATION;;;;https://www.epdk.gov.tr/Detay/DownloadDocument?id=3OvnJRzRuhI%3D;Ek-7 · 11-Fiziksel Güvenlik · FZG-11;2026-09-09;2024-09-08;Seviye 1
FZG-12;AILE-11;Kontrol merkezi, acil durum kontrol merkezi ve yük tevzi Merkezi Yerleşkelerinin Güvenliği;Çevresel güvenlik bileşenlerine erişim, kullanıcı adı ve parola ile sağlanmalıdır.;395;;REGULATION;;;;https://www.epdk.gov.tr/Detay/DownloadDocument?id=3OvnJRzRuhI%3D;Ek-7 · 11-Fiziksel Güvenlik · FZG-12;2026-09-09;2024-09-08;Seviye 1
FZG-13;AILE-11;Kontrol merkezi, acil durum kontrol merkezi ve yük tevzi Merkezi Yerleşkelerinin Güvenliği;Çevresel güvenlik bileşenlerine erişim için güçlü parolalar kullanılmalıdır.;396;;REGULATION;;;;https://www.epdk.gov.tr/Detay/DownloadDocument?id=3OvnJRzRuhI%3D;Ek-7 · 11-Fiziksel Güvenlik · FZG-13;2026-09-09;2024-09-08;Seviye 1
FZG-14;AILE-11;Kontrol merkezi, acil durum kontrol merkezi ve yük tevzi Merkezi Yerleşkelerinin Güvenliği;Çevresel güvenlik bileşenleri, yetkisiz fiziksel erişime karşı korunmalıdır.;397;;REGULATION;;;;https://www.epdk.gov.tr/Detay/DownloadDocument?id=3OvnJRzRuhI%3D;Ek-7 · 11-Fiziksel Güvenlik · FZG-14;2026-09-09;2024-09-08;Seviye 1
FZG-15;AILE-11;Kontrol merkezi, acil durum kontrol merkezi ve yük tevzi Merkezi Yerleşkelerinin Güvenliği;Ana yerleşke girişinde insanların geçiş noktalarında X-RAY cihazları konumlandırılmalıdır.;398;;REGULATION;;;;https://www.epdk.gov.tr/Detay/DownloadDocument?id=3OvnJRzRuhI%3D;Ek-7 · 11-Fiziksel Güvenlik · FZG-15;2026-09-09;2024-09-08;Seviye 1
FZG-16;AILE-11;Kontrol merkezi, acil durum kontrol merkezi ve yük tevzi Merkezi Yerleşkelerinin Güvenliği;Araçlar gerekli kontrollerden geçirilerek yerleşkeye alınmalıdır.;399;;REGULATION;;;;https://www.epdk.gov.tr/Detay/DownloadDocument?id=3OvnJRzRuhI%3D;Ek-7 · 11-Fiziksel Güvenlik · FZG-16;2026-09-09;2024-09-08;Seviye 1
FZG-17;AILE-11;Kontrol merkezi, acil durum kontrol merkezi ve yük tevzi Merkezi;Kontrol odaları giriş ve çıkışlarında kayıt tutulmalıdır.;400;;REGULATION;;;;https://www.epdk.gov.tr/Detay/DownloadDocument?id=3OvnJRzRuhI%3D;Ek-7 · 11-Fiziksel Güvenlik · FZG-17;2026-09-09;2024-09-08;Seviye 1
FZG-18;AILE-11;Kontrol merkezi, acil durum kontrol merkezi ve yük tevzi Merkezi;Kontrol odaları giriş ve çıkışlarında kullanılan elektronik sistemlerde zaman senkronizasyonu sağlanmalıdır.;401;;REGULATION;;;;https://www.epdk.gov.tr/Detay/DownloadDocument?id=3OvnJRzRuhI%3D;Ek-7 · 11-Fiziksel Güvenlik · FZG-18;2026-09-09;2024-09-08;Seviye 1
FZG-19;AILE-11;Kontrol merkezi, acil durum kontrol merkezi ve yük tevzi Merkezi;Kontrol odaları giriş ve çıkışlarında kullanılan elektronik sistemler merkezi kayıt yönetim sistemine entegre edilmelidir.;402;;REGULATION;;;;https://www.epdk.gov.tr/Detay/DownloadDocument?id=3OvnJRzRuhI%3D;Ek-7 · 11-Fiziksel Güvenlik · FZG-19;2026-09-09;2024-09-08;Seviye 1
FZG-20;AILE-11;Kontrol merkezi, acil durum kontrol merkezi ve yük tevzi Merkezi;Kontrol odaları giriş ve çıkışlarında kullanılan elektronik sistemlerde yedekleme politikaları oluşturulmalı, yedekler alınmalı ve yedekler test edilmelidir.;403;;REGULATION;;;;https://www.epdk.gov.tr/Detay/DownloadDocument?id=3OvnJRzRuhI%3D;Ek-7 · 11-Fiziksel Güvenlik · FZG-20;2026-09-09;2024-09-08;Seviye 1
FZG-21;AILE-11;Kontrol merkezi, acil durum kontrol merkezi ve yük tevzi Merkezi;Kontrol odaları giriş ve çıkışlarında kullanılan elektronik sistemler izole ağlarda konumlandırılmalıdır.;404;;REGULATION;;;;https://www.epdk.gov.tr/Detay/DownloadDocument?id=3OvnJRzRuhI%3D;Ek-7 · 11-Fiziksel Güvenlik · FZG-21;2026-09-09;2024-09-08;Seviye 1
FZG-22;AILE-11;Kontrol merkezi, acil durum kontrol merkezi ve yük tevzi Merkezi;Kontrol odaları çevresel güvenlik bileşenlerine (Kamera, kartlı geçiş, yangın algılama vb.) erişim kullanıcı adı ve parola ile sağlanmalıdır.;405;;REGULATION;;;;https://www.epdk.gov.tr/Detay/DownloadDocument?id=3OvnJRzRuhI%3D;Ek-7 · 11-Fiziksel Güvenlik · FZG-22;2026-09-09;2024-09-08;Seviye 1
FZG-23;AILE-11;Kontrol merkezi, acil durum kontrol merkezi ve yük tevzi Merkezi;Kontrol odaları giriş ve çıkışlarında kullanılan elektronik sistemlerde güçlü parola kullanılmalıdır.;406;;REGULATION;;;;https://www.epdk.gov.tr/Detay/DownloadDocument?id=3OvnJRzRuhI%3D;Ek-7 · 11-Fiziksel Güvenlik · FZG-23;2026-09-09;2024-09-08;Seviye 1
FZG-24;AILE-11;Kontrol merkezi, acil durum kontrol merkezi ve yük tevzi Merkezi;Kontrol odalarında kurum harici çalışanlara kurum personeli eşlik etmelidir.;407;;REGULATION;;;;https://www.epdk.gov.tr/Detay/DownloadDocument?id=3OvnJRzRuhI%3D;Ek-7 · 11-Fiziksel Güvenlik · FZG-24;2026-09-09;2024-09-08;Seviye 1
FZG-25;AILE-11;Kontrol merkezi, acil durum kontrol merkezi ve yük tevzi Merkezi;Kontrol odalarının giriş ve çıkışlarını izlemek için kameralar kurulmalıdır. Bu sistemler sürekli olarak izlenmelidir.;408;;REGULATION;;;;https://www.epdk.gov.tr/Detay/DownloadDocument?id=3OvnJRzRuhI%3D;Ek-7 · 11-Fiziksel Güvenlik · FZG-25;2026-09-09;2024-09-08;Seviye 1
FZG-26;AILE-11;Kontrol merkezi, acil durum kontrol merkezi ve yük tevzi Merkezi;Kontrol odaları kamera kayıtları en az üç ay süre ile saklanmalıdır.;409;;REGULATION;;;;https://www.epdk.gov.tr/Detay/DownloadDocument?id=3OvnJRzRuhI%3D;Ek-7 · 11-Fiziksel Güvenlik · FZG-26;2026-09-09;2024-09-08;Seviye 1
FZG-27;AILE-11;Kontrol merkezi, acil durum kontrol merkezi ve yük tevzi Merkezi;Kontrol odaları kamera sistemlerinde zaman senkronizasyonu sağlanmalıdır.;410;;REGULATION;;;;https://www.epdk.gov.tr/Detay/DownloadDocument?id=3OvnJRzRuhI%3D;Ek-7 · 11-Fiziksel Güvenlik · FZG-27;2026-09-09;2024-09-08;Seviye 1
FZG-28;AILE-11;Kontrol merkezi, acil durum kontrol merkezi ve yük tevzi Merkezi;Kontrol odaları kamera sistemleri ayrı izole bir ağ üzerinde konumlandırılmalıdır.;411;;REGULATION;;;;https://www.epdk.gov.tr/Detay/DownloadDocument?id=3OvnJRzRuhI%3D;Ek-7 · 11-Fiziksel Güvenlik · FZG-28;2026-09-09;2024-09-08;Seviye 1
FZG-29;AILE-11;Kontrol merkezi, acil durum kontrol merkezi ve yük tevzi Merkezi;Kontrol odaları kamera bileşenleri, kullanıcı adı ve parola ile korunmalıdır.;412;;REGULATION;;;;https://www.epdk.gov.tr/Detay/DownloadDocument?id=3OvnJRzRuhI%3D;Ek-7 · 11-Fiziksel Güvenlik · FZG-29;2026-09-09;2024-09-08;Seviye 1
FZG-30;AILE-11;Kontrol merkezi, acil durum kontrol merkezi ve yük tevzi Merkezi;Kontrol odaları kamera bileşenlerine erişim için güçlü parolalar kullanılmalıdır.;413;;REGULATION;;;;https://www.epdk.gov.tr/Detay/DownloadDocument?id=3OvnJRzRuhI%3D;Ek-7 · 11-Fiziksel Güvenlik · FZG-30;2026-09-09;2024-09-08;Seviye 1
FZG-31;AILE-11;Kontrol merkezi, acil durum kontrol merkezi ve yük tevzi Merkezi;Kontrol odaları çevresel güvenlik bileşenleri (Kamera, kartlı geçiş, yangın algılama vb.) yetkisiz fiziksel erişime karşı korunmalıdır.;414;;REGULATION;;;;https://www.epdk.gov.tr/Detay/DownloadDocument?id=3OvnJRzRuhI%3D;Ek-7 · 11-Fiziksel Güvenlik · FZG-31;2026-09-09;2024-09-08;Seviye 1
FZG-32;AILE-11;Kontrol merkezi, acil durum kontrol merkezi ve yük tevzi Merkezi;Kontrol odalarında bulunan kameralar proseslerin izlendiği HMI'ları görmeyecek şekilde konumlandırılmalıdır.;415;;REGULATION;;;;https://www.epdk.gov.tr/Detay/DownloadDocument?id=3OvnJRzRuhI%3D;Ek-7 · 11-Fiziksel Güvenlik · FZG-32;2026-09-09;2024-09-08;Seviye 1
FZG-33;AILE-11;Kontrol merkezi, acil durum kontrol merkezi ve yük tevzi Merkezi;Kontrol odaları kapıları, otomatik olarak kapanmalıdır.;416;;REGULATION;;;;https://www.epdk.gov.tr/Detay/DownloadDocument?id=3OvnJRzRuhI%3D;Ek-7 · 11-Fiziksel Güvenlik · FZG-33;2026-09-09;2024-09-08;Seviye 1
FZG-34;AILE-11;Kontrol merkezi, acil durum kontrol merkezi ve yük tevzi Merkezi;Kontrol odalarından acil çıkış mümkün olmalıdır.;417;;REGULATION;;;;https://www.epdk.gov.tr/Detay/DownloadDocument?id=3OvnJRzRuhI%3D;Ek-7 · 11-Fiziksel Güvenlik · FZG-34;2026-09-09;2024-09-08;Seviye 1
FZG-35;AILE-11;Kontrol merkezi, acil durum kontrol merkezi ve yük tevzi Merkezi;Kontrol odalarında yer alan çevresel izleme sensörleri yetkisiz fiziksel erişime olanak vermeyecek şekilde konumlandırılmalıdır.;418;;REGULATION;;;;https://www.epdk.gov.tr/Detay/DownloadDocument?id=3OvnJRzRuhI%3D;Ek-7 · 11-Fiziksel Güvenlik · FZG-35;2026-09-09;2024-09-08;Seviye 1
FZG-36;AILE-11;Kontrol merkezi, acil durum kontrol merkezi ve yük tevzi Merkezi;Kontrol odalarının kapıları açık kaldığında alarm üretmelidir.;419;;REGULATION;;;;https://www.epdk.gov.tr/Detay/DownloadDocument?id=3OvnJRzRuhI%3D;Ek-7 · 11-Fiziksel Güvenlik · FZG-36;2026-09-09;2024-09-08;Seviye 2
FZG-37;AILE-11;Kontrol merkezi, acil durum kontrol merkezi ve yük tevzi Merkezi;Kontrol odalarında çevresel izleme sensörleri konumlandırılmalıdır. (Yangın, su, nem, sıcaklık vb.);420;;REGULATION;;;;https://www.epdk.gov.tr/Detay/DownloadDocument?id=3OvnJRzRuhI%3D;Ek-7 · 11-Fiziksel Güvenlik · FZG-37;2026-09-09;2024-09-08;Seviye 1
FZG-38;AILE-11;Kontrol merkezi, acil durum kontrol merkezi ve yük tevzi Merkezi;Kontrol odalarında kullanılan çevresel izleme sistemleri alarm üretebilmelidir.;421;;REGULATION;;;;https://www.epdk.gov.tr/Detay/DownloadDocument?id=3OvnJRzRuhI%3D;Ek-7 · 11-Fiziksel Güvenlik · FZG-38;2026-09-09;2024-09-08;Seviye 1
FZG-39;AILE-11;Kontrol merkezi, acil durum kontrol merkezi ve yük tevzi Merkezi;Kontrol odaları çevresel izleme sensörleri merkezi olarak izlenmelidir.;422;;REGULATION;;;;https://www.epdk.gov.tr/Detay/DownloadDocument?id=3OvnJRzRuhI%3D;Ek-7 · 11-Fiziksel Güvenlik · FZG-39;2026-09-09;2024-09-08;Seviye 1
FZG-40;AILE-11;Kontrol merkezi, acil durum kontrol merkezi ve yük tevzi Merkezi;Kontrol odaları giriş kontrolleri, enerjisiz kaldığında da aynı güvenlik seviyesini korumalıdır.;423;;REGULATION;;;;https://www.epdk.gov.tr/Detay/DownloadDocument?id=3OvnJRzRuhI%3D;Ek-7 · 11-Fiziksel Güvenlik · FZG-40;2026-09-09;2024-09-08;Seviye 1
FZG-41;AILE-11;Kontrol merkezi, acil durum kontrol merkezi ve yük tevzi Merkezi;Kontrol odalarındaki tüm güvenlik bileşenleri yedek bir enerji ya da kesintisiz bir enerji kaynağı üzerinden beslenmelidir.;424;;REGULATION;;;;https://www.epdk.gov.tr/Detay/DownloadDocument?id=3OvnJRzRuhI%3D;Ek-7 · 11-Fiziksel Güvenlik · FZG-41;2026-09-09;2024-09-08;Seviye 1
FZG-42;AILE-11;Kontrol merkezi, acil durum kontrol merkezi ve yük tevzi Merkezi;Endüstriyel operasyonlara hizmet eden istemci ve sunuculara fiziksel erişimler kısıtlanmalıdır.;425;;REGULATION;;;;https://www.epdk.gov.tr/Detay/DownloadDocument?id=3OvnJRzRuhI%3D;Ek-7 · 11-Fiziksel Güvenlik · FZG-42;2026-09-09;2024-09-08;Seviye 2
FZG-43;AILE-11;Tüm Trafo Merkezleri;Trafo Merkezlerinde endüstriyel kontrol sistemlerinin olduğu tüm alanlarda için giriş-çıkış kontrolleri uygulanmalıdır.;426;;REGULATION;;;;https://www.epdk.gov.tr/Detay/DownloadDocument?id=3OvnJRzRuhI%3D;Ek-7 · 11-Fiziksel Güvenlik · FZG-43;2026-09-09;2024-09-08;Seviye 1
FZG-44;AILE-11;Tüm Trafo Merkezleri;Trafo Merkezlerinde giriş-çıkış kayıtları tutulmalıdır.;427;;REGULATION;;;;https://www.epdk.gov.tr/Detay/DownloadDocument?id=3OvnJRzRuhI%3D;Ek-7 · 11-Fiziksel Güvenlik · FZG-44;2026-09-09;2024-09-08;Seviye 1
FZG-45;AILE-11;Tüm Trafo Merkezleri;Trafo Merkezlerinde bulunan kritik ekipmanlar kilitli alanlarda saklanmalıdır.;428;;REGULATION;;;;https://www.epdk.gov.tr/Detay/DownloadDocument?id=3OvnJRzRuhI%3D;Ek-7 · 11-Fiziksel Güvenlik · FZG-45;2026-09-09;2024-09-08;Seviye 1
FZG-46;AILE-11;Tüm Trafo Merkezleri;Trafo Merkezlerinde depreme karşı sabitleme önlemleri alınmalıdır.;429;;REGULATION;;;;https://www.epdk.gov.tr/Detay/DownloadDocument?id=3OvnJRzRuhI%3D;Ek-7 · 11-Fiziksel Güvenlik · FZG-46;2026-09-09;2024-09-08;Seviye 1
FZG-47;AILE-11;Tüm Trafo Merkezleri;Su basma tehditi olan trafo terkezlerinde su baskını koruma önlemleri alınmalıdır.;430;;REGULATION;;;;https://www.epdk.gov.tr/Detay/DownloadDocument?id=3OvnJRzRuhI%3D;Ek-7 · 11-Fiziksel Güvenlik · FZG-47;2026-09-09;2024-09-08;Seviye 1
FZG-48;AILE-11;Tüm Trafo Merkezleri;Trafo Merkezlerinde yangın tespit sistemleri konumlandırılmalıdır.;431;;REGULATION;;;;https://www.epdk.gov.tr/Detay/DownloadDocument?id=3OvnJRzRuhI%3D;Ek-7 · 11-Fiziksel Güvenlik · FZG-48;2026-09-09;2024-09-08;Seviye 1
FZG-49;AILE-11;Tüm Trafo Merkezleri;Trafo Merkezlerinde yangın koruma/söndürme bileşenleri konumlandırılmalıdır.;432;;REGULATION;;;;https://www.epdk.gov.tr/Detay/DownloadDocument?id=3OvnJRzRuhI%3D;Ek-7 · 11-Fiziksel Güvenlik · FZG-49;2026-09-09;2024-09-08;Seviye 1
FZG-50;AILE-11;Tüm Trafo Merkezleri;Trafo Merkezlerinde yangın koruma/söndürme bileşenlerinin periyodik bakımları yapılmalıdır.;433;;REGULATION;;;;https://www.epdk.gov.tr/Detay/DownloadDocument?id=3OvnJRzRuhI%3D;Ek-7 · 11-Fiziksel Güvenlik · FZG-50;2026-09-09;2024-09-08;Seviye 1
FZG-51;AILE-11;Tüm Trafo Merkezleri;Trafo Merkezlerinde yangın koruma/söndürme bileşenleri elektronik ortamlar için uygun olmalıdır.;434;;REGULATION;;;;https://www.epdk.gov.tr/Detay/DownloadDocument?id=3OvnJRzRuhI%3D;Ek-7 · 11-Fiziksel Güvenlik · FZG-51;2026-09-09;2024-09-08;Seviye 1
FZG-52;AILE-11;Tüm Trafo Merkezleri;Trafo Merkezlerinde kablolama güvenliği ilkeleri uygulanmalıdır.;435;;REGULATION;;;;https://www.epdk.gov.tr/Detay/DownloadDocument?id=3OvnJRzRuhI%3D;Ek-7 · 11-Fiziksel Güvenlik · FZG-52;2026-09-09;2024-09-08;Seviye 1
FZG-53;AILE-11;Tüm Trafo Merkezleri;Trafo Merkezlerinde kablolar etiketlenmelidir.;436;;REGULATION;;;;https://www.epdk.gov.tr/Detay/DownloadDocument?id=3OvnJRzRuhI%3D;Ek-7 · 11-Fiziksel Güvenlik · FZG-53;2026-09-09;2024-09-08;Seviye 1
FZG-54;AILE-11;Tüm Trafo Merkezleri;Trafo Merkezlerinde kontrol sistemi bileşenleri için yedek enerji beslemeleri kullanılmalıdır.;437;;REGULATION;;;;https://www.epdk.gov.tr/Detay/DownloadDocument?id=3OvnJRzRuhI%3D;Ek-7 · 11-Fiziksel Güvenlik · FZG-54;2026-09-09;2024-09-08;Seviye 1
FZG-55;AILE-11;Tüm Trafo Merkezleri;Trafo Merkezlerinde yedek enerji besleme bileşenlerinin periyodik bakımları gerçekleştirilmelidir.;438;;REGULATION;;;;https://www.epdk.gov.tr/Detay/DownloadDocument?id=3OvnJRzRuhI%3D;Ek-7 · 11-Fiziksel Güvenlik · FZG-55;2026-09-09;2024-09-08;Seviye 1
FZG-56;AILE-11;Tüm Trafo Merkezleri;Trafo Merkezlerinde acil durum tahliye prosedürleri tanımlanmalı ve uygulanmalıdır. (elektriksel yangın ya da patlama anında ilgili lokasyonunun güvenli şekilde tahliye edilmesi vb.);439;;REGULATION;;;;https://www.epdk.gov.tr/Detay/DownloadDocument?id=3OvnJRzRuhI%3D;Ek-7 · 11-Fiziksel Güvenlik · FZG-56;2026-09-09;2024-09-08;Seviye 2
FZG-57;AILE-11;Tüm Trafo Merkezleri;Trafo Merkezlerinde yer alan çevresel izleme sensörleri yetkisiz erişime olanak vermeyecek şekilde konumlandırılmalıdır.;440;;REGULATION;;;;https://www.epdk.gov.tr/Detay/DownloadDocument?id=3OvnJRzRuhI%3D;Ek-7 · 11-Fiziksel Güvenlik · FZG-57;2026-09-09;2024-09-08;Seviye 1
FZG-58;AILE-11;Tüm Trafo Merkezleri;Trafo Merkezlerinde kapı ya da panolar açık kaldığında alarm üretilebilmelidir.;441;;OPTIONAL;;;;https://www.epdk.gov.tr/Detay/DownloadDocument?id=3OvnJRzRuhI%3D;Ek-7 · 11-Fiziksel Güvenlik · FZG-58;2026-09-09;2024-09-08;Ek kontrol
FZG-59;AILE-11;Tüm Trafo Merkezleri;Trafo Merkezlerinde çevresel izleme sensörleri konumlandırılmalıdır.;442;;REGULATION;;;;https://www.epdk.gov.tr/Detay/DownloadDocument?id=3OvnJRzRuhI%3D;Ek-7 · 11-Fiziksel Güvenlik · FZG-59;2026-09-09;2024-09-08;Seviye 1
FZG-60;AILE-11;Tüm Trafo Merkezleri;Trafo Merkezlerinde çevresel izleme sensörleri alarm üretebilmelidir.;443;;REGULATION;;;;https://www.epdk.gov.tr/Detay/DownloadDocument?id=3OvnJRzRuhI%3D;Ek-7 · 11-Fiziksel Güvenlik · FZG-60;2026-09-09;2024-09-08;Seviye 1
FZG-61;AILE-11;Tüm Trafo Merkezleri;Trafo Merkezlerinde çevresel izleme sensörleri merkezi olarak izlenebilmelidir.;444;;OPTIONAL;;;;https://www.epdk.gov.tr/Detay/DownloadDocument?id=3OvnJRzRuhI%3D;Ek-7 · 11-Fiziksel Güvenlik · FZG-61;2026-09-09;2024-09-08;Ek kontrol
FZG-62;AILE-11;Tüm Trafo Merkezleri;Trafo Merkezlerinde elektronik giriş çıkış kontrolleri varsa bu bileşenler enerji olmadığında mevcut güvenlik seviyesini sürdürebilmelidir.;445;;REGULATION;;;;https://www.epdk.gov.tr/Detay/DownloadDocument?id=3OvnJRzRuhI%3D;Ek-7 · 11-Fiziksel Güvenlik · FZG-62;2026-09-09;2024-09-08;Seviye 1
FZG-63;AILE-11;Tüm Trafo Merkezleri;Trafo Merkezlerinde çevresel izleme bileşenleri yedek enerji beslemelerinden veya kesintisiz güç kaynağından beslenebilmelidir.;446;;REGULATION;;;;https://www.epdk.gov.tr/Detay/DownloadDocument?id=3OvnJRzRuhI%3D;Ek-7 · 11-Fiziksel Güvenlik · FZG-63;2026-09-09;2024-09-08;Seviye 1
TDY-1;AILE-12;Politika, Prosedür, Süreç;Kuruluşun tedarikçiye olan bağımlılıklarını belirlemek için bağımlılık kriterleri tanımlanmalıdır.;447;;REGULATION;;;;https://www.epdk.gov.tr/Detay/DownloadDocument?id=3OvnJRzRuhI%3D;Ek-7 · 12-Tedarikçi Yönetimi · TDY-1;2026-09-09;2024-09-08;Seviye 1
TDY-2;AILE-12;Politika, Prosedür, Süreç;İletim şebekesi endüstriyel kontrol sistemlerinin (EKS) devamlılığının sağlanması için önem arz eden tüm EKS (EKS ile etkileşimi olan KBS varlıklarını da içerecek şekilde) tedarikçileri ve bu tedarikçilerin bağımlılıkları belirlenmelidir.;448;;REGULATION;;;;https://www.epdk.gov.tr/Detay/DownloadDocument?id=3OvnJRzRuhI%3D;Ek-7 · 12-Tedarikçi Yönetimi · TDY-2;2026-09-09;2024-09-08;Seviye 1
TDY-3;AILE-12;Politika, Prosedür, Süreç;Kuruluş, tüm kritik veya tekil kaynak bağımlılıklarını tanımlamalıdır.;449;;REGULATION;;;;https://www.epdk.gov.tr/Detay/DownloadDocument?id=3OvnJRzRuhI%3D;Ek-7 · 12-Tedarikçi Yönetimi · TDY-3;2026-09-09;2024-09-08;Seviye 1
TDY-4;AILE-12;Politika, Prosedür, Süreç;Kuruluş, tedarikçileri bağımlılıklarına göre önceliklendirmelidir.;450;;REGULATION;;;;https://www.epdk.gov.tr/Detay/DownloadDocument?id=3OvnJRzRuhI%3D;Ek-7 · 12-Tedarikçi Yönetimi · TDY-4;2026-09-09;2024-09-08;Seviye 1
TDY-5;AILE-12;Tedarikçi Risk Yönetimi;Tedarikçiler ve diğer bağımlılıklardan kaynaklanan önemli siber güvenlik riskleri tanımlanmalı ve adreslenmelidir.;451;;REGULATION;;;;https://www.epdk.gov.tr/Detay/DownloadDocument?id=3OvnJRzRuhI%3D;Ek-7 · 12-Tedarikçi Yönetimi · TDY-5;2026-09-09;2024-09-08;Seviye 1
TDY-6;AILE-12;Tedarikçi Risk Yönetimi;Kuruluş, tedarikçi bağımlılıklarından kaynaklanan risk yönetimi aktivitelerini, mevcut risk yönetim süreçlerine dahil etmelidir.;452;;REGULATION;;;;https://www.epdk.gov.tr/Detay/DownloadDocument?id=3OvnJRzRuhI%3D;Ek-7 · 12-Tedarikçi Yönetimi · TDY-6;2026-09-09;2024-09-08;Seviye 1
TDY-7;AILE-12;Tedarikçi Risk Yönetimi;"Tedarikçiler ve diğer üçüncü taraflar ile yapılan sözleşmelerde siber güvenlik gereksinimleri dikkate alınmalıdır. (Bu kontrol; mevcut sözleşmelerde bulunmuyorsa, altyapı yenileme projeleri sırasında ya da bu düzenleme yürürlüğe girdiği andan itibaren kurulacak olan altyapılarda aranacaktır)";453;;REGULATION;;;;https://www.epdk.gov.tr/Detay/DownloadDocument?id=3OvnJRzRuhI%3D;Ek-7 · 12-Tedarikçi Yönetimi · TDY-7;2026-09-09;2024-09-08;Seviye 1
TDY-8;AILE-12;Tedarikçi Risk Yönetimi;Bağımlılıklar sebebi ile belirlenmiş siber güvenlik riskleri, risk yönetim sürecine dahil edilmelidir.;454;;REGULATION;;;;https://www.epdk.gov.tr/Detay/DownloadDocument?id=3OvnJRzRuhI%3D;Ek-7 · 12-Tedarikçi Yönetimi · TDY-8;2026-09-09;2024-09-08;Seviye 1
TDY-9;AILE-12;Tedarikçi Risk Yönetimi;Üçüncü taraflarla (üretici, mühendislik firmaları, altyükleniciler) yapılan sözleşmeler ve anlaşmalar aşağıdakileri içermelidir: - Üçüncü tarafların sunduğu ürün ve hizmetlerde ortaya çıkan zafiyetler, - Üçüncü tarafların kendisine ya da sunduğu ürünlere yönelik saldırı/tehdit bilgileri. (Bu kontrol, altyapı yenileme projeleri sırasında ya da bu düzenleme yürürlüğe girdiği andan itibaren kurulacak olan altyapılarda aranacaktır.);455;;REGULATION;;;;https://www.epdk.gov.tr/Detay/DownloadDocument?id=3OvnJRzRuhI%3D;Ek-7 · 12-Tedarikçi Yönetimi · TDY-9;2026-09-09;2024-09-08;Seviye 2
TDY-10;AILE-12;Tedarikçi Risk Yönetimi;Tedarikçiler kuruluşlara sunduğu ürün ve hizmetler için güvenli yazılım geliştirme süreçleri de dahil olacak şekilde siber güvenlik kontrollerine sahip olmalıdır. Sunulan ürün ve hizmetler bu kontrollere uygun olarak yürütülmelidir.;456;;REGULATION;;;;https://www.epdk.gov.tr/Detay/DownloadDocument?id=3OvnJRzRuhI%3D;Ek-7 · 12-Tedarikçi Yönetimi · TDY-10;2026-09-09;2024-09-08;Seviye 1
TDY-11;AILE-12;Tedarikçi Risk Yönetimi;Tedarikçiler ile yapılan sözleşmeler, tedarikçinin sağladığı hizmetlerin sahip olduğu veya gelecekte oluşabilecek güvenlik açıklarını bildirme sürecini içermelidir. (Bu kontrol, altyapı yenileme projeleri sırasında ya da bu düzenleme yürürlüğe girdiği andan itibaren kurulacak olan altyapılarda aranacaktır.);457;;REGULATION;;;;https://www.epdk.gov.tr/Detay/DownloadDocument?id=3OvnJRzRuhI%3D;Ek-7 · 12-Tedarikçi Yönetimi · TDY-11;2026-09-09;2024-09-08;Seviye 2
TDY-12;AILE-12;Tedarikçi Risk Yönetimi;Tedarikçi tarafından sağlanan tüm yazılım ve yamaların bütünlüğü ve orijinalliği kontrol edilerek bu yazılım ve yamaların değiştirilmediği garanti altına alınmalıdır.;458;;REGULATION;;;;https://www.epdk.gov.tr/Detay/DownloadDocument?id=3OvnJRzRuhI%3D;Ek-7 · 12-Tedarikçi Yönetimi · TDY-12;2026-09-09;2024-09-08;Seviye 1
TDY-13;AILE-12;Tedarikçi Risk Yönetimi;"Tedarikçilerin sisteme uzaktan erişim için talepleri kapsamında dokümante edilmiş uzak erişim bağlantı süreçleri ve kontrol yöntemleri tanımlanmalıdır. Tedarikçi erişimleri ""Kimlik ve Erişim Yönetimi"" başlığına uygun olarak yürütülmelidir.";459;;REGULATION;;;;https://www.epdk.gov.tr/Detay/DownloadDocument?id=3OvnJRzRuhI%3D;Ek-7 · 12-Tedarikçi Yönetimi · TDY-13;2026-09-09;2024-09-08;Seviye 1
TDY-14;AILE-12;Tedarikçi Risk Yönetimi;Tedarikçi ile yapılan sözleşmelerde, iletim şebekesi endüstriyel kontrol sistemlerinin (EKS) sürekliliğini tehdit eden arıza ve problemlere müdahale süreçleri belirlenmeli ve oluşabilecek riskler, risk yönetim sürecine dahil edilmelidir.;460;;REGULATION;;;;https://www.epdk.gov.tr/Detay/DownloadDocument?id=3OvnJRzRuhI%3D;Ek-7 · 12-Tedarikçi Yönetimi · TDY-14;2026-09-09;2024-09-08;Seviye 1
TDY-15;AILE-12;Tedarikçi Risk Yönetimi;Tedarikçilerin ve diğer harici kuruluşların değerlendirilmesi ve seçimi süreçlerinde, tedarikçilerin siber güvenlik gereksinimlerini karşılama yetenekleri değerlendirilmelidir.;461;;REGULATION;;;;https://www.epdk.gov.tr/Detay/DownloadDocument?id=3OvnJRzRuhI%3D;Ek-7 · 12-Tedarikçi Yönetimi · TDY-15;2026-09-09;2024-09-08;Seviye 1
TDY-16;AILE-12;Tedarikçi Risk Yönetimi;Tedarikçilerle yapılan sözleşmeler ya da yapılacak işi tanımlayan teknik şartnameler, bir siber güvenlik olayı veya ihlaline ilişkin bildirimleri de içermelidir. (Bu kontrol, altyapı yenileme projeleri sırasında ya da bu düzenleme yürürlüğe girdiği andan itibaren kurulacak olan altyapılarda aranacaktır.);462;;REGULATION;;;;https://www.epdk.gov.tr/Detay/DownloadDocument?id=3OvnJRzRuhI%3D;Ek-7 · 12-Tedarikçi Yönetimi · TDY-16;2026-09-09;2024-09-08;Seviye 2
TDY-17;AILE-12;Tedarikçi Risk Yönetimi;Kuruluşun bilgi varlıklarına geçici ya da kalıcı olarak erişebilen (uzak erişimler de dahil olmak üzere), bunu işletebilen, depolayabilen, iletebilen veya kuruluşun bilgi varlıkları için KBS altyapı bileşenlerini temin eden tedarikçilerin her biri ile sözleşme yapılmalı ve sözleşmeler bilgi güvenliği gereksinimlerini içermelidir.;463;;REGULATION;;;;https://www.epdk.gov.tr/Detay/DownloadDocument?id=3OvnJRzRuhI%3D;Ek-7 · 12-Tedarikçi Yönetimi · TDY-17;2026-09-09;2024-09-08;Seviye 1
TDY-18;AILE-12;Tedarikçi Risk Yönetimi;Üçüncü taraflardan doğan risklere ilişkin azaltıcı/yok edici kontroller uygulanmalıdır.;464;;REGULATION;;;;https://www.epdk.gov.tr/Detay/DownloadDocument?id=3OvnJRzRuhI%3D;Ek-7 · 12-Tedarikçi Yönetimi · TDY-18;2026-09-09;2024-09-08;Seviye 1
TDY-19;AILE-12;Tedarikçi Risk Yönetimi;Kuruluş tarafından üçüncü taraflara yönelik uygulanacak siber güvenlik kontrolleri, üçüncü tarafın kritikliğine ve risk seviyesine uyarlanabilir olmalıdır.;465;;REGULATION;;;;https://www.epdk.gov.tr/Detay/DownloadDocument?id=3OvnJRzRuhI%3D;Ek-7 · 12-Tedarikçi Yönetimi · TDY-19;2026-09-09;2024-09-08;Seviye 1
TDY-20;AILE-12;Tedarikçi Risk Yönetimi;Üçüncü taraf siber güvenlik süreç yönetiminde ve seçiminde destek sonu (end of support), ömür sonu (end of life) durumları göz önünde bulundurulmalı, sözleşmelere dahil edilmelidir. (Bu kontrol, altyapı yenileme projeleri sırasında ya da bu düzenleme yürürlüğe girdiği andan itibaren kurulacak olan altyapılarda aranacaktır.);466;;REGULATION;;;;https://www.epdk.gov.tr/Detay/DownloadDocument?id=3OvnJRzRuhI%3D;Ek-7 · 12-Tedarikçi Yönetimi · TDY-20;2026-09-09;2024-09-08;Seviye 2
TDY-21;AILE-12;Tedarikçi Risk Yönetimi;Üçüncü tarafların lisanslı olmayan ürün sağlamasının önüne geçilmelidir. Bu konuyla ilgili oluşabilecek güvenlik ihlalleri sözleşme ya da teknik şartnamelerde ele alınmalıdır. (Bu kontrol, altyapı yenileme projeleri sırasında ya da bu düzenleme yürürlüğe girdiği andan itibaren kurulacak olan altyapılarda aranacaktır);467;;REGULATION;;;;https://www.epdk.gov.tr/Detay/DownloadDocument?id=3OvnJRzRuhI%3D;Ek-7 · 12-Tedarikçi Yönetimi · TDY-21;2026-09-09;2024-09-08;Seviye 2
TDY-22;AILE-12;Tedarikçi Risk Yönetimi;Siber güvenlik gereksinimlerinin karşılanmasına ilişkin kabul testleri (SAT ve FAT) tanımlanmalı ve gerçekleştirilmelidir. (Bu kontrol, altyapı yenileme projeleri sırasında ya da bu düzenleme yürürlüğe girdiği andan itibaren kurulacak olan altyapılarda aranacaktır);468;;REGULATION;;;;https://www.epdk.gov.tr/Detay/DownloadDocument?id=3OvnJRzRuhI%3D;Ek-7 · 12-Tedarikçi Yönetimi · TDY-22;2026-09-09;2024-09-08;Seviye 2
TDY-23;AILE-12;Tedarikçi Risk Yönetimi;Üçüncü tarafların siber güvenlik kapasite yeterliliği periyodik olarak gözden geçirilmeli, tanımlı metriklerle ölçülmelidir. İşletmeler, belirli puanın altında kalan tedarikçilerle olan çalışmalarını gözden geçirmelidir.;469;;REGULATION;;;;https://www.epdk.gov.tr/Detay/DownloadDocument?id=3OvnJRzRuhI%3D;Ek-7 · 12-Tedarikçi Yönetimi · TDY-23;2026-09-09;2024-09-08;Seviye 2
TDY-24;AILE-12;Politika, Prosedür, Süreç;Kuruluş, tedarikçilerden doğan değişiklikleri yönetmelidir. Bu değişikliklerin siber güvenlik risk durumuna olan etkileri risk yönetim süreci kapsamında ele alınmalıdır.;470;;REGULATION;;;;https://www.epdk.gov.tr/Detay/DownloadDocument?id=3OvnJRzRuhI%3D;Ek-7 · 12-Tedarikçi Yönetimi · TDY-24;2026-09-09;2024-09-08;Seviye 1
TDY-25;AILE-12;Politika, Prosedür, Süreç;Üçüncü taraflara yönelik uygulanacak politika ve prosedürler periyodik olarak veya ihtiyaçlara uygun şekilde güncellenmelidir.;471;;REGULATION;;;;https://www.epdk.gov.tr/Detay/DownloadDocument?id=3OvnJRzRuhI%3D;Ek-7 · 12-Tedarikçi Yönetimi · TDY-25;2026-09-09;2024-09-08;Seviye 1
TDY-26;AILE-12;Politika, Prosedür, Süreç;Üçüncü taraflarla olan ilişkileri yöneten ve hizmetleri sağlayan personelde gerekli siber güvenlik yetkinlikleri aranmalıdır. Yetkinliklere ilişkin şartlar sözleşmelerle ya da teknik şartnamelerle garanti altına alınmalıdır.;472;;REGULATION;;;;https://www.epdk.gov.tr/Detay/DownloadDocument?id=3OvnJRzRuhI%3D;Ek-7 · 12-Tedarikçi Yönetimi · TDY-26;2026-09-09;2024-09-08;Seviye 1
TDY-27;AILE-12;Politika, Prosedür, Süreç;Üçüncü taraflarla olan ilişkileri yöneten personele ilişkin sorumluluklar, yetki ve hesap verilebilirlik durumu dokümante edilmiş olmalıdır.;473;;REGULATION;;;;https://www.epdk.gov.tr/Detay/DownloadDocument?id=3OvnJRzRuhI%3D;Ek-7 · 12-Tedarikçi Yönetimi · TDY-27;2026-09-09;2024-09-08;Seviye 1
TDY-28;AILE-12;Politika, Prosedür, Süreç;Üçüncü taraflara ilişkin aktiviteler sürekli olarak izlenmeli ve değerlendirilmelidir.;474;;REGULATION;;;;https://www.epdk.gov.tr/Detay/DownloadDocument?id=3OvnJRzRuhI%3D;Ek-7 · 12-Tedarikçi Yönetimi · TDY-28;2026-09-09;2024-09-08;Seviye 1
TDY-29;AILE-12;Politika, Prosedür, Süreç;Üçüncü tarafların hizmet sunduğu kuruluşa ait bilgileri halka açık ağlarda izinsiz yayınlayamayacağı ve referans gösteremeyeceği hususu şartnameler ya da sözleşmelerle garanti altına alınmalıdır.;475;;REGULATION;;;;https://www.epdk.gov.tr/Detay/DownloadDocument?id=3OvnJRzRuhI%3D;Ek-7 · 12-Tedarikçi Yönetimi · TDY-29;2026-09-09;2024-09-08;Seviye 1
