kod;ust_kod;baslik;metin;sira;seviye;zorunluluk_tipi;kanit_beklentisi;dis_kontrol_id;kanit_tipi;kaynak_url;kaynak_yeri;erisim_tarihi;yururluk_tarihi;gereksinim_tipi
AILE-01;;Endüstriyel Ağ Güvenliği;;0;;;;;;https://www.epdk.gov.tr/Detay/DownloadDocument?id=4KFPqszJ13k%3D;Ek-1 · 01-Endüstriyel Ağ Güvenliği;2026-09-09;;
AILE-02;;Endüstriyel İstemci ve Sunucu Güvenliği;;1;;;;;;https://www.epdk.gov.tr/Detay/DownloadDocument?id=4KFPqszJ13k%3D;Ek-1 · 02-İstemci ve Sunucu Güvenliği;2026-09-09;;
AILE-03;;Endüstriyel Tehdit ve Zafiyet Yönetimi;;2;;;;;;https://www.epdk.gov.tr/Detay/DownloadDocument?id=4KFPqszJ13k%3D;Ek-1 · 03-Tehdit ve Zafiyet Yönetimi;2026-09-09;;
AILE-04;;Endüstriyel Siber Güvenlik Risk Yönetimi;;3;;;;;;https://www.epdk.gov.tr/Detay/DownloadDocument?id=4KFPqszJ13k%3D;Ek-1 · 04-Endüstriyel Risk Yönetimi;2026-09-09;;
AILE-05;;Endüstriyel Varlık, Değişim ve Konfigürasyon Yönetimi;;4;;;;;;https://www.epdk.gov.tr/Detay/DownloadDocument?id=4KFPqszJ13k%3D;Ek-1 · 05-Varlık ve Konfigürasyon;2026-09-09;;
AILE-06;;Endüstriyel Kimlik ve Erişim Yönetimi;;5;;;;;;https://www.epdk.gov.tr/Detay/DownloadDocument?id=4KFPqszJ13k%3D;Ek-1 · 06-Kimlik ve Erişim Yönetimi;2026-09-09;;
AILE-07;;Endüstriyel Olay Yönetimi ve Süreklilik;;6;;;;;;https://www.epdk.gov.tr/Detay/DownloadDocument?id=4KFPqszJ13k%3D;Ek-1 · 07-Olay Yönetimi ve Süreklilik;2026-09-09;;
AILE-08;;Akıllı Cihaz Güvenliği;;7;;;;;;https://www.epdk.gov.tr/Detay/DownloadDocument?id=4KFPqszJ13k%3D;Ek-1 · 08-Akıllı Cihaz Güvenliği;2026-09-09;;
AILE-09;;Endüstriyel Operasyon Güvenliği;;8;;;;;;https://www.epdk.gov.tr/Detay/DownloadDocument?id=4KFPqszJ13k%3D;Ek-1 · 09-Endüstriyel Operasyon Güv;2026-09-09;;
AILE-10;;İnsan Kaynakları Güvenliği;;9;;;;;;https://www.epdk.gov.tr/Detay/DownloadDocument?id=4KFPqszJ13k%3D;Ek-1 · 10-İK Güvenliği;2026-09-09;;
AILE-11;;Fiziksel Güvenlik;;10;;;;;;https://www.epdk.gov.tr/Detay/DownloadDocument?id=4KFPqszJ13k%3D;Ek-1 · 11-Fiziksel Güvenlik;2026-09-09;;
AILE-12;;Tedarikçi Yönetimi;;11;;;;;;https://www.epdk.gov.tr/Detay/DownloadDocument?id=4KFPqszJ13k%3D;Ek-1 · 12-Tedarikçi Yönetimi;2026-09-09;;
EAG-1;AILE-01;Endüstriyel Ağa Erişim Kontrolleri;Elektrik dağıtım şebekeleri endüstriyel kontrol sistemlerinde (EKS) hizmet veren kontrol merkezlerinde yetkisiz kişi ve cihazların endüstriyel ağa girişi (Network Access) kısıtlanmalı (Port security, kullanılmayan portların devre dışı bırakılması, fiziksel olarak kapatılması vb.) veya fiziksel güvenlik önlemleri ile yetkisiz erişimler engellenmelidir. Bu kontroller hem kablolu hem de kablosuz ağlar için uygulanmalıdır.;12;;REGULATION;;;;https://www.epdk.gov.tr/Detay/DownloadDocument?id=4KFPqszJ13k%3D;Ek-1 · 01-Endüstriyel Ağ Güvenliği · EAG-1;2026-09-09;2023-06-06;Seviye 1
EAG-2;AILE-01;Endüstriyel Ağa Erişim Kontrolleri;Elektrik dağıtım şebekeleri endüstriyel kontrol sistemlerinde hizmet veren acil durum/yedek kontrol merkezlerinde yetkisiz kişi ve cihazların endüstriyel ağa girişi (Network Access) kısıtlanmalı (Port security, kullanılmayan portların devre dışı bırakılması, fiziksel olarak kapatılması vb.) veya fiziksel güvenlik önlemleri ile yetkisiz erişimler engellenmelidir. Bu kontroller hem kablolu hem de kablosuz ağlar için uygulanmalıdır.;13;;REGULATION;;;;https://www.epdk.gov.tr/Detay/DownloadDocument?id=4KFPqszJ13k%3D;Ek-1 · 01-Endüstriyel Ağ Güvenliği · EAG-2;2026-09-09;2023-06-06;Seviye 1
EAG-3;AILE-01;Politika, Prosedür, Süreç;Elektrik dağıtım şebekesi içerisinde mevcut SCADA sistemine bağlı veya ethernet tabanlı ağ yapısı olan tüm trafo merkezleri tüketim yoğunluklarına göre tüketimi çok olandan başlanarak listelenmelidir. (Yükümlü kuruluşlar kendi dağıtım bölgelerinin dinamikleri uyarınca ilave kritiklik belirleme parametreleri de kullanabilir.);14;;REGULATION;;;;https://www.epdk.gov.tr/Detay/DownloadDocument?id=4KFPqszJ13k%3D;Ek-1 · 01-Endüstriyel Ağ Güvenliği · EAG-3;2026-09-09;2023-06-06;Seviye 2
EAG-4;AILE-01;Endüstriyel Ağa Erişim Kontrolleri;Kritiklik seviyesi A sınıfı olan kuruluşlar bir önceki adımda belirlenen trafo merkezi tüketim yoğunluk listesinin ilk %20'sinde bulunan trafo merkezlerinde ağa giriş kontrolleri uygulamalıdır. (Port security, kullanılmayan portların devre dışı bırakılması, fiziksel olarak kapatılması vb.) Kritiklik seviyesi B-C sınıfı olan kuruluşlar bir önceki adımda belirlenen trafo merkezi tüketim yoğunluk listesinin ilk %25'inde bulunan trafo merkezlerinde ağa giriş kontrolleri uygulamalıdır.;15;;REGULATION;;;;https://www.epdk.gov.tr/Detay/DownloadDocument?id=4KFPqszJ13k%3D;Ek-1 · 01-Endüstriyel Ağ Güvenliği · EAG-4;2026-09-09;2023-06-06;Seviye 2
EAG-5;AILE-01;Endüstriyel Ağ İzolasyonu ve Segmantasyonu;Elektrik dağıtım şebekeleri endüstriyel kontrol sistemlerinde (EKS), kontrol merkezleri ve her türlü uç sahalarla olan haberleşmeler güvenlik duvarı (Referans_Topoloji_Elektrik_Dağıtım: EKS-GD-01) üzerinden sağlanmalıdır. Bu güvenlik duvarı sadece endüstriyel ağların izolasyonu/ayrıştırılması için konumlandırılmalı ve KBS güvenlik duvarından farklı olmalıdır. Kullanılan güvenlik duvarı ilgili kuruluşun endüstriyel protokollerini desteklemelidir. (IEC 104, DNP3 vb.);16;;REGULATION;;;;https://www.epdk.gov.tr/Detay/DownloadDocument?id=4KFPqszJ13k%3D;Ek-1 · 01-Endüstriyel Ağ Güvenliği · EAG-5;2026-09-09;2023-06-06;Seviye 2
EAG-6;AILE-01;Endüstriyel Ağ İzolasyonu ve Segmantasyonu;Elektrik dağıtım şebekeleri endüstriyel kontrol sistemleri ana kontrol merkezi ve acil durum/yedek kontrol merkezi arasındaki haberleşmeler yukarıda adreslenen endüstriyel ağın izolasyonu/ayrıştırılması için kullanılan güvenlik duvarı (Referans_Topoloji_Elektrik_Dağıtım: EKS-GD-01) üzerinden ve güvenli bir iletişim kanalı kullanılarak (IPsec vb.) sağlanmalıdır.;17;;REGULATION;;;;https://www.epdk.gov.tr/Detay/DownloadDocument?id=4KFPqszJ13k%3D;Ek-1 · 01-Endüstriyel Ağ Güvenliği · EAG-6;2026-09-09;2023-06-06;Seviye 2
EAG-7;AILE-01;Endüstriyel Ağ İzolasyonu ve Segmantasyonu;Elektrik dağıtım şebekeleri endüstriyel kontrol sistemleri (EKS) kontrol merkezleri arasında Layer2 bağlantı olması durumunda, hem ana kontrol merkezi hem de acil durum/yedek kontrol merkezlerinde aynı ağ güvenlik kontrolleri uygulanıyor olmalıdır.;18;;REGULATION;;;;https://www.epdk.gov.tr/Detay/DownloadDocument?id=4KFPqszJ13k%3D;Ek-1 · 01-Endüstriyel Ağ Güvenliği · EAG-7;2026-09-09;2023-06-06;Seviye 2
EAG-8;AILE-01;Endüstriyel Ağ İzolasyonu ve Segmantasyonu;Elektrik dağıtım şebekeleri endüstriyel kontrol sistemlerinde (EKS) endüstriyel ağlar ve harici ağlar arasındaki (güvensiz ağlar) haberleşmeler güvenlik duvarı (Referans_Topoloji_Elektrik_Dağıtım: EKS-GD-01) üzerinden sağlanmalıdır. Bu güvenlik duvarı endüstriyel ağı izole eden güvenlik duvarıdır.;19;;REGULATION;;;;https://www.epdk.gov.tr/Detay/DownloadDocument?id=4KFPqszJ13k%3D;Ek-1 · 01-Endüstriyel Ağ Güvenliği · EAG-8;2026-09-09;2023-06-06;Seviye 2
EAG-9;AILE-01;Endüstriyel Ağ İzolasyonu ve Segmantasyonu;Elektrik dağıtım şebekeleri endüstriyel kontrol sistemlerinde (EKS) farklı kontrol sistemleri ile ICCP üzerinden veri okuma entegrasyonları endüstriyel ağı izole eden güvenlik duvarı (Referans_Topoloji_Elektrik_Dağıtım: EKS-GD-01) üzerinden sağlanmalıdır.;20;;REGULATION;;;;https://www.epdk.gov.tr/Detay/DownloadDocument?id=4KFPqszJ13k%3D;Ek-1 · 01-Endüstriyel Ağ Güvenliği · EAG-9;2026-09-09;2023-06-06;Seviye 2
EAG-10;AILE-01;Endüstriyel Ağ İzolasyonu ve Segmantasyonu;Elektrik dağıtım şebekeleri endüstriyel kontrol sistemlerinde (EKS) farklı kontrol sistemleri ile ICCP üzerinden veri yazma entegrasyonları, ICCP protokolünü tanıyan ve sadece belirli parametrelere izin verebilen bir güvenlik duvarı veya benzeri güvenliği sağlayabilen bir güvenlik bileşeni üzerinden sağlanmalıdır.;21;;OPTIONAL;;;;https://www.epdk.gov.tr/Detay/DownloadDocument?id=4KFPqszJ13k%3D;Ek-1 · 01-Endüstriyel Ağ Güvenliği · EAG-10;2026-09-09;2023-06-06;Ek kontrol
EAG-11;AILE-01;Endüstriyel Ağ İzolasyonu ve Segmantasyonu;Elektrik dağıtım şebekeleri endüstriyel kontrol sistemlerinde (EKS) uç sahalarla olan haberleşmeler için kullanılan endüstriyel protokollerde yetkisiz endüstriyel komutları durdurabilecek güvenlik cihazları (Referans_Topoloji_Elektrik_Dağıtım: EKS-GD-01) konumlandırılmalıdır. (IEC 104, DNP3 protokolleri ile elektrik açma/kesme operasyonları vb.);22;;OPTIONAL;;;;https://www.epdk.gov.tr/Detay/DownloadDocument?id=4KFPqszJ13k%3D;Ek-1 · 01-Endüstriyel Ağ Güvenliği · EAG-11;2026-09-09;2023-06-06;Ek kontrol
EAG-12;AILE-01;Endüstriyel Ağ İzolasyonu ve Segmantasyonu;Elektrik dağıtım şebekeleri endüstriyel kontrol sistemlerinde (EKS) GES, RES gibi santraller üzerinden elektrik dağıtım şebekesine ait kontrol sistemi bileşenlerine olan bağlantılar güvenlik duvarı (Referans_Topoloji_Elektrik_Dağıtım: EKS-GD-01) üzerinden sağlanmalıdır.;23;;REGULATION;;;;https://www.epdk.gov.tr/Detay/DownloadDocument?id=4KFPqszJ13k%3D;Ek-1 · 01-Endüstriyel Ağ Güvenliği · EAG-12;2026-09-09;2023-06-06;Seviye 2
EAG-13;AILE-01;Politika, Prosedür, Süreç;Elektrik dağıtım şebekeleri endüstriyel kontrol sistemlerinde (EKS) endüstriyel ağlara ilişkin mantıksal topolojiler katmanlı güvenlik mimarisiyle tasarlanmalı ve uygun şekilde dokümante edilmelidir.;24;;REGULATION;;;;https://www.epdk.gov.tr/Detay/DownloadDocument?id=4KFPqszJ13k%3D;Ek-1 · 01-Endüstriyel Ağ Güvenliği · EAG-13;2026-09-09;2023-06-06;Seviye 1
EAG-14;AILE-01;Politika, Prosedür, Süreç;Elektrik dağıtım şebekeleri endüstriyel kontrol sistemlerinde (EKS) endüstriyel ağlara ilişkin fiziksel topolojiler dokümante edilmelidir.;25;;REGULATION;;;;https://www.epdk.gov.tr/Detay/DownloadDocument?id=4KFPqszJ13k%3D;Ek-1 · 01-Endüstriyel Ağ Güvenliği · EAG-14;2026-09-09;2023-06-06;Seviye 1
EAG-15;AILE-01;Endüstriyel Ağlarda Saldırı Tespiti/İzleme;Elektrik dağıtım şebekeleri endüstriyel kontrol sistemlerinde (EKS) endüstriyel bileşenlere güvensiz ağlar ya da yarı güvenli ağlar (DMZ: Demilitarized zone) üzerinden olan erişim trafiği bir saldırı tespit katmanından geçirilmelidir. Bunu sağlamak adına mevcut güvenlik bileşenlerinde IDS imzaları devreye alınabileceği gibi alternatif olarak açık kaynak kodlu teknolojiler de kullanılabilir.;26;;REGULATION;;;;https://www.epdk.gov.tr/Detay/DownloadDocument?id=4KFPqszJ13k%3D;Ek-1 · 01-Endüstriyel Ağ Güvenliği · EAG-15;2026-09-09;2023-06-06;Seviye 2
EAG-16;AILE-01;Endüstriyel Ağlarda Saldırı Tespiti/İzleme;Elektrik dağıtım şebekeleri endüstriyel kontrol sistemlerinde (EKS) endüstriyel ağlarda trafik aynalanması (mirroring) yöntemi ile saldırı tespiti gerçekleştirilebilmelidir. Bu izleme minimum olarak kontrol merkezi ve acil durum kontrol merkezi ağları ile kontrol merkezlerinin uç sahalarla WAN haberleşmelerini de kapsamalıdır.;27;;REGULATION;;;;https://www.epdk.gov.tr/Detay/DownloadDocument?id=4KFPqszJ13k%3D;Ek-1 · 01-Endüstriyel Ağ Güvenliği · EAG-16;2026-09-09;2023-06-06;Seviye 2
EAG-17;AILE-01;Endüstriyel Ağlarda Saldırı Tespiti/İzleme;Elektrik dağıtım şebekeleri endüstriyel kontrol sistemlerinde (EKS) trafo merkezleri ağlarında trafik aynalanması (mirroring) yöntemi ile saldırı tespiti gerçekleştirilebilmelidir.;28;;OPTIONAL;;;;https://www.epdk.gov.tr/Detay/DownloadDocument?id=4KFPqszJ13k%3D;Ek-1 · 01-Endüstriyel Ağ Güvenliği · EAG-17;2026-09-09;2023-06-06;Ek kontrol
EAG-18;AILE-01;Endüstriyel Ağlarda Saldırı Kesme;Elektrik dağıtım şebekeleri endüstriyel kontrol sistemlerinde (EKS) endüstriyel ağları izole etmek/ayrıştırmak için konumlandırılan güvenlik duvarı üzerinde (Referans_Topoloji_Elektrik_Dağıtım: EKS-GD-01) endüstriyel protokollere yönelik tehditleri de içeren IPS ve antivirüs vb. güvenlik önlemleri devreye alınmalıdır.;29;;OPTIONAL;;;;https://www.epdk.gov.tr/Detay/DownloadDocument?id=4KFPqszJ13k%3D;Ek-1 · 01-Endüstriyel Ağ Güvenliği · EAG-18;2026-09-09;2023-06-06;Ek kontrol
EAG-19;AILE-01;Endüstriyel Ağ İzolasyonu ve Segmantasyonu;Elektrik dağıtım şebekeleri endüstriyel kontrol sistemleri (EKS) içerisinde bulunan bileşenler görevlerine göre sanal ağlara (VLAN) ayrılmalı ve bu ağlar arasında geçiş kontrolleri uygulanmalıdır. Söz konusu katmanlı yapı acil durum/yedek kontrol merkezlerinde de gerçekleştirilmelidir. (Bu kontrol, altyapı yenileme projeleri sırasında ya da bu düzenleme yürürlüğe girdiği andan itibaren kurulacak olan altyapılarda aranacaktır.);30;;REGULATION;;;;https://www.epdk.gov.tr/Detay/DownloadDocument?id=4KFPqszJ13k%3D;Ek-1 · 01-Endüstriyel Ağ Güvenliği · EAG-19;2026-09-09;2023-06-06;Seviye 2
EAG-20;AILE-01;Endüstriyel Ağ İzolasyonu ve Segmantasyonu;Elektrik dağıtım şebekeleri endüstriyel kontrol sistemlerinde (EKS) mühendislik iş istasyonları endüstriyel ağlardan izole edilmelidir. Sadece iş ihtiyacı olduğu durumlarda kullanıma tahsis edilmelidir.;31;;REGULATION;;;;https://www.epdk.gov.tr/Detay/DownloadDocument?id=4KFPqszJ13k%3D;Ek-1 · 01-Endüstriyel Ağ Güvenliği · EAG-20;2026-09-09;2023-06-06;Seviye 2
EAG-21;AILE-01;Endüstriyel Ağ İzolasyonu ve Segmantasyonu;Elektrik dağıtım şebekeleri endüstriyel kontrol sistemlerinde (EKS) endüstriyel ağlardan kurumsal ağlara doğru olan haberleşmeler bu haberleşmelere özel oluşturulmuş OT-DMZ ağları ya da izole sanal ağlar (VLAN) üzerinden sağlanmalıdır. Aynı şekilde kurumsal ağlardan endüstriyel ağlara doğru olan haberleşmeler de OT-DMZ ağları ya da izole sanal ağlar (VLAN) üzerinden sağlanmalıdır.;32;;REGULATION;;;;https://www.epdk.gov.tr/Detay/DownloadDocument?id=4KFPqszJ13k%3D;Ek-1 · 01-Endüstriyel Ağ Güvenliği · EAG-21;2026-09-09;2023-06-06;Seviye 2
EAG-22;AILE-01;Endüstriyel Ağ İzolasyonu ve Segmantasyonu;Elektrik dağıtım şebekeleri endüstriyel kontrol sistemlerinde (EKS) sanal ağların (VLAN) devreye alınmasını takiben ağ ve güvenlik cihazlarının yönetim arayüzleri de (management interface) ayrı bir sanal ağ üzerinde konumlandırılmalıdır. (Bu kontrol, altyapı yenileme projeleri sırasında ya da bu düzenleme yürürlüğe girdiği andan itibaren kurulacak olan altyapılarda aranacaktır.);33;;REGULATION;;;;https://www.epdk.gov.tr/Detay/DownloadDocument?id=4KFPqszJ13k%3D;Ek-1 · 01-Endüstriyel Ağ Güvenliği · EAG-22;2026-09-09;2023-06-06;Seviye 2
EAG-23;AILE-01;Endüstriyel Ağ İzolasyonu ve Segmantasyonu;Elektrik dağıtım şebekeleri endüstriyel kontrol sistemleri (EKS) altyapısında her bir uç istasyon ağ seviyesinde farklı bir alt ağ olarak oluşturulmalıdır.;34;;REGULATION;;;;https://www.epdk.gov.tr/Detay/DownloadDocument?id=4KFPqszJ13k%3D;Ek-1 · 01-Endüstriyel Ağ Güvenliği · EAG-23;2026-09-09;2023-06-06;Seviye 2
EAG-24;AILE-01;Endüstriyel Ağ İzolasyonu ve Segmantasyonu;Elektrik dağıtım şebekeleri endüstriyel kontrol sistemleri (EKS) altyapısında her bir uç istasyon için endüstriyel protokol trafiği ve diğer trafikler (kamera, fiziksel güvenlik, sayaç vb.) farklı sanal ağlar (VLAN) olarak yapılandırılmalı ve bu sanal ağlar (VLAN) arası geçiş mevcut ağ/güvenlik cihazları üzerinden kontrollü olarak sağlanmalıdır.;35;;REGULATION;;;;https://www.epdk.gov.tr/Detay/DownloadDocument?id=4KFPqszJ13k%3D;Ek-1 · 01-Endüstriyel Ağ Güvenliği · EAG-24;2026-09-09;2023-06-06;Seviye 3
EAG-25;AILE-01;Endüstriyel Ağ İzolasyonu ve Segmantasyonu;Endüstriyel ağlarla iletişim halinde olan tüm KBS bileşenleri ayrı bir sanal ağ (VLAN) içerisinde konumlandırılmalı ve OT-DMZ ağı üzerinden endüstriyel ağlar ile haberleşmelidir. (CRM, CBS, WorkForce Management, ERP, OMS, Güvenli Uzak Erişim vb.);36;;OPTIONAL;;;;https://www.epdk.gov.tr/Detay/DownloadDocument?id=4KFPqszJ13k%3D;Ek-1 · 01-Endüstriyel Ağ Güvenliği · EAG-25;2026-09-09;2023-06-06;Ek kontrol
EAG-26;AILE-01;Endüstriyel Ağ İzolasyonu ve Segmantasyonu;Endüstriyel ağlar ve KBS ağları arasında haberleşmenin yönü endüstriyel ağdan kurumsal ağa olacak şekilde OT-DMZ üzerinden sağlanmalıdır. Kurumsal ağlardan endüstriyel ağlara doğru veri çekme operasyonlarının gerekli olması durumunda bu veri akışı ek kontroller ile gerçekleştirilmelidir.;37;;REGULATION;;;;https://www.epdk.gov.tr/Detay/DownloadDocument?id=4KFPqszJ13k%3D;Ek-1 · 01-Endüstriyel Ağ Güvenliği · EAG-26;2026-09-09;2023-06-06;Seviye 2
EAG-27;AILE-01;Endüstriyel Ağ İzolasyonu ve Segmantasyonu;Endüstriyel ağlar içerisinde yer alan sunucu ve uygulamalar doğrudan internet üzerinden erişilebilir durumda olmamalıdır.;38;;REGULATION;;;;https://www.epdk.gov.tr/Detay/DownloadDocument?id=4KFPqszJ13k%3D;Ek-1 · 01-Endüstriyel Ağ Güvenliği · EAG-27;2026-09-09;2023-06-06;Seviye 1
EAG-28;AILE-01;Endüstriyel Ağ İzolasyonu ve Segmantasyonu;Endüstriyel ağlarla iletişimi olan tüm bileşenlerin doğrudan internete olan erişimleri sonlandırılmalıdır.;39;;REGULATION;;;;https://www.epdk.gov.tr/Detay/DownloadDocument?id=4KFPqszJ13k%3D;Ek-1 · 01-Endüstriyel Ağ Güvenliği · EAG-28;2026-09-09;2023-06-06;Seviye 1
EAG-29;AILE-01;Endüstriyel Ağa Uzak Erişim;Elektrik dağıtım şebekeleri endüstriyel kontrol sistemi (EKS) bileşenlerine internet üzerinden gerçekleştirilecek tüm uzak erişimler öncelikli olarak KBS/kurumsal ağ üzerinde sonlandırılmalıdır. (VPN vb.) Bu uzak erişim yöntemleri üreticiler, çalışanlar ve alt yükleniciler için farklı yetkilendirme politikalarını destekleyebilmelidir. KBS ağı üzerinden endüstriyel ağlara yönelik uzak erişimler OT-DMZ ağı içerisinde konumlandırılmış güvenli bir atlama noktası/sunucusu/uygulaması üzerinden kontrollü olarak sağlanmalıdır. Uzaktan erişimlere ilişkin tüm süreçler diğer mevcut teknik maddelere uyumlu olarak işletilmelidir.(Olay yönetimi ve süreklilik, kimlik ve erişim yönetimi vb.);40;;REGULATION;;;;https://www.epdk.gov.tr/Detay/DownloadDocument?id=4KFPqszJ13k%3D;Ek-1 · 01-Endüstriyel Ağ Güvenliği · EAG-29;2026-09-09;2023-06-06;Seviye 1
EAG-30;AILE-01;Endüstriyel Ağa Uzak Erişim;Elektrik dağıtım şebekeleri endüstriyel kontrol sistemlerine (EKS) yapılacak uzak erişimler için bu işe özelleşmiş teknolojiler kullanılmalıdır. (Oturum kaydetme, oturum yönetimi, çift faktörlü doğrulama, güvenli dosya transferi vb.);41;;OPTIONAL;;;;https://www.epdk.gov.tr/Detay/DownloadDocument?id=4KFPqszJ13k%3D;Ek-1 · 01-Endüstriyel Ağ Güvenliği · EAG-30;2026-09-09;2023-06-06;Ek kontrol
EAG-31;AILE-01;Endüstriyel Ağlarda Saldırı Tespiti/İzleme;Elektrik dağıtım şebekeleri endüstriyel kontrol sistemlerinde (EKS) endüstriyel ağlar üzerinde tüm güvensiz servisler (açık metin protokoller, uzak erişim servisleri, güncelliğini yitirmiş protokoller) periyodik denetim ya da ağ trafiğinin analizi ile tespit edilmelidir.;42;;REGULATION;;;;https://www.epdk.gov.tr/Detay/DownloadDocument?id=4KFPqszJ13k%3D;Ek-1 · 01-Endüstriyel Ağ Güvenliği · EAG-31;2026-09-09;2023-06-06;Seviye 1
EAG-32;AILE-01;Endüstriyel Ağlarda Güvenli Konfigürasyon;Elektrik dağıtım şebekeleri endüstriyel kontrol sistemlerinde (EKS) endüstriyel ağlar üzerinde tespit edilen BT tabanlı (TELNET, HTTP, TFTP, vb.) güvensiz servisler devre dışı bırakılmalıdır.;43;;REGULATION;;;;https://www.epdk.gov.tr/Detay/DownloadDocument?id=4KFPqszJ13k%3D;Ek-1 · 01-Endüstriyel Ağ Güvenliği · EAG-32;2026-09-09;2023-06-06;Seviye 2
EAG-33;AILE-01;Endüstriyel Ağlarda Güvenli Konfigürasyon;Elektrik dağıtım şebekeleri endüstriyel kontrol sistemlerinde (EKS) endüstriyel ağlar üzerinde tespit edilen gereksiz veya kullanılmayan servisler devre dışı bırakılmalıdır.;44;;REGULATION;;;;https://www.epdk.gov.tr/Detay/DownloadDocument?id=4KFPqszJ13k%3D;Ek-1 · 01-Endüstriyel Ağ Güvenliği · EAG-33;2026-09-09;2023-06-06;Seviye 2
EAG-34;AILE-01;Endüstriyel Ağlarda Saldırı Tespiti/İzleme;Elektrik dağıtım şebekeleri endüstriyel kontrol sistemlerinde (EKS) endüstriyel ağlar üzerinde mevcut varlıkların servisleri sürekli olarak izlenmelidir.;45;;REGULATION;;;;https://www.epdk.gov.tr/Detay/DownloadDocument?id=4KFPqszJ13k%3D;Ek-1 · 01-Endüstriyel Ağ Güvenliği · EAG-34;2026-09-09;2023-06-06;Seviye 2
EAG-35;AILE-01;Endüstriyel Ağ İzolasyonu ve Segmantasyonu;Elektrik dağıtım şebekeleri endüstriyel kontrol sistemlerinde (EKS) güvenli ve güvensiz ağlar arasında mevcut olan koruma mekanizmalarının bypass edilmesine olanak tanıyabilecek tüm dual-homed arayüzler (interface) devre dışı bırakılmalıdır. İkinci bir arayüz kullanılmasını zorunlu kılan bir durum mevcut ise söz konusu arayüzün bağlantısı güvenlik duvarı (Referans_Topoloji_Elektrik_Dağıtım: EKS-GD-01) üzerinden kontrollü olarak sağlanmalıdır.;46;;REGULATION;;;;https://www.epdk.gov.tr/Detay/DownloadDocument?id=4KFPqszJ13k%3D;Ek-1 · 01-Endüstriyel Ağ Güvenliği · EAG-35;2026-09-09;2023-06-06;Seviye 1
EAG-36;AILE-01;Endüstriyel Ağ İzolasyonu ve Segmantasyonu;Elektrik dağıtım şebekeleri endüstriyel kontrol sistemlerinde (EKS) Seviye-2 ile Seviye-1 (Purdue modeline göre) ağlar arasında mevcut olan koruma mekanizmalarının bypass edilmesine olanak tanıyabilecek tüm dual-homed arayüzler interface'ler devre dışı bırakılmalıdır. İkinci bir arayüz kullanılmasını zorunlu kılan bir durum mevcut ise söz konusu arayüzün bağlantısı güvenlik duvarı üzerinden kontrollü olarak sağlanmalıdır. (Bu kontrol, altyapı yenileme projeleri sırasında ya da bu düzenleme yürürlüğe girdiği andan itibaren kurulacak olan altyapılarda aranacaktır.);47;;REGULATION;;;;https://www.epdk.gov.tr/Detay/DownloadDocument?id=4KFPqszJ13k%3D;Ek-1 · 01-Endüstriyel Ağ Güvenliği · EAG-36;2026-09-09;2023-06-06;Seviye 2
EAG-37;AILE-01;Endüstriyel Ağlarda Saldırı Tespiti/İzleme;"Elektrik dağıtım şebekeleri endüstriyel kontrol sistemlerinde (EKS) endüstriyel ağ içerisinde bulunan ağ cihazları ""Olay Yönetimi ve Süreklilik"" başlığının ilgili maddelerini karşılamalıdır.";48;;REGULATION;;;;https://www.epdk.gov.tr/Detay/DownloadDocument?id=4KFPqszJ13k%3D;Ek-1 · 01-Endüstriyel Ağ Güvenliği · EAG-37;2026-09-09;2023-06-06;Seviye 2
EAG-38;AILE-01;Endüstriyel Ağ İzolasyonu ve Segmantasyonu;Elektrik dağıtım şebekeleri endüstriyel kontrol sistemlerinde (EKS) ana kontrol merkezi ve uç sahalarla olan haberleşmeler şifreli olarak gerçekleştirilmelidir. Şifreli iletilemeyen trafikler izole ağlar üzerinden taşınmalıdır.;49;;REGULATION;;;;https://www.epdk.gov.tr/Detay/DownloadDocument?id=4KFPqszJ13k%3D;Ek-1 · 01-Endüstriyel Ağ Güvenliği · EAG-38;2026-09-09;2023-06-06;Seviye 2
EAG-39;AILE-01;Endüstriyel Ağlarda WAN Güvenliği-APN;"Elektrik dağıtım şebekesi endüstriyel kontrol sistemi (EKS) geniş alan ağında (WAN) erişim noktası adı (APN) teknolojisi kullanılması durumunda, endüstriyel protokol trafiği bir APN bloğunda izole edilmelidir. Bu izolasyon işlemi aşağıda belirtilen maddeleri de kapsamalıdır; * EKS trafiklerinin taşındığı APN bloku/bloklarında sadece ilgili kuruluşa ait trafiklerin olması * EKS trafiklerinin taşındığı APN bloku/bloklarında sadece EKS trafiklerinin olması (Sayaç, mobil ekip cihazları vb. trafiğinin de bu ağlardan izolasyonu sağlanmalıdır.) * APN bloğundaki EKS trafikleri sadece bir tesise ait olmalıdır.";50;;REGULATION;;;;https://www.epdk.gov.tr/Detay/DownloadDocument?id=4KFPqszJ13k%3D;Ek-1 · 01-Endüstriyel Ağ Güvenliği · EAG-39;2026-09-09;2023-06-06;Seviye 2
EAG-40;AILE-01;Endüstriyel Ağlarda WAN Güvenliği-APN;Elektrik dağıtım şebekesi endüstriyel kontrol sistemi (EKS) geniş alan ağında (WAN) erişim noktası adı (APN) teknolojisi kullanılması durumunda, trafo merkezleri arası erişimler uygun bir teknoloji ile kontrol altına alınarak kısıtlanmalıdır.;51;;REGULATION;;;;https://www.epdk.gov.tr/Detay/DownloadDocument?id=4KFPqszJ13k%3D;Ek-1 · 01-Endüstriyel Ağ Güvenliği · EAG-40;2026-09-09;2023-06-06;Seviye 2
EAG-41;AILE-01;Endüstriyel Ağlarda WAN Güvenliği-APN;Elektrik dağıtım şebekesi endüstriyel kontrol sistemi (EKS) geniş alan ağında (WAN) erişim noktası adı (APN) teknolojisi kullanılması durumunda, İnternet Servis Sağlayıcısı (ISP) bünyesinde bulunan APN uç noktaları bir güvenlik duvarı üzerinde sonlandırılmalıdır. (Bu kontrol, altyapı yenileme projeleri sırasında ya da bu düzenleme yürürlüğe girdiği andan itibaren kurulacak olan altyapılarda aranacaktır.);52;;REGULATION;;;;https://www.epdk.gov.tr/Detay/DownloadDocument?id=4KFPqszJ13k%3D;Ek-1 · 01-Endüstriyel Ağ Güvenliği · EAG-41;2026-09-09;2023-06-06;Seviye 2
EAG-42;AILE-01;Endüstriyel Ağlarda WAN Güvenliği-APN;Elektrik dağıtım şebekesi endüstriyel kontrol sistemi (EKS) geniş alan ağında (WAN) erişim noktası adı (APN) teknolojisi kullanılması durumunda, İnternet Servis Sağlayıcısı (ISP) bünyesinde toplanan tüm trafiklerin, ISP güvenlik duvarı üzerinden kuruluşun güvenlik duvarına güvenli teknolojiler (IPsec VPN vb.) kullanılarak iletilmesi sağlanmalıdır.;53;;REGULATION;;;;https://www.epdk.gov.tr/Detay/DownloadDocument?id=4KFPqszJ13k%3D;Ek-1 · 01-Endüstriyel Ağ Güvenliği · EAG-42;2026-09-09;2023-06-06;Seviye 2
EAG-43;AILE-01;Endüstriyel Ağlarda WAN Güvenliği-APN;Elektrik dağıtım şebekesi endüstriyel kontrol sistemi (EKS) geniş alan ağında (WAN) erişim noktası adı (APN) teknolojisi kullanılması durumunda, APN ağlarına giriş kısıtlaması uygulanmalıdır. Bunu sağlanması amacıyla kuruluş bünyesinde kimlik doğrulama mekanizmaları kurgulanmalı ve oluşturulacak yapı kuruluş tarafından yönetilmelidir. (Örneğin GSM numaralarının ağa erişimin kısıtlanabilmesi için kullanılabilmesi amacı ile RADIUS sunucular konumlandırılması. Söz konusu RADIUS sunucularının yönetimi kuruluşta olmalı ve kuruluş ağında konumlandırılmalıdır.);54;;REGULATION;;;;https://www.epdk.gov.tr/Detay/DownloadDocument?id=4KFPqszJ13k%3D;Ek-1 · 01-Endüstriyel Ağ Güvenliği · EAG-43;2026-09-09;2023-06-06;Seviye 2
EAG-44;AILE-01;Endüstriyel Ağlarda WAN Güvenliği-APN;Elektrik dağıtım şebekesi endüstriyel kontrol sistemi (EKS) geniş alan ağında (WAN), (APN) teknolojisi kullanılması durumunda, APN trafiğinin karıştırıcı (Jammer) sistemleri ile baskılanması sebebiyle servis kesintileri oluşabileceği kuruluş tarafından değerlendirilmeli ve ilgili trafik akışının sürekliliğinin sağlanabilmesi için gerekli tedbirler alınmalıdır.;55;;OPTIONAL;;;;https://www.epdk.gov.tr/Detay/DownloadDocument?id=4KFPqszJ13k%3D;Ek-1 · 01-Endüstriyel Ağ Güvenliği · EAG-44;2026-09-09;2023-06-06;Ek Kontrol
EAG-45;AILE-01;Endüstriyel Ağlarda WAN Güvenliği-RF;Elektrik dağıtım şebekesi endüstriyel kontrol sistemi (EKS) geniş alan ağında (WAN) Radyo Frekans (RF) teknolojilerinin kullanılması durumunda endüstriyel protokol trafiği RF ağında izole edilmelidir. Bu izolasyon işlemi kapsamında haberleşme telsizleri gibi bileşenler endüstriyel trafik ağının dışında tutulmalıdır.;56;;REGULATION;;;;https://www.epdk.gov.tr/Detay/DownloadDocument?id=4KFPqszJ13k%3D;Ek-1 · 01-Endüstriyel Ağ Güvenliği · EAG-45;2026-09-09;2023-06-06;Seviye 2
EAG-46;AILE-01;Endüstriyel Ağlarda WAN Güvenliği-RF;Elektrik dağıtım şebekesi endüstriyel kontrol sistemi (EKS) geniş alan ağında (WAN) Radyo Frekans (RF) teknolojilerinin kullanılması durumunda trafo merkezleri arası erişimler uygun bir teknoloji ile kontrol altına alınarak kısıtlanmalıdır.;57;;REGULATION;;;;https://www.epdk.gov.tr/Detay/DownloadDocument?id=4KFPqszJ13k%3D;Ek-1 · 01-Endüstriyel Ağ Güvenliği · EAG-46;2026-09-09;2023-06-06;Seviye 2
EAG-47;AILE-01;Endüstriyel Ağlarda WAN Güvenliği-RF;Elektrik dağıtım şebekesi endüstriyel kontrol sistemi (EKS) geniş alan ağında (WAN) Radyo Frekans (RF) teknolojilerinin kullanılması durumunda, RF ağında olan trafo merkezlerine ait endüstriyel trafik kuruluşa ait güvenlik duvarı (Referans_Topoloji_Elektrik_Dağıtım: EKS-GD-01) üzerinde sonlandırılmalıdır.;58;;REGULATION;;;;https://www.epdk.gov.tr/Detay/DownloadDocument?id=4KFPqszJ13k%3D;Ek-1 · 01-Endüstriyel Ağ Güvenliği · EAG-47;2026-09-09;2023-06-06;Seviye 2
EAG-48;AILE-01;Endüstriyel Ağlarda WAN Güvenliği-RF;Elektrik dağıtım şebekesi endüstriyel kontrol sistemi (EKS) geniş alan ağında (WAN) Radyo Frekans (RF) teknolojilerinin kullanılması durumunda, RF ağında araya girme ve elektromanyetik yayılım (Tempest) saldırılarına karşı önlem alınmalıdır.;59;;OPTIONAL;;;;https://www.epdk.gov.tr/Detay/DownloadDocument?id=4KFPqszJ13k%3D;Ek-1 · 01-Endüstriyel Ağ Güvenliği · EAG-48;2026-09-09;2023-06-06;Ek kontrol
EAG-49;AILE-01;Endüstriyel Ağlarda WAN Güvenliği-RF;Elektrik dağıtım şebekesi endüstriyel kontrol sistemi (EKS) geniş alan ağında (WAN) Radyo Frekans (RF) teknolojilerinin kullanılması durumunda, RF ağından gerçekleştirilecek endüstriyel haberleşme için trafiği şifreli olarak iletebilen teknolojiler kullanılmalıdır.;60;;REGULATION;;;;https://www.epdk.gov.tr/Detay/DownloadDocument?id=4KFPqszJ13k%3D;Ek-1 · 01-Endüstriyel Ağ Güvenliği · EAG-49;2026-09-09;2023-06-06;Seviye 2
EAG-50;AILE-01;Endüstriyel Ağlarda WAN Güvenliği-RF;Elektrik dağıtım şebekesi endüstriyel kontrol sistemi (EKS) geniş alan ağında (WAN) Radyo Frekans (RF) teknolojilerinin kullanılması durumunda, servis kesintisine neden olabilecek saldırılara karşı önlem alınmalıdır.;61;;OPTIONAL;;;;https://www.epdk.gov.tr/Detay/DownloadDocument?id=4KFPqszJ13k%3D;Ek-1 · 01-Endüstriyel Ağ Güvenliği · EAG-50;2026-09-09;2023-06-06;Ek kontrol
EAG-51;AILE-01;Endüstriyel Ağlarda WAN Güvenliği-RF;Elektrik dağıtım şebekesi endüstriyel kontrol sistemi (EKS) geniş alan ağında (WAN) Radyo Frekans (RF) teknolojilerinin kullanılması durumunda, RF altyapısı olay yönetimi ve süreklilik alanının (domain) ilgili maddelerine uyumlu olacak şekilde tasarlanmalıdır. Mimari tasarımda tekil hata noktası (single point of failure) bulunmamalıdır.;62;;OPTIONAL;;;;https://www.epdk.gov.tr/Detay/DownloadDocument?id=4KFPqszJ13k%3D;Ek-1 · 01-Endüstriyel Ağ Güvenliği · EAG-51;2026-09-09;2023-06-06;Ek Kontrol
EAG-52;AILE-01;Endüstriyel Ağlarda WAN Güvenliği-SD-WAN;Elektrik dağıtım şebekesi endüstriyel kontrol sistemi (EKS) geniş alan ağında, yazılım tanımlı geniş alan ağı (SD-WAN) teknolojilerinin kullanılması durumunda, endüstriyel protokol trafiği için özelleştirilmiş izole bir SD-WAN mimarisi oluşturulmalıdır.;63;;REGULATION;;;;https://www.epdk.gov.tr/Detay/DownloadDocument?id=4KFPqszJ13k%3D;Ek-1 · 01-Endüstriyel Ağ Güvenliği · EAG-52;2026-09-09;2023-06-06;Seviye 2
EAG-53;AILE-01;Endüstriyel Ağlarda WAN Güvenliği-SD-WAN;Elektrik dağıtım şebekesi endüstriyel kontrol sistemi (EKS) geniş alan ağında, yazılım tanımlı geniş alan ağı (SD-WAN) teknolojilerinin kullanılması durumunda, SD-WAN yapısı içerisinde gerçekleştirilen endüstriyel protokol haberleşmesi için trafiği şifreli olarak iletebilen teknolojiler kullanılmalıdır.;64;;REGULATION;;;;https://www.epdk.gov.tr/Detay/DownloadDocument?id=4KFPqszJ13k%3D;Ek-1 · 01-Endüstriyel Ağ Güvenliği · EAG-53;2026-09-09;2023-06-06;Seviye 2
EAG-54;AILE-01;Endüstriyel Ağlarda WAN Güvenliği-SD-WAN;Elektrik dağıtım şebekesi endüstriyel kontrol sistemi (EKS) geniş alan ağında, yazılım tanımlı geniş alan ağı (SD-WAN) teknolojilerinin kullanılması durumunda SD-WAN ağında olan trafo merkezlerine ait endüstriyel trafik kuruluşa ait güvenlik duvarı (Referans_Topoloji_Elektrik_Dağıtım: EKS-GD-01) üzerinde sonlandırılmalıdır.;65;;REGULATION;;;;https://www.epdk.gov.tr/Detay/DownloadDocument?id=4KFPqszJ13k%3D;Ek-1 · 01-Endüstriyel Ağ Güvenliği · EAG-54;2026-09-09;2023-06-06;Seviye 2
EAG-55;AILE-01;Endüstriyel Ağlarda WAN Güvenliği-SD-WAN;Elektrik dağıtım şebekesi endüstriyel kontrol sistemi (EKS) geniş alan ağında, yazılım tanımlı geniş alan ağı (SD-WAN) teknolojilerinin kullanılması durumunda trafo merkezleri arası erişimler uygun bir teknoloji ile kontrol altına alınarak kısıtlanmalıdır.;66;;REGULATION;;;;https://www.epdk.gov.tr/Detay/DownloadDocument?id=4KFPqszJ13k%3D;Ek-1 · 01-Endüstriyel Ağ Güvenliği · EAG-55;2026-09-09;2023-06-06;Seviye 2
EAG-56;AILE-01;Endüstriyel Ağlarda WAN Güvenliği-MPLS;Elektrik dağıtım şebekesi endüstriyel kontrol sistemi (EKS) WAN trafiğinde MPLS teknolojilerinin kullanılması durumunda, MPLS omurgasında kuruluşa hizmet eden ağ cihazlarında güncelleme ve yama yönetimi gerçekleştirilmelidir. MPLS sağlayıcısı firma yaması bulunan acil ve kritik seviyeli güvenlik açıklıklarını giderdiğine dair yazılı kanıt sunabilmeli ve kanıtları saklayabilmelidir. (Bu kontrol, altyapı yenileme projeleri sırasında ya da bu düzenleme yürürlüğe girdiği andan itibaren kurulacak olan altyapılarda aranacaktır.);67;;REGULATION;;;;https://www.epdk.gov.tr/Detay/DownloadDocument?id=4KFPqszJ13k%3D;Ek-1 · 01-Endüstriyel Ağ Güvenliği · EAG-56;2026-09-09;2023-06-06;Seviye 2
EAG-57;AILE-01;Endüstriyel Ağlarda WAN Güvenliği-MPLS;"Elektrik dağıtım şebekelerinde WAN trafiğinde MPLS teknolojilerinin kullanılması durumunda, MPLS omurgasında kuruluşa hizmet eden ağ cihazlarında güvenli yapılandırma prensipleri uygulanmalıdır. Ağ cihazlarındaki güvenlik yapılandırmaları belirli periyotlarla kuruluş ile paylaşılmalı ya da kuruluşa kalıcı ""read-only"" bir hesap tanımlanması sağlanmalıdır. (Bu kontrol, altyapı yenileme projeleri sırasında ya da bu düzenleme yürürlüğe girdiği andan itibaren kurulacak olan altyapılarda aranacaktır.)";68;;REGULATION;;;;https://www.epdk.gov.tr/Detay/DownloadDocument?id=4KFPqszJ13k%3D;Ek-1 · 01-Endüstriyel Ağ Güvenliği · EAG-57;2026-09-09;2023-06-06;Seviye 2
EAG-58;AILE-01;Endüstriyel Ağlarda WAN Güvenliği-MPLS;Elektrik dağıtım şebekesi endüstriyel kontrol sistemi (EKS) WAN trafiğinde MPLS teknolojilerinin kullanılması durumunda, MPLS omurgasında kullanılan ağ cihazlarında basit ya da tahmin edilebilir kullanıcı adı ve parola bulundurulmamalıdır. Her bir ağ cihazında özel bir kullanıcı adı ve parola atanmalıdır. (Bu kontrol, altyapı yenileme projeleri sırasında ya da bu düzenleme yürürlüğe girdiği andan itibaren kurulacak olan altyapılarda aranacaktır.);69;;REGULATION;;;;https://www.epdk.gov.tr/Detay/DownloadDocument?id=4KFPqszJ13k%3D;Ek-1 · 01-Endüstriyel Ağ Güvenliği · EAG-58;2026-09-09;2023-06-06;Seviye 2
EAG-59;AILE-01;Endüstriyel Ağlarda WAN Güvenliği-MPLS;Elektrik dağıtım şebekesi endüstriyel kontrol sistemi (EKS) WAN trafiğinde MPLS teknolojilerinin kullanılması durumunda, MPLS omurgasında iletilen trafiğin şifreli olarak taşınması sağlanmalıdır. (Bu kontrol, altyapı yenileme projeleri sırasında ya da bu düzenleme yürürlüğe girdiği andan itibaren kurulacak olan altyapılarda aranacaktır.);70;;REGULATION;;;;https://www.epdk.gov.tr/Detay/DownloadDocument?id=4KFPqszJ13k%3D;Ek-1 · 01-Endüstriyel Ağ Güvenliği · EAG-59;2026-09-09;2023-06-06;Seviye 3
EAG-60;AILE-01;Endüstriyel Ağ İzolasyonu ve Segmantasyonu;Elektrik dağıtım şebekesi endüstriyel kontrol sisteminde (EKS) endüstriyel ağların izolasyon ve segmentasyonunda yazılım tabanlı teknolojilere ek olarak donanım tabanlı teknolojiler de devreye alınmalıdır.;71;;OPTIONAL;;;;https://www.epdk.gov.tr/Detay/DownloadDocument?id=4KFPqszJ13k%3D;Ek-1 · 01-Endüstriyel Ağ Güvenliği · EAG-60;2026-09-09;2023-06-06;Ek kontrol
EAG-61;AILE-01;Politika, Prosedür, Süreç;Elektrik dağıtım şebekesi endüstriyel kontrol sisteminde (EKS) kullanılan tüm ağ cihazları Tehdit ve Zafiyet Yönetimi başlığına uygun olarak işletilmelidir. Yükümlü kuruluşlar acil olan yamalar dışında yılda en az bir kez yama ve güncelleme yapmalıdırlar.;72;;REGULATION;;;;https://www.epdk.gov.tr/Detay/DownloadDocument?id=4KFPqszJ13k%3D;Ek-1 · 01-Endüstriyel Ağ Güvenliği · EAG-61;2026-09-09;2023-06-06;Seviye 2
İSG-1;AILE-02;Politika, Prosedür, Süreç;Elektrik dağıtım şebekesi endüstriyel kontrol sistemi (EKS) içerisinde hizmet veren sunucular için endüstriyel üretici tarafından onaylanan ve operasyonel sürekliliği tehlikeye atmayacak uç nokta (endpoint) güvenlik önlemleri (kötü amaçlı yazılım koruma uygulamaları, uç nokta tehdit tespit sistemi, uç nokta güvenlik duvarı vb.) tanımlanmalı ve uygulanmalıdır.;73;;REGULATION;;;;https://www.epdk.gov.tr/Detay/DownloadDocument?id=4KFPqszJ13k%3D;Ek-1 · 02-İstemci ve Sunucu Güvenliği · İSG-1;2026-09-09;2023-06-06;Seviye 1
İSG-2;AILE-02;Politika, Prosedür, Süreç;Elektrik dağıtım şebekesi endüstriyel kontrol sistemi (EKS) içerisinde hizmet veren istemciler için endüstriyel üretici tarafından onaylanan ve operasyonel sürekliliği tehlikeye atmayacak uç nokta (endpoint) güvenlik önlemleri (kötü amaçlı yazılım koruma uygulamaları, uç nokta tehdit tespit sistemi, uç nokta güvenlik duvarı vb.) tanımlanmalı ve uygulanmalıdır.;74;;REGULATION;;;;https://www.epdk.gov.tr/Detay/DownloadDocument?id=4KFPqszJ13k%3D;Ek-1 · 02-İstemci ve Sunucu Güvenliği · İSG-2;2026-09-09;2023-06-06;Seviye 1
İSG-3;AILE-02;Harici Medya Güvenliği;Elektrik dağıtım şebekesi endüstriyel kontrol sistemi (EKS) içerisinde hizmet veren istemcilerde harici medya kullanımları devre dışı bırakılmalıdır.;75;;REGULATION;;;;https://www.epdk.gov.tr/Detay/DownloadDocument?id=4KFPqszJ13k%3D;Ek-1 · 02-İstemci ve Sunucu Güvenliği · İSG-3;2026-09-09;2023-06-06;Seviye 1
İSG-4;AILE-02;Harici Medya Güvenliği;Elektrik dağıtım şebekesi endüstriyel kontrol sistemi (EKS) içerisinde hizmet veren sunucularda harici medya kullanımları devre dışı bırakılmış olmalıdır.;76;;REGULATION;;;;https://www.epdk.gov.tr/Detay/DownloadDocument?id=4KFPqszJ13k%3D;Ek-1 · 02-İstemci ve Sunucu Güvenliği · İSG-4;2026-09-09;2023-06-06;Seviye 1
İSG-5;AILE-02;Harici Medya Güvenliği;Elektrik dağıtım şebekesi endüstriyel kontrol sistemi (EKS) içerisinde hizmet veren sunucu ve istemcilerde yeni nesil USB tabanlı saldırılara karşı önlem alınmalıdır. (Rubber Ducky vb. );77;;OPTIONAL;;;;https://www.epdk.gov.tr/Detay/DownloadDocument?id=4KFPqszJ13k%3D;Ek-1 · 02-İstemci ve Sunucu Güvenliği · İSG-5;2026-09-09;2023-06-06;Ek kontrol
İSG-6;AILE-02;İstemci ve Sunucularda Olay Tespiti ve Yönetimi;"Elektrik dağıtım şebekesi endüstriyel kontrol sistemi (EKS) içerisinde hizmet veren sunucu ve istemcilerde ""Olay Yönetimi ve Süreklilik"" başlığı altındaki maddelere uygun olarak loglar tutulmalı ve yönetilmelidir.";78;;REGULATION;;;;https://www.epdk.gov.tr/Detay/DownloadDocument?id=4KFPqszJ13k%3D;Ek-1 · 02-İstemci ve Sunucu Güvenliği · İSG-6;2026-09-09;2023-06-06;Seviye 2
İSG-7;AILE-02;Mobil Cihaz Güvenliği;Elektrik dağıtım şebekesi endüstriyel kontrol sistemi (EKS) içerisinde hizmet veren taşınabilir mühendislik iş istasyonları (dizüstü vb.) ilgili kuruluş envanterine kayıtlı olmalıdır. Mühendislik operasyonlarında alt yüklenicilere ait güvensiz iş istasyonları endüstriyel ağa dahil edilmemeli ve EKS bileşenlerine bağlanmamalıdır. Kuruluşa ait taşınabilir mühendislik iş istasyonlarının güvenlik seviyesi kuruluş içi ve kuruluş dışında aynı olmalıdır.;79;;REGULATION;;;;https://www.epdk.gov.tr/Detay/DownloadDocument?id=4KFPqszJ13k%3D;Ek-1 · 02-İstemci ve Sunucu Güvenliği · İSG-7;2026-09-09;2023-06-06;Seviye 2
İSG-8;AILE-02;İstemci ve Sunucu Operasyon Güvenliği;Elektrik dağıtım şebekesi endüstriyel kontrol sistemi (EKS) içerisinde hizmet veren mühendislik iş istasyonları günlük operasyonel işlerde kullanılmamalıdır. (E-posta vb.);80;;REGULATION;;;;https://www.epdk.gov.tr/Detay/DownloadDocument?id=4KFPqszJ13k%3D;Ek-1 · 02-İstemci ve Sunucu Güvenliği · İSG-8;2026-09-09;2023-06-06;Seviye 1
İSG-9;AILE-02;Veri Koruma;Elektrik dağıtım şebekesi endüstriyel kontrol sistemi (EKS) içerisinde hizmet veren sunucu ve istemcilerde disk şifreleme yöntemleri uygulanmalıdır.;81;;OPTIONAL;;;;https://www.epdk.gov.tr/Detay/DownloadDocument?id=4KFPqszJ13k%3D;Ek-1 · 02-İstemci ve Sunucu Güvenliği · İSG-9;2026-09-09;2023-06-06;Ek kontrol
İSG-10;AILE-02;İstemci ve Sunucularda Güvenli Konfigürasyon;Elektrik dağıtım şebekesi endüstriyel kontrol sistemi (EKS) içerisinde hizmet veren sunucu ve istemcilerde güvenli BIOS yapılandırmaları devreye alınmalıdır.;82;;REGULATION;;;;https://www.epdk.gov.tr/Detay/DownloadDocument?id=4KFPqszJ13k%3D;Ek-1 · 02-İstemci ve Sunucu Güvenliği · İSG-10;2026-09-09;2023-06-06;Seviye 1
İSG-11;AILE-02;Zararlı Yazılımlardan Korunma;Elektrik dağıtım şebekesi endüstriyel kontrol sistemi (EKS) içerisinde hizmet veren sunucu ve istemcilerde sadece yetkili kullanıcıların uygulama kurmasına izin verilmelidir.;83;;REGULATION;;;;https://www.epdk.gov.tr/Detay/DownloadDocument?id=4KFPqszJ13k%3D;Ek-1 · 02-İstemci ve Sunucu Güvenliği · İSG-11;2026-09-09;2023-06-06;Seviye 1
İSG-12;AILE-02;Zararlı Yazılımlardan Korunma;Elektrik dağıtım şebekesi endüstriyel kontrol sistemi (EKS) içerisinde hizmet veren sunucu ve istemcilerde sadece güvenlik onayından geçmiş uygulamaların yüklenmesine ve kullanılmasına izin verilmelidir.;84;;REGULATION;;;;https://www.epdk.gov.tr/Detay/DownloadDocument?id=4KFPqszJ13k%3D;Ek-1 · 02-İstemci ve Sunucu Güvenliği · İSG-12;2026-09-09;2023-06-06;Seviye 2
İSG-13;AILE-02;İstemci ve Sunucularda Güvenli Konfigürasyon;Elektrik dağıtım şebekesi endüstriyel kontrol sistemi (EKS) içerisinde hizmet veren sunucu ve istemciler için kuruluşa özel güvenli bir kurulum imaj dosyası oluşturulmalı, periyodik olarak kontrol edilmeli ve güncellenmelidir.;85;;REGULATION;;;;https://www.epdk.gov.tr/Detay/DownloadDocument?id=4KFPqszJ13k%3D;Ek-1 · 02-İstemci ve Sunucu Güvenliği · İSG-13;2026-09-09;2023-06-06;Seviye 1
İSG-14;AILE-02;İstemci ve Sunucularda Güvenli Konfigürasyon;Elektrik dağıtım şebekesi endüstriyel kontrol sistemi (EKS) içerisinde hizmet veren sunucu ve istemciler üzerinde internet üzerinden güvensiz uzak erişime imkan verecek yazılım ve servisler bulundurulmamalıdır.;86;;REGULATION;;;;https://www.epdk.gov.tr/Detay/DownloadDocument?id=4KFPqszJ13k%3D;Ek-1 · 02-İstemci ve Sunucu Güvenliği · İSG-14;2026-09-09;2023-06-06;Seviye 1
İSG-15;AILE-02;İstemci ve Sunucularda Güvenli Konfigürasyon;Elektrik dağıtım şebekesi endüstriyel kontrol sistemi (EKS) içerisinde hizmet veren sunuculara bulundukları ağ içerisinden uzak erişim (VNC, SSH, RDP vb.) yapılması durumunda ek güvenlik kontrolleri uygulanmalıdır. (sanal ağ ayrıştırma, güvenli atlama noktası, uç nokta güvenlik duvarı ile erişim kısıtlamaları vb.);87;;REGULATION;;;;https://www.epdk.gov.tr/Detay/DownloadDocument?id=4KFPqszJ13k%3D;Ek-1 · 02-İstemci ve Sunucu Güvenliği · İSG-15;2026-09-09;2023-06-06;Seviye 2
İSG-16;AILE-02;İstemci ve Sunucu Operasyon Güvenliği;Elektrik dağıtım şebekesi endüstriyel kontrol sistemi (EKS) içerisinde hizmet veren sunucu ve istemciler üzerinde bulunan tüm uygulamalar lisanslı olmalıdır.;88;;REGULATION;;;;https://www.epdk.gov.tr/Detay/DownloadDocument?id=4KFPqszJ13k%3D;Ek-1 · 02-İstemci ve Sunucu Güvenliği · İSG-16;2026-09-09;2023-06-06;Seviye 1
İSG-17;AILE-02;İstemci ve Sunucularda Olay Tespiti ve Yönetimi;Elektrik dağıtım şebekesi endüstriyel kontrol sistemi (EKS) içerisinde hizmet veren sunucu ve istemciler merkezi bir zamanlama sunucusundan senkronize edilmelidir. Bu senkronizasyon işlemi sırasında ağ seviyesinde sadece gerekli servis ve portlara izin verilmelidir.;89;;REGULATION;;;;https://www.epdk.gov.tr/Detay/DownloadDocument?id=4KFPqszJ13k%3D;Ek-1 · 02-İstemci ve Sunucu Güvenliği · İSG-17;2026-09-09;2023-06-06;Seviye 1
İSG-18;AILE-02;GPS Güvenliği;Elektrik dağıtım şebekesi endüstriyel kontrol sistemi (EKS) içerisinde hizmet veren sunucu ve istemciler için kullanılan merkezi zamanlama sunucusunun GPS tabanlı olması halinde, GPS temelli saldırılara karşı koruma önlemleri alınmalıdır.;90;;OPTIONAL;;;;https://www.epdk.gov.tr/Detay/DownloadDocument?id=4KFPqszJ13k%3D;Ek-1 · 02-İstemci ve Sunucu Güvenliği · İSG-18;2026-09-09;2023-06-06;Ek kontrol
İSG-19;AILE-02;Zararlı Yazılımlardan Korunma;Elektrik dağıtım şebekesi endüstriyel kontrol sistemi (EKS) içerisinde hizmet veren sunucu ve istemciler üzerinde bulunan kötü amaçlı yazılım koruma uygulamaları endüstriyel üreticinin de onayladığı aralıklarla güncellenmelidir. Bu aralıklar 4 aydan daha uzun süreli olarak tanımlanmamalıdır. (Bu kontrol, altyapı yenileme projeleri sırasında ya da bu düzenleme yürürlüğe girdiği andan itibaren kurulacak olan altyapılarda aranacaktır.);91;;REGULATION;;;;https://www.epdk.gov.tr/Detay/DownloadDocument?id=4KFPqszJ13k%3D;Ek-1 · 02-İstemci ve Sunucu Güvenliği · İSG-19;2026-09-09;2023-06-06;Seviye 2
İSG-20;AILE-02;Zararlı Yazılımlardan Korunma;Elektrik dağıtım şebekesi endüstriyel kontrol sistemi (EKS) içerisinde hizmet veren sunucu ve istemciler üzerinde bulunan kötü amaçlı yazılım koruma uygulamaları yüksek yetkili kullanıcılar tarafından da dahil olmak üzere devre dışı bırakılamamalıdır.;92;;REGULATION;;;;https://www.epdk.gov.tr/Detay/DownloadDocument?id=4KFPqszJ13k%3D;Ek-1 · 02-İstemci ve Sunucu Güvenliği · İSG-20;2026-09-09;2023-06-06;Seviye 1
İSG-21;AILE-02;İstemci ve Sunucularda Güncelleme/Yama Yönetimi;Elektrik dağıtım şebekesi endüstriyel kontrol sistemi (EKS) içerisinde hizmet veren sunucu ve istemcilerin işletim sistemleri endüstriyel üreticinin de onayladığı tanımlı aralıklarla güncellenmelidir. Bu aralıklar 4 aydan daha uzun süreli olarak tanımlanmamalıdır. (Bu kontrol, altyapı yenileme projeleri sırasında ya da bu düzenleme yürürlüğe girdiği andan itibaren kurulacak olan altyapılarda aranacaktır.);93;;REGULATION;;;;https://www.epdk.gov.tr/Detay/DownloadDocument?id=4KFPqszJ13k%3D;Ek-1 · 02-İstemci ve Sunucu Güvenliği · İSG-21;2026-09-09;2023-06-06;Seviye 1
İSG-22;AILE-02;İstemci ve Sunucularda Güncelleme/Yama Yönetimi;Elektrik dağıtım şebekesi endüstriyel kontrol sistemi (EKS) içerisinde hizmet veren sunucu ve istemciler üzerinde bulunan uygulamalar, üretici güncelleme ve yamalarının yayınlanmış olma ihtimaline karşı belirlenen aralıklarla kontrol edilmelidir. Güvenlik açısından önem arz eden güncellemeler endüstriyel üretici gözetiminde gerçekleştirilmelidir. (Bu kontrol, altyapı yenileme projeleri sırasında ya da bu düzenleme yürürlüğe girdiği andan itibaren kurulacak olan altyapılarda aranacaktır.);94;;REGULATION;;;;https://www.epdk.gov.tr/Detay/DownloadDocument?id=4KFPqszJ13k%3D;Ek-1 · 02-İstemci ve Sunucu Güvenliği · İSG-22;2026-09-09;2023-06-06;Seviye 2
İSG-23;AILE-02;İstemci ve Sunucularda Güvenli Konfigürasyon;Elektrik dağıtım şebekesi endüstriyel kontrol sistemi (EKS) içerisinde hizmet veren sunucu ve istemcilerin tüm gereksiz kablolu ve kablosuz ağ arayüzleri devre dışı bırakılmalıdır. Ek olarak tüm gereksiz servis ve portlar devre dışı bırakılmalıdır.;95;;REGULATION;;;;https://www.epdk.gov.tr/Detay/DownloadDocument?id=4KFPqszJ13k%3D;Ek-1 · 02-İstemci ve Sunucu Güvenliği · İSG-23;2026-09-09;2023-06-06;Seviye 1
İSG-24;AILE-02;İstemci ve Sunucularda Güvenli Konfigürasyon;"Elektrik dağıtım şebekesi endüstriyel kontrol sistemi (EKS) içerisinde hizmet veren sunucu ve istemcilerin ağ servisleri yönetiminde ""Endüstriyel Ağ Güvenliği"" başlığının ilgili maddelerine uygun hareket edilmelidir.";96;;REGULATION;;;;https://www.epdk.gov.tr/Detay/DownloadDocument?id=4KFPqszJ13k%3D;Ek-1 · 02-İstemci ve Sunucu Güvenliği · İSG-24;2026-09-09;2023-06-06;Seviye 1
İSG-25;AILE-02;İstemci ve Sunucularda Güvenli Konfigürasyon;Elektrik dağıtım şebekesi endüstriyel kontrol sistemi (EKS) içerisinde hizmet veren sunucu ve istemcilerde IPv6 ağ arayüzleri devre dışı bırakılmalıdır.;97;;REGULATION;;;;https://www.epdk.gov.tr/Detay/DownloadDocument?id=4KFPqszJ13k%3D;Ek-1 · 02-İstemci ve Sunucu Güvenliği · İSG-25;2026-09-09;2023-06-06;Seviye 1
İSG-26;AILE-02;Veri Koruma;Elektrik dağıtım şebekesi endüstriyel kontrol sistemi (EKS) içerisinde hizmet veren sunucu ve istemcilerde imha yönetimi kuruluşun belirlediği politikalar doğrultusunda gerçekleştirilmelidir.;98;;REGULATION;;;;https://www.epdk.gov.tr/Detay/DownloadDocument?id=4KFPqszJ13k%3D;Ek-1 · 02-İstemci ve Sunucu Güvenliği · İSG-26;2026-09-09;2023-06-06;Seviye 1
İSG-27;AILE-02;Beyaz Liste Uygulamaları;Elektrik dağıtım şebekesi endüstriyel kontrol sistemi (EKS) içerisinde hizmet veren sunucu ve istemcilerde beyaz liste (Whitelisting) uygulamaları devreye alınmalıdır.;99;;OPTIONAL;;;;https://www.epdk.gov.tr/Detay/DownloadDocument?id=4KFPqszJ13k%3D;Ek-1 · 02-İstemci ve Sunucu Güvenliği · İSG-27;2026-09-09;2023-06-06;Ek kontrol
İSG-28;AILE-02;OT Domain Güvenliği;Elektrik dağıtım şebekesi endüstriyel kontrol sistemlerinde (EKS) etki alanı (domain) mimarisi kullanılması durumunda endüstriyel etki alanı ile KBS etki alanı birbirinden tamamiyle izole edilmelidir. (Bu amaçla trust, parent-child, farklı OU gibi yöntemler kullanılmamalıdır.);100;;REGULATION;;;;https://www.epdk.gov.tr/Detay/DownloadDocument?id=4KFPqszJ13k%3D;Ek-1 · 02-İstemci ve Sunucu Güvenliği · İSG-28;2026-09-09;2023-06-06;Seviye 2
İSG-29;AILE-02;OT Domain Güvenliği;Elektrik dağıtım şebekesi endüstriyel kontrol sistemlerinde (EKS) etki alanı (domain) mimarisi kullanılması durumunda, endüstriyel etki alanının kapsamı sadece ilgili endüstriyel kontrol sistemini işleten kuruluş ile sınırlı olmalıdır. Üreticinin şablon olarak hazırladığı ya da farklı ortamlarda kullandığı etki alanı yapıları kuruluş endüstriyel kontrol sistemleri içerisinde kullanılmamalıdır.;101;;REGULATION;;;;https://www.epdk.gov.tr/Detay/DownloadDocument?id=4KFPqszJ13k%3D;Ek-1 · 02-İstemci ve Sunucu Güvenliği · İSG-29;2026-09-09;2023-06-06;Seviye 2
İSG-30;AILE-02;OT Domain Güvenliği;Elektrik dağıtım şebekesi endüstriyel kontrol sistemlerinde (EKS) etki alanı (domain) mimarisi kullanılması durumunda, ortak erişime açık klasörler içerisindeki dosyalarda yüksek yetkili kullanıcı bilgileri gömülü olarak saklanmamalıdır.;102;;REGULATION;;;;https://www.epdk.gov.tr/Detay/DownloadDocument?id=4KFPqszJ13k%3D;Ek-1 · 02-İstemci ve Sunucu Güvenliği · İSG-30;2026-09-09;2023-06-06;Seviye 1
İSG-31;AILE-02;OT Domain Güvenliği;Elektrik dağıtım şebekesi endüstriyel kontrol sistemlerinde (EKS) etki alanı (domain) mimarisi kullanılması durumunda, etki alanı yöneticisine (domain controller) sadece gerekli protokoller üzerinden erişimi mümkün kılacak kısıtlamalar uygulanmalıdır.;103;;REGULATION;;;;https://www.epdk.gov.tr/Detay/DownloadDocument?id=4KFPqszJ13k%3D;Ek-1 · 02-İstemci ve Sunucu Güvenliği · İSG-31;2026-09-09;2023-06-06;Seviye 1
İSG-32;AILE-02;OT Domain Güvenliği;Elektrik dağıtım şebekesi endüstriyel kontrol sistemlerinde (EKS) etki alanı (domain) mimarisi kullanılması durumunda, etki alanı yöneticisi (domain controller) üzerinde gerekli olmayan tüm ağ servisleri devre dışı bırakılmalıdır.;104;;REGULATION;;;;https://www.epdk.gov.tr/Detay/DownloadDocument?id=4KFPqszJ13k%3D;Ek-1 · 02-İstemci ve Sunucu Güvenliği · İSG-32;2026-09-09;2023-06-06;Seviye 1
İSG-33;AILE-02;OT Domain Güvenliği;Elektrik dağıtım şebekesi endüstriyel kontrol sistemlerinde (EKS) etki alanı (domain) mimarisi kullanılması durumunda, etki alanı yöneticisi (domain controller) yedekli mimaride tasarlanmalıdır.;105;;REGULATION;;;;https://www.epdk.gov.tr/Detay/DownloadDocument?id=4KFPqszJ13k%3D;Ek-1 · 02-İstemci ve Sunucu Güvenliği · İSG-33;2026-09-09;2023-06-06;Seviye 2
İSG-34;AILE-02;OT Domain Güvenliği;Elektrik dağıtım şebekesi endüstriyel kontrol sistemlerinde (EKS) etki alanı (domain) mimarisi kullanılması durumunda, etki alanı bileşenlerinde üretici tarafından sıkça kullanılan kullanıcı adı ve parolalar bulundurulmamalıdır.;106;;REGULATION;;;;https://www.epdk.gov.tr/Detay/DownloadDocument?id=4KFPqszJ13k%3D;Ek-1 · 02-İstemci ve Sunucu Güvenliği · İSG-34;2026-09-09;2023-06-06;Seviye 2
İSG-35;AILE-02;OT Domain Güvenliği;Elektrik dağıtım şebekesi endüstriyel kontrol sistemlerinde (EKS) etki alanı (domain) mimarisi kullanılması durumunda, etki alanı yöneticisi (domain controller) sunucusunun tekil görev için kullanılması sağlanmalıdır. DHCP, DNS ve dosya paylaşım vb. servisler için farklı sunucular konumlandırılmalıdır. (Bu kontrol, altyapı yenileme projeleri sırasında ya da bu düzenleme yürürlüğe girdiği andan itibaren kurulacak olan altyapılarda aranacaktır.);107;;REGULATION;;;;https://www.epdk.gov.tr/Detay/DownloadDocument?id=4KFPqszJ13k%3D;Ek-1 · 02-İstemci ve Sunucu Güvenliği · İSG-35;2026-09-09;2023-06-06;Seviye 2
İSG-36;AILE-02;OT Domain Güvenliği;Elektrik dağıtım şebekesi endüstriyel kontrol sistemlerinde (EKS) etki alanı (domain) mimarisi kullanılması durumunda, etki alanına ait tüm bileşenler yama yönetim politikalarına uygun olarak yönetilmelidir.;108;;REGULATION;;;;https://www.epdk.gov.tr/Detay/DownloadDocument?id=4KFPqszJ13k%3D;Ek-1 · 02-İstemci ve Sunucu Güvenliği · İSG-36;2026-09-09;2023-06-06;Seviye 2
İSG-37;AILE-02;OT Domain Güvenliği;"Elektrik dağıtım şebekesi endüstriyel kontrol sistemlerinde (EKS) etki alanı (domain) mimarisi kullanılması durumunda, etki alanında bulunan tüm bileşenler ""Tehdit ve Zafiyet Yönetim"" başlığına uygun olarak güvenlik denetimi ve sızma testlerine tabi tutulmalıdır. (İstemci, sunucu, konfigürasyon, GPO vb.)";109;;REGULATION;;;;https://www.epdk.gov.tr/Detay/DownloadDocument?id=4KFPqszJ13k%3D;Ek-1 · 02-İstemci ve Sunucu Güvenliği · İSG-37;2026-09-09;2023-06-06;Seviye 2
İSG-38;AILE-02;OT Domain Güvenliği;Elektrik dağıtım şebekesi endüstriyel kontrol sistemlerinde (EKS) etki alanı (domain) mimarisi kullanılması durumunda, etki alanında bulunan sunucular için güvenli konfigürasyon kontrol listesi oluşturmalıdır.;110;;REGULATION;;;;https://www.epdk.gov.tr/Detay/DownloadDocument?id=4KFPqszJ13k%3D;Ek-1 · 02-İstemci ve Sunucu Güvenliği · İSG-38;2026-09-09;2023-06-06;Seviye 1
İSG-39;AILE-02;OT Domain Güvenliği;Elektrik dağıtım şebekesi endüstriyel kontrol sistemlerinde (EKS) etki alanı (domain) mimarisi kullanılması durumunda, etki alanında bulunan sunucular oluşturulan güvenli konfigürasyon kontrol listesine göre periyodik gözden geçirilmelidir. Konfigürasyon değişikliklerini anlık olarak loglayacak yapılandırmalar devreye alınmalıdır.;111;;REGULATION;;;;https://www.epdk.gov.tr/Detay/DownloadDocument?id=4KFPqszJ13k%3D;Ek-1 · 02-İstemci ve Sunucu Güvenliği · İSG-39;2026-09-09;2023-06-06;Seviye 2
İSG-40;AILE-02;OT Domain Güvenliği;Elektrik dağıtım şebekesi endüstriyel kontrol sistemlerinde (EKS) etki alanı (domain) mimarisi kullanılması durumunda, etki alanında bulunan Grup İlkeleri (GPO) güvenli bir şekilde uygulanmalıdır.;112;;REGULATION;;;;https://www.epdk.gov.tr/Detay/DownloadDocument?id=4KFPqszJ13k%3D;Ek-1 · 02-İstemci ve Sunucu Güvenliği · İSG-40;2026-09-09;2023-06-06;Seviye 2
İSG-41;AILE-02;HMI Güvenliği;Elektrik dağıtım şebekesi endüstriyel kontrol sistemlerinde (EKS), operatörler günlük operasyonları gerçekleştirdikleri arayüzler (HMI) üzerinde operasyonu gerçekleştirmek için gerekli olan en düşük yetki ile çalışmalıdır. Arayüzler (HMI) yetki aşımına izin vermeyecek şekilde yapılandırmalıdır.;113;;REGULATION;;;;https://www.epdk.gov.tr/Detay/DownloadDocument?id=4KFPqszJ13k%3D;Ek-1 · 02-İstemci ve Sunucu Güvenliği · İSG-41;2026-09-09;2023-06-06;Seviye 2
İSG-42;AILE-02;HMI Güvenliği;"Elektrik dağıtım şebekesi endüstriyel kontrol sistemlerinde (EKS) kullanılan arayüzler (HMI) devre dışı bırakma (bypass) ve kaçış saldırılarını engelleyebilecek şekilde yapılandırılmalıdır. Bu yapılandırmalar ""Tehdit ve Zafiyet Yönetim"" başlığına uygun şekilde periyodik olarak test edilmelidir.";114;;REGULATION;;;;https://www.epdk.gov.tr/Detay/DownloadDocument?id=4KFPqszJ13k%3D;Ek-1 · 02-İstemci ve Sunucu Güvenliği · İSG-42;2026-09-09;2023-06-06;Seviye 2
TZY-1;AILE-03;Politika, prosedür, süreç;Elektrik dağıtım şebekesi endüstriyel kontrol sistemlerine (EKS) yönelik tehditlerin yönetilebilmesi için gerekli bilgi kaynakları belirlenmelidir.;115;;REGULATION;;;;https://www.epdk.gov.tr/Detay/DownloadDocument?id=4KFPqszJ13k%3D;Ek-1 · 03-Tehdit ve Zafiyet Yönetimi · TZY-1;2026-09-09;2023-06-06;Seviye 1
TZY-2;AILE-03;Endüstriyel tehdit istihbaratı yönetimi;Elektrik dağıtım şebekesi endüstriyel kontrol sistemlerine (EKS) yönelik tehditlerin yönetilebilmesi amacı ile belirlenen kaynaklardan siber güvenlik tehdit bilgisi toplanmalı ve işlenmelidir.;116;;REGULATION;;;;https://www.epdk.gov.tr/Detay/DownloadDocument?id=4KFPqszJ13k%3D;Ek-1 · 03-Tehdit ve Zafiyet Yönetimi · TZY-2;2026-09-09;2023-06-06;Seviye 2
TZY-3;AILE-03;Endüstriyel tehdit istihbaratı yönetimi;Elektrik dağıtım şebekesi endüstriyel kontrol sistemlerinin (EKS) güvenliği ve sürekliliği için risk teşkil edebilecek tehditler belirlenmeli ve bu tehditlerin yönetimi için iyileştirme aksiyonları belirtilmelidir.;117;;REGULATION;;;;https://www.epdk.gov.tr/Detay/DownloadDocument?id=4KFPqszJ13k%3D;Ek-1 · 03-Tehdit ve Zafiyet Yönetimi · TZY-3;2026-09-09;2023-06-06;Seviye 1
TZY-4;AILE-03;Endüstriyel tehdit istihbaratı yönetimi;Elektrik dağıtım şebekesi endüstriyel kontrol sistemlerine (EKS) yönelik tehditlerin profillendirilmesi için tehdit hakkında en az aşağıdaki bilgiler edinilmelidir. -Tehdidin hedefi -Kabiliyetleri -Tehdit hedefinin endüstriyel operasyondaki önemi;118;;REGULATION;;;;https://www.epdk.gov.tr/Detay/DownloadDocument?id=4KFPqszJ13k%3D;Ek-1 · 03-Tehdit ve Zafiyet Yönetimi · TZY-4;2026-09-09;2023-06-06;Seviye 1
TZY-5;AILE-03;Endüstriyel tehdit istihbaratı yönetimi;Elektrik dağıtım şebekesi endüstriyel kontrol sistemlerine (EKS) yönelik tehditlerin yönetilebilmesi için belirlenen bilgi kaynakları önceliklendirilmeli ve sürekli olarak takip edilmelidir.;119;;REGULATION;;;;https://www.epdk.gov.tr/Detay/DownloadDocument?id=4KFPqszJ13k%3D;Ek-1 · 03-Tehdit ve Zafiyet Yönetimi · TZY-5;2026-09-09;2023-06-06;Seviye 1
TZY-6;AILE-03;Endüstriyel tehdit istihbaratı yönetimi;Elektrik dağıtım şebekesi endüstriyel kontrol sistemlerine (EKS) yönelik risk teşkil edebileceği değerlendirilen tehditler analiz edilmeli, sınıflandırmalı ve önceliklendirilmelidir.;120;;REGULATION;;;;https://www.epdk.gov.tr/Detay/DownloadDocument?id=4KFPqszJ13k%3D;Ek-1 · 03-Tehdit ve Zafiyet Yönetimi · TZY-6;2026-09-09;2023-06-06;Seviye 1
TZY-7;AILE-03;Endüstriyel zafiyet yönetimi;Elektrik dağıtım şebekesi endüstriyel kontrol sistemlerine (EKS) yönelik zafiyetlerin yönetilebilmesi için gerekli bilgi kaynakları belirlenmelidir.;121;;REGULATION;;;;https://www.epdk.gov.tr/Detay/DownloadDocument?id=4KFPqszJ13k%3D;Ek-1 · 03-Tehdit ve Zafiyet Yönetimi · TZY-7;2026-09-09;2023-06-06;Seviye 1
TZY-8;AILE-03;Endüstriyel zafiyet yönetimi;Elektrik dağıtım şebekesi endüstriyel kontrol sistemlerine (EKS) yönelik tehditlerin yönetilebilmesi amacı ile belirlenen kaynaklardan siber güvenlik zafiyet bilgisi toplanmalı ve işlenmelidir.;122;;REGULATION;;;;https://www.epdk.gov.tr/Detay/DownloadDocument?id=4KFPqszJ13k%3D;Ek-1 · 03-Tehdit ve Zafiyet Yönetimi · TZY-8;2026-09-09;2023-06-06;Seviye 1
TZY-9;AILE-03;Endüstriyel zafiyet yönetimi;Elektrik dağıtım şebekesi endüstriyel kontrol sistemlerinin (EKS) güvenliği ve sürekliliği için risk teşkil edebilecek zafiyetler belirlenmeli ve bu zafiyetlerin yönetimi için iyileştirme aksiyonları belirtilmelidir.;123;;REGULATION;;;;https://www.epdk.gov.tr/Detay/DownloadDocument?id=4KFPqszJ13k%3D;Ek-1 · 03-Tehdit ve Zafiyet Yönetimi · TZY-9;2026-09-09;2023-06-06;Seviye 1
TZY-10;AILE-03;Endüstriyel zafiyet yönetimi;"""Enerji Sektöründe Kullanılan Endüstriyel Kontrol Sistemleri İçin Güvenlik Analiz ve Test Usul ve Esasları""nın ilgili maddeleri doğrultusunda elektrik dağıtım şebekesi endüstriyel kontrol sistemleri (EKS) için güvenlik analizleri ve testleri gerçekleştirilmelidir.";124;;REGULATION;;;;https://www.epdk.gov.tr/Detay/DownloadDocument?id=4KFPqszJ13k%3D;Ek-1 · 03-Tehdit ve Zafiyet Yönetimi · TZY-10;2026-09-09;2023-06-06;Seviye 1
TZY-11;AILE-03;Endüstriyel zafiyet yönetimi;Elektrik dağıtım şebekesi endüstriyel kontrol sistemlerine (EKS) yönelik risk teşkil edebileceği değerlendirilen zafiyetler analiz edilmeli, sınıflandırılmalı ve önceliklendirilmelidir.;125;;REGULATION;;;;https://www.epdk.gov.tr/Detay/DownloadDocument?id=4KFPqszJ13k%3D;Ek-1 · 03-Tehdit ve Zafiyet Yönetimi · TZY-11;2026-09-09;2023-06-06;Seviye 1
TZY-12;AILE-03;Endüstriyel zafiyet yönetimi;Elektrik dağıtım şebekesi endüstriyel kontrol sistemlerine (EKS) yönelik risk teşkil edebileceği değerlendirilen zafiyetler önceliklerine göre yönetilmelidir.;126;;REGULATION;;;;https://www.epdk.gov.tr/Detay/DownloadDocument?id=4KFPqszJ13k%3D;Ek-1 · 03-Tehdit ve Zafiyet Yönetimi · TZY-12;2026-09-09;2023-06-06;Seviye 1
TZY-13;AILE-03;Endüstriyel zafiyet yönetimi;"Elektrik dağıtım şebekesi endüstriyel kontrol sistemi (EKS) bileşenlerine ait siber güvenlik yamaları ""İstemci ve Sunucu Güvenliği"" başlığına uygun olacak şekilde yamaların operasyonlara olan etkisi de gözden geçirilerek uygulanmalıdır.";127;;REGULATION;;;;https://www.epdk.gov.tr/Detay/DownloadDocument?id=4KFPqszJ13k%3D;Ek-1 · 03-Tehdit ve Zafiyet Yönetimi · TZY-13;2026-09-09;2023-06-06;Seviye 1
TZY-14;AILE-03;Politika, prosedür, süreç;Elektrik dağıtım şebekesi endüstriyel kontrol sistemlerine (EKS) ilişkin tehdit ve zafiyet yönetim yaklaşımı dokümante edilmiş olmalıdır.;128;;REGULATION;;;;https://www.epdk.gov.tr/Detay/DownloadDocument?id=4KFPqszJ13k%3D;Ek-1 · 03-Tehdit ve Zafiyet Yönetimi · TZY-14;2026-09-09;2023-06-06;Seviye 1
TZY-15;AILE-03;Politika, prosedür, süreç;Elektrik dağıtım şebekesi endüstriyel kontrol sistemlerine (EKS) ilişkin tehdit ve zafiyet yönetim sürecinde ihtiyaç duyulabilecek tüm üçüncü taraflar belirlenmeli ve bu sürece dahil edilmelidir.;129;;REGULATION;;;;https://www.epdk.gov.tr/Detay/DownloadDocument?id=4KFPqszJ13k%3D;Ek-1 · 03-Tehdit ve Zafiyet Yönetimi · TZY-15;2026-09-09;2023-06-06;Seviye 1
TZY-16;AILE-03;Politika, prosedür, süreç;Elektrik dağıtım şebekesi endüstriyel kontrol sistemlerine (EKS) ilişkin tehdit ve zafiyet yönetimi için gerekli standart, kılavuz ve yasal mevzuatlar belirlenmelidir.;130;;REGULATION;;;;https://www.epdk.gov.tr/Detay/DownloadDocument?id=4KFPqszJ13k%3D;Ek-1 · 03-Tehdit ve Zafiyet Yönetimi · TZY-16;2026-09-09;2023-06-06;Seviye 1
TZY-17;AILE-03;Endüstriyel tehdit istihbaratı yönetimi;Elektrik dağıtım şebekesi endüstriyel kontrol sistemlerine (EKS) ilişkin tehdit istihbaratı, bir bütün olarak izlenmelidir.;131;;REGULATION;;;;https://www.epdk.gov.tr/Detay/DownloadDocument?id=4KFPqszJ13k%3D;Ek-1 · 03-Tehdit ve Zafiyet Yönetimi · TZY-17;2026-09-09;2023-06-06;Seviye 2
TZY-18;AILE-03;Endüstriyel tehdit istihbaratı yönetimi;Tehdit yönetimi kapsamında arz güvenliğini riske atabilecek, doğal afetler, terör vb. gibi bilgiler de bütüncül bir yaklaşım sergileyecek şekilde değerlendirilmelidir.;132;;REGULATION;;;;https://www.epdk.gov.tr/Detay/DownloadDocument?id=4KFPqszJ13k%3D;Ek-1 · 03-Tehdit ve Zafiyet Yönetimi · TZY-18;2026-09-09;2023-06-06;Seviye 2
TZY-19;AILE-03;Endüstriyel tehdit istihbaratı yönetimi;Elektrik dağıtım şebekesi endüstriyel kontrol sistemlerine (EKS) ilişkin yerel ve küresel tehdit istihbarat kaynakları bir bütün olarak yönetilmelidir. (Bu kaynaklar üretici sayfaları, küresel bilgilendirme sayfaları gibi kaynaklar olabilir.);133;;REGULATION;;;;https://www.epdk.gov.tr/Detay/DownloadDocument?id=4KFPqszJ13k%3D;Ek-1 · 03-Tehdit ve Zafiyet Yönetimi · TZY-19;2026-09-09;2023-06-06;Seviye 2
TZY-20;AILE-03;Endüstriyel tehdit istihbaratı yönetimi;KBS ve EKS'e ilişkin tehdit istihbarat kaynakları bir bütün olarak yönetilmelidir.;134;;REGULATION;;;;https://www.epdk.gov.tr/Detay/DownloadDocument?id=4KFPqszJ13k%3D;Ek-1 · 03-Tehdit ve Zafiyet Yönetimi · TZY-20;2026-09-09;2023-06-06;Seviye 2
TZY-21;AILE-03;Endüstriyel tehdit tespiti;Elektrik dağıtım şebekesi endüstriyel kontrol sistemlerine (EKS) ilişkin tehditler (saldırgan aktiviteleri) gerçek zamanlı olarak izlenebilmelidir. Bu izleme, istemci ve sunucu üzerinden bilgi toplanarak ve ağ trafiği takip edilerek gerçekleştirilebilir.;135;;REGULATION;;;;https://www.epdk.gov.tr/Detay/DownloadDocument?id=4KFPqszJ13k%3D;Ek-1 · 03-Tehdit ve Zafiyet Yönetimi · TZY-21;2026-09-09;2023-06-06;Seviye 2
TZY-22;AILE-03;Endüstriyel tehdit tespiti;Elektrik dağıtım şebekesi endüstriyel kontrol sistemlerine (EKS) ilişkin bir saldırı tespiti yapılması durumunda, söz konusu saldırılar sınıflandırılmalıdır. (operasyonel tehditler, siber güvenlik tehditleri, fiziksel, ağ tehditleri vb.);136;;REGULATION;;;;https://www.epdk.gov.tr/Detay/DownloadDocument?id=4KFPqszJ13k%3D;Ek-1 · 03-Tehdit ve Zafiyet Yönetimi · TZY-22;2026-09-09;2023-06-06;Seviye 2
TZY-23;AILE-03;Endüstriyel zafiyet yönetimi;"Elektrik dağıtım şebekesi endüstriyel kontrol sistemlerine (EKS) ilişkin zafiyet analizi ""Enerji Sektöründe Kullanılan Endüstriyel Kontrol Sistemleri İçin Güvenlik Analiz ve Test Usul ve Esasları""nın ilgili maddelerine göre aktif veya pasif yöntemlerle (manuel ya da otomatize araçlarla) en az yılda bir kez gerçekleştirilebilir durumda olmalıdır.";137;;REGULATION;;;;https://www.epdk.gov.tr/Detay/DownloadDocument?id=4KFPqszJ13k%3D;Ek-1 · 03-Tehdit ve Zafiyet Yönetimi · TZY-23;2026-09-09;2023-06-06;Seviye 1
TZY-24;AILE-03;Endüstriyel zafiyet yönetimi;"Elektrik dağıtım şebekesi endüstriyel kontrol sistemlerine (EKS) ilişkin zafiyet analizi ""Enerji Sektöründe Kullanılan Endüstriyel Kontrol Sistemlerinde Bilişim Güvenliği Yönetmeliği""nin ilgili maddelerine uygun yöntemlerle gerçekleştirilmeli ve en az aşağıda belirtilen bileşenleri kapsamalıdır. -EKS sunucu ve istemci işletim sistemleri -Kontrol katmanı bileşenleri (PLC/RTU, Röle, Giriş/Çıkış (I/O) Modüleri vb.) -Sayaçlar, ölçüm cihazları -Dönüştürücüler (Protokol ve seri/ethernet) -Ağ cihazları -Endüstriyel uygulama yazılımları -Siber güvenlik teknolojileri";138;;REGULATION;;;;https://www.epdk.gov.tr/Detay/DownloadDocument?id=4KFPqszJ13k%3D;Ek-1 · 03-Tehdit ve Zafiyet Yönetimi · TZY-24;2026-09-09;2023-06-06;Seviye 1
TZY-25;AILE-03;Endüstriyel zafiyet yönetimi;Elektrik dağıtım şebekesi endüstriyel kontrol sistemlerine (EKS) ilişkin zafiyet analizleri farklı kaynakları girdi olarak kullanmalıdır. (Sızma testleri, güvenlik testleri, analizleri, zafiyet taramaları vb.);139;;REGULATION;;;;https://www.epdk.gov.tr/Detay/DownloadDocument?id=4KFPqszJ13k%3D;Ek-1 · 03-Tehdit ve Zafiyet Yönetimi · TZY-25;2026-09-09;2023-06-06;Seviye 1
TZY-26;AILE-03;Endüstriyel zafiyet yönetimi;Elektrik dağıtım şebekesi endüstriyel kontrol sistemlerine (EKS) ilişkin zafiyet analizleri için otomatize bir araç kullanılacaksa seçilen aracın teknolojisi, protokol desteği ilgili altyapıya uygun olmalıdır.;140;;REGULATION;;;;https://www.epdk.gov.tr/Detay/DownloadDocument?id=4KFPqszJ13k%3D;Ek-1 · 03-Tehdit ve Zafiyet Yönetimi · TZY-26;2026-09-09;2023-06-06;Seviye 1
TZY-27;AILE-03;Endüstriyel zafiyet yönetimi;Elektrik dağıtım şebekesi endüstriyel kontrol sistemlerine (EKS) ilişkin siber güvenlik zafiyetleri bir yaşam döngüsü şeklinde yönetilmelidir. (Tespit, iyileştirme, doğrulama, kapatma, kabul vb.);141;;REGULATION;;;;https://www.epdk.gov.tr/Detay/DownloadDocument?id=4KFPqszJ13k%3D;Ek-1 · 03-Tehdit ve Zafiyet Yönetimi · TZY-27;2026-09-09;2023-06-06;Seviye 1
TZY-28;AILE-03;Endüstriyel zafiyet yönetimi;Elektrik dağıtım şebekesi endüstriyel kontrol sistemlerine (EKS) ilişkin tespit edilen her bir siber güvenlik zafiyeti için ilgili birim ve personellere sorumluluk ataması gerçekleştirilmelidir.;142;;REGULATION;;;;https://www.epdk.gov.tr/Detay/DownloadDocument?id=4KFPqszJ13k%3D;Ek-1 · 03-Tehdit ve Zafiyet Yönetimi · TZY-28;2026-09-09;2023-06-06;Seviye 1
TZY-29;AILE-03;Endüstriyel zafiyet yönetimi;Elektrik dağıtım şebekesi endüstriyel kontrol sistemlerine (EKS) ilişkin risk analizi, sızma testi, güvenlik analizi çıktılarının eğilimi sürekli olarak izlenmelidir.;143;;REGULATION;;;;https://www.epdk.gov.tr/Detay/DownloadDocument?id=4KFPqszJ13k%3D;Ek-1 · 03-Tehdit ve Zafiyet Yönetimi · TZY-29;2026-09-09;2023-06-06;Seviye 1
TZY-30;AILE-03;Endüstriyel zafiyet yönetimi;Elektrik dağıtım şebekesi endüstriyel kontrol sistemlerine (EKS) ilişkin zafiyet yönetimi faaliyetleri ana kontrol ve acil/yedek kontrol merkezleri bileşenlerini içermelidir.;144;;REGULATION;;;;https://www.epdk.gov.tr/Detay/DownloadDocument?id=4KFPqszJ13k%3D;Ek-1 · 03-Tehdit ve Zafiyet Yönetimi · TZY-30;2026-09-09;2023-06-06;Seviye 1
TZY-31;AILE-03;Endüstriyel zafiyet yönetimi;Elektrik dağıtım şebekesi endüstriyel kontrol sistemlerine (EKS) ilişkin zafiyet yönetimi faaliyetleri uç saha bileşenlerini (ağ, haberleşme, çevirici, protokol vb.) içermelidir.;145;;REGULATION;;;;https://www.epdk.gov.tr/Detay/DownloadDocument?id=4KFPqszJ13k%3D;Ek-1 · 03-Tehdit ve Zafiyet Yönetimi · TZY-31;2026-09-09;2023-06-06;Seviye 2
TZY-32;AILE-03;Endüstriyel zafiyet yönetimi;Elektrik dağıtım şebekesi endüstriyel kontrol sistemlerine (EKS) ilişkin zafiyet yönetimi faaliyetleri endüstriyel kontrol sistemlerinin bulunduğu tüm fiziksel lokasyonları içermelidir.;146;;REGULATION;;;;https://www.epdk.gov.tr/Detay/DownloadDocument?id=4KFPqszJ13k%3D;Ek-1 · 03-Tehdit ve Zafiyet Yönetimi · TZY-32;2026-09-09;2023-06-06;Seviye 2
TZY-33;AILE-03;Endüstriyel zafiyet yönetimi;Elektrik dağıtım şebekesi endüstriyel kontrol sistemlerine (EKS) ilişkin zafiyet yönetimi faaliyetleri, EKS varlıklarının sürüm bilgisinden zafiyet tespitine imkan vermelidir. Bu amaçla manuel veya otomatize yöntemler kullanılabilmelidir.;147;;REGULATION;;;;https://www.epdk.gov.tr/Detay/DownloadDocument?id=4KFPqszJ13k%3D;Ek-1 · 03-Tehdit ve Zafiyet Yönetimi · TZY-33;2026-09-09;2023-06-06;Seviye 2
ERY-1;AILE-04;Endüstriyel Siber Güvenlik Risk Yönetimi Stratejisi;Elektrik dağıtım şebekesi endüstriyel kontrol sistemleri (EKS) için dokümante edilmiş bir endüstriyel siber güvenlik risk yönetimi stratejisi olmalıdır. Risk yönetim metodolojisi endüstriyel altyapılar için özelleştirilmiş olmalıdır.;148;;REGULATION;;;;https://www.epdk.gov.tr/Detay/DownloadDocument?id=4KFPqszJ13k%3D;Ek-1 · 04-Endüstriyel Risk Yönetimi · ERY-1;2026-09-09;2023-06-06;Seviye 1
ERY-2;AILE-04;Endüstriyel Siber Güvenlik Risk Yönetimi Stratejisi;Endüstriyel siber güvenlik risk yönetim stratejisi, endüstriyel operasyonlara etkinin dikkate alınması da dahil olmak üzere, risk önceliklendirmesi için bir yaklaşıma sahip olmalıdır. Bu strateji endüstriyel operasyonlar dikkate alınarak hazırlanmalıdır.;149;;REGULATION;;;;https://www.epdk.gov.tr/Detay/DownloadDocument?id=4KFPqszJ13k%3D;Ek-1 · 04-Endüstriyel Risk Yönetimi · ERY-2;2026-09-09;2023-06-06;Seviye 1
ERY-3;AILE-04;Endüstriyel Siber Güvenlik Risk Yönetimi;Belirlenen riskler, risk azaltma, risk kabulü, riskten kaçınma veya riskin transferi işlemleri çerçevesinde yönetilmelidir. Bu sürece ilişkin gerekli dokümantasyon oluşturulmalı ve bu dokümanlar üç yıl süreyle saklanmalıdır.;150;;REGULATION;;;;https://www.epdk.gov.tr/Detay/DownloadDocument?id=4KFPqszJ13k%3D;Ek-1 · 04-Endüstriyel Risk Yönetimi · ERY-3;2026-09-09;2023-06-06;Seviye 1
ERY-4;AILE-04;Endüstriyel Siber Güvenlik Risk Yönetimi;Risk değerlendirme dokümanı asgari olarak, “risk numarası, risk kategorisi, riskin oluşması için koşullar, zafiyet, tehdit, risk, riski taşıyan bileşen/bileşen grubu, riskten etkilenen bileşen/bileşen grubu, riskin etki değeri, riskin gerçekleşme olasılığı” başlıklarını içermelidir.;151;;REGULATION;;;;https://www.epdk.gov.tr/Detay/DownloadDocument?id=4KFPqszJ13k%3D;Ek-1 · 04-Endüstriyel Risk Yönetimi · ERY-4;2026-09-09;2023-06-06;Seviye 1
ERY-5;AILE-04;Endüstriyel Siber Güvenlik Risk Yönetimi;Risk değerlendirme dokümanı, endüstriyel operasyonlarda veya bilgi sisteminde (yeni tehdit ve zafiyetler belirlendiği durumlar dahil olmak üzere) önemli değişiklikler olduğunda veya sistemin güvenlik durumunu etkileyebilecek diğer koşullar oluştuğunda güncellenmelidir.;152;;REGULATION;;;;https://www.epdk.gov.tr/Detay/DownloadDocument?id=4KFPqszJ13k%3D;Ek-1 · 04-Endüstriyel Risk Yönetimi · ERY-5;2026-09-09;2023-06-06;Seviye 1
ERY-6;AILE-04;Endüstriyel Siber Güvenlik Risk Yönetimi;Riskin gerçekleşme olasılığı “normal, yüksek ya da çok yüksek” dereceleri kullanılarak değerlendirilmelidir.;153;;REGULATION;;;;https://www.epdk.gov.tr/Detay/DownloadDocument?id=4KFPqszJ13k%3D;Ek-1 · 04-Endüstriyel Risk Yönetimi · ERY-6;2026-09-09;2023-06-06;Seviye 1
ERY-7;AILE-04;Endüstriyel Siber Güvenlik Risk Yönetimi;Risk işleme planları, risklerin azaltılmasına ilişkin uygulanması veya alınması gereken önlem ve kontrolleri içermelidir.;154;;REGULATION;;;;https://www.epdk.gov.tr/Detay/DownloadDocument?id=4KFPqszJ13k%3D;Ek-1 · 04-Endüstriyel Risk Yönetimi · ERY-7;2026-09-09;2023-06-06;Seviye 1
ERY-8;AILE-04;Endüstriyel Siber Güvenlik Risk Yönetimi;Tespit edilen riskler analiz edilerek, risk yönetimi stratejisine uygun olarak işleme faaliyetleri önceliklendirilmelidir.;155;;REGULATION;;;;https://www.epdk.gov.tr/Detay/DownloadDocument?id=4KFPqszJ13k%3D;Ek-1 · 04-Endüstriyel Risk Yönetimi · ERY-8;2026-09-09;2023-06-06;Seviye 1
ERY-9;AILE-04;Endüstriyel Siber Güvenlik Risk Yönetimi;Tespit edilen riskler, risk yönetimi stratejisine uygun olarak izlenmelidir.;156;;REGULATION;;;;https://www.epdk.gov.tr/Detay/DownloadDocument?id=4KFPqszJ13k%3D;Ek-1 · 04-Endüstriyel Risk Yönetimi · ERY-9;2026-09-09;2023-06-06;Seviye 1
ERY-10;AILE-04;Endüstriyel Siber Güvenlik Risk Yönetimi;Risk analizi sonuçları, ağ (KBS ve/veya EKS) mimarisine ait risk değerlendirme sonuçlarını da içermelidir. Risk analizlerinde mimari hatalar ve zafiyetler de girdi olarak kullanılmalıdır.;157;;REGULATION;;;;https://www.epdk.gov.tr/Detay/DownloadDocument?id=4KFPqszJ13k%3D;Ek-1 · 04-Endüstriyel Risk Yönetimi · ERY-10;2026-09-09;2023-06-06;Seviye 1
ERY-11;AILE-04;Politika, Prosedür, Süreç;Endüstriyel siber güvenlik risk yönetimi faaliyetleri için oluşturulan dokümanlar düzenli olarak takip edilmelidir. (Strateji dokümanları, politika ve prosedürler, formlar vb.);158;;REGULATION;;;;https://www.epdk.gov.tr/Detay/DownloadDocument?id=4KFPqszJ13k%3D;Ek-1 · 04-Endüstriyel Risk Yönetimi · ERY-11;2026-09-09;2023-06-06;Seviye 1
ERY-12;AILE-04;Politika, Prosedür, Süreç;Risk yönetimi faaliyetleri için paydaşlar belirlenmeli ve risk yönetimi sürecine dahil edilmelidir.;159;;REGULATION;;;;https://www.epdk.gov.tr/Detay/DownloadDocument?id=4KFPqszJ13k%3D;Ek-1 · 04-Endüstriyel Risk Yönetimi · ERY-12;2026-09-09;2023-06-06;Seviye 1
ERY-13;AILE-04;Politika, Prosedür, Süreç;Risk yönetimi faaliyetlerini desteklemek için yeterli kaynak (insan kaynağı, finansman vb.) sağlanmalıdır.;160;;REGULATION;;;;https://www.epdk.gov.tr/Detay/DownloadDocument?id=4KFPqszJ13k%3D;Ek-1 · 04-Endüstriyel Risk Yönetimi · ERY-13;2026-09-09;2023-06-06;Seviye 1
ERY-14;AILE-04;Politika, Prosedür, Süreç;Risk yönetimi faaliyetlerinin içeriğinde yer alacak standartlar ve/veya kılavuzlar belirlenmelidir. (NIST 800-53, NIST800-82, ISA 62443, ISO 27019, C2M2 vb.);161;;REGULATION;;;;https://www.epdk.gov.tr/Detay/DownloadDocument?id=4KFPqszJ13k%3D;Ek-1 · 04-Endüstriyel Risk Yönetimi · ERY-14;2026-09-09;2023-06-06;Seviye 1
ERY-15;AILE-04;Endüstriyel Siber Güvenlik Risk Yönetimi;Risk yönetim metodolojisi nitel ve nicel olarak ölçüme olanak tanımalıdır.;162;;REGULATION;;;;https://www.epdk.gov.tr/Detay/DownloadDocument?id=4KFPqszJ13k%3D;Ek-1 · 04-Endüstriyel Risk Yönetimi · ERY-15;2026-09-09;2023-06-06;Seviye 1
ERY-16;AILE-04;Endüstriyel Siber Güvenlik Risk Yönetimi;Risk yönetim metodolojisi risk kabul kriterlerini ve risk kabul değerini tanımlamalıdır.;163;;REGULATION;;;;https://www.epdk.gov.tr/Detay/DownloadDocument?id=4KFPqszJ13k%3D;Ek-1 · 04-Endüstriyel Risk Yönetimi · ERY-16;2026-09-09;2023-06-06;Seviye 1
ERY-17;AILE-04;Endüstriyel Siber Güvenlik Risk Yönetimi;Risk yönetim metodolojisi risk sahibini tanımlamalıdır. Riskler ilgili risk sahibine atanmalıdır.;164;;REGULATION;;;;https://www.epdk.gov.tr/Detay/DownloadDocument?id=4KFPqszJ13k%3D;Ek-1 · 04-Endüstriyel Risk Yönetimi · ERY-17;2026-09-09;2023-06-06;Seviye 1
ERY-18;AILE-04;Endüstriyel Siber Güvenlik Risk Yönetimi;Endüstriyel siber güvenlik risk belirleme sürecinde endüstriyel operasyonlara etkiye göre derecelendirme yapılmalıdır.;165;;REGULATION;;;;https://www.epdk.gov.tr/Detay/DownloadDocument?id=4KFPqszJ13k%3D;Ek-1 · 04-Endüstriyel Risk Yönetimi · ERY-18;2026-09-09;2023-06-06;Seviye 1
ERY-19;AILE-04;Endüstriyel Siber Güvenlik Risk Yönetimi;Risk yönetim metodolojisi tekrar edilebilir, karşılaştırılabilir ve tutarlı sonuçlar üretebilir olmalıdır.;166;;REGULATION;;;;https://www.epdk.gov.tr/Detay/DownloadDocument?id=4KFPqszJ13k%3D;Ek-1 · 04-Endüstriyel Risk Yönetimi · ERY-19;2026-09-09;2023-06-06;Seviye 1
ERY-20;AILE-04;Endüstriyel Siber Güvenlik Risk Yönetimi;Risk yönetim faaliyetleri, ana kontrol/yedek kontrol odalarını ve bileşenlerini içermelidir.;167;;REGULATION;;;;https://www.epdk.gov.tr/Detay/DownloadDocument?id=4KFPqszJ13k%3D;Ek-1 · 04-Endüstriyel Risk Yönetimi · ERY-20;2026-09-09;2023-06-06;Seviye 1
ERY-21;AILE-04;Endüstriyel Siber Güvenlik Risk Yönetimi;Risk yönetim faaliyetleri, trafo merkezleri ve bileşenlerini içermelidir.;168;;REGULATION;;;;https://www.epdk.gov.tr/Detay/DownloadDocument?id=4KFPqszJ13k%3D;Ek-1 · 04-Endüstriyel Risk Yönetimi · ERY-21;2026-09-09;2023-06-06;Seviye 1
ERY-22;AILE-04;Endüstriyel Siber Güvenlik Risk Yönetimi;Risk yönetim faaliyetleri, endüstriyel sistemlerin olduğu tüm fiziksel lokasyonlar için fiziksel güvenlik risklerini içermelidir.;169;;REGULATION;;;;https://www.epdk.gov.tr/Detay/DownloadDocument?id=4KFPqszJ13k%3D;Ek-1 · 04-Endüstriyel Risk Yönetimi · ERY-22;2026-09-09;2023-06-06;Seviye 1
ERY-23;AILE-04;Endüstriyel Siber Güvenlik Risk Yönetimi;Risk yönetim faaliyetleri endüstriyel iletişim protokollerini içermelidir.;170;;REGULATION;;;;https://www.epdk.gov.tr/Detay/DownloadDocument?id=4KFPqszJ13k%3D;Ek-1 · 04-Endüstriyel Risk Yönetimi · ERY-23;2026-09-09;2023-06-06;Seviye 1
ERY-24;AILE-04;Endüstriyel Siber Güvenlik Risk Yönetimi;Risk Yönetim faaliyetleri uç sahalarla haberleşme ve ağ güvenlik risklerini içermelidir.;171;;REGULATION;;;;https://www.epdk.gov.tr/Detay/DownloadDocument?id=4KFPqszJ13k%3D;Ek-1 · 04-Endüstriyel Risk Yönetimi · ERY-24;2026-09-09;2023-06-06;Seviye 1
ERY-25;AILE-04;Endüstriyel Siber Güvenlik Risk Yönetimi;Risk yönetimi faaliyetlerinde, Enerji Sektöründe EKS Güvenlik Kontrolleri başlıkları en az aşağıdaki bileşenler için uygulanmalıdır. - İş istasyonu riskleri - İnsan Makine arayüzü (HMI) iş istasyonu riskleri - Sunucu tabanlı riskler (SCADA, OPC, Historian vb.) - Endüstriyel yazılım uygulamaları riskleri (SCADA yazılımı) - Siber güvenlik uygulama ve çözümleri - Mühendislik iş istasyonu riskleri - Endüstriyel ağ ve ekipmanları güvenlik riskleri - Endüstriyel altyapı kontrol katmanı ekipmanları güvenlik riskleri (PLC, RTU, Röle) - Sayaçlar - KBS ağları entegrasyon riskleri (CRM, CBS, OMS, ERP, Çağrı Merkezi vb.);172;;REGULATION;;;;https://www.epdk.gov.tr/Detay/DownloadDocument?id=4KFPqszJ13k%3D;Ek-1 · 04-Endüstriyel Risk Yönetimi · ERY-25;2026-09-09;2023-06-06;Seviye 1
ERY-26;AILE-04;Endüstriyel Siber Güvenlik Risk Yönetimi;Risk yönetimi üçüncü taraf bilgi güvenliği risklerini içermelidir.;173;;REGULATION;;;;https://www.epdk.gov.tr/Detay/DownloadDocument?id=4KFPqszJ13k%3D;Ek-1 · 04-Endüstriyel Risk Yönetimi · ERY-26;2026-09-09;2023-06-06;Seviye 1
ERY-27;AILE-04;Endüstriyel Siber Güvenlik Risk Yönetimi;Risk yönetim süreci ISO 27001 BGYS ve CB-DDO formlarına uygun olarak işletilmelidir.;174;;REGULATION;;;;https://www.epdk.gov.tr/Detay/DownloadDocument?id=4KFPqszJ13k%3D;Ek-1 · 04-Endüstriyel Risk Yönetimi · ERY-27;2026-09-09;2023-06-06;Seviye 1
ERY-28;AILE-04;Endüstriyel Siber Güvenlik Risk Yönetimi;"Risk yönetim süreci kapsamında artık risk yönetim ilkeleri tanımlanmalıdır. Risk işleme sonrası kalan artık riskler; risk sahibi ve üst yönetim tarafından onaylanmalıdır.";175;;REGULATION;;;;https://www.epdk.gov.tr/Detay/DownloadDocument?id=4KFPqszJ13k%3D;Ek-1 · 04-Endüstriyel Risk Yönetimi · ERY-28;2026-09-09;2023-06-06;Seviye 1
ERY-29;AILE-04;Endüstriyel Siber Güvenlik Risk Yönetimi;Risk yönetim süreci, operasyonel süreklilik risklerini içermelidir.;176;;REGULATION;;;;https://www.epdk.gov.tr/Detay/DownloadDocument?id=4KFPqszJ13k%3D;Ek-1 · 04-Endüstriyel Risk Yönetimi · ERY-29;2026-09-09;2023-06-06;Seviye 1
ERY-30;AILE-04;Endüstriyel Siber Güvenlik Risk Yönetimi;Siber güvenlik riskleri ethernet ve seri iletişim tabanlı saldırı vektörleri dikkate alınarak belirlenmelidir.;177;;REGULATION;;;;https://www.epdk.gov.tr/Detay/DownloadDocument?id=4KFPqszJ13k%3D;Ek-1 · 04-Endüstriyel Risk Yönetimi · ERY-30;2026-09-09;2023-06-06;Seviye 1
ERY-31;AILE-04;Endüstriyel Siber Güvenlik Risk Yönetimi;"Risk yönetim sürecinde; sızma testleri, güvenlik analizleri, iç denetim çıktıları da girdi olarak kullanılmalıdır.";178;;REGULATION;;;;https://www.epdk.gov.tr/Detay/DownloadDocument?id=4KFPqszJ13k%3D;Ek-1 · 04-Endüstriyel Risk Yönetimi · ERY-31;2026-09-09;2023-06-06;Seviye 1
ERY-32;AILE-04;Endüstriyel Siber Güvenlik Risk Yönetimi;Risk değerlendirme sürecinde her bir endüstriyel siber güvenlik riskinin, çevre etkisi, finansal etkisi ve insana etkisi (abone sayısı) belirlenmelidir.;179;;REGULATION;;;;https://www.epdk.gov.tr/Detay/DownloadDocument?id=4KFPqszJ13k%3D;Ek-1 · 04-Endüstriyel Risk Yönetimi · ERY-32;2026-09-09;2023-06-06;Seviye 1
ERY-33;AILE-04;Endüstriyel Siber Güvenlik Risk Yönetimi;Risk değerlendirme sürecinde her bir endüstriyel siber güvenlik riskinin diğer kritik altyapılara olan etkisi de değerlendirilmelidir. (Su yönetimi, haberleşme, ulaşım, bankacılık vb.);180;;REGULATION;;;;https://www.epdk.gov.tr/Detay/DownloadDocument?id=4KFPqszJ13k%3D;Ek-1 · 04-Endüstriyel Risk Yönetimi · ERY-33;2026-09-09;2023-06-06;Seviye 1
ERY-34;AILE-04;Endüstriyel Siber Güvenlik Risk Yönetimi;Risk yönetim süreci insan temelli riskleri de içermelidir. (Personel, operator, mühendis, KBS çalışanı, siber güvenlik çalışanı, üretici ve alt yüklenici çalışanları);181;;REGULATION;;;;https://www.epdk.gov.tr/Detay/DownloadDocument?id=4KFPqszJ13k%3D;Ek-1 · 04-Endüstriyel Risk Yönetimi · ERY-34;2026-09-09;2023-06-06;Seviye 1
VKY-1;AILE-05;EKS Varlık Yönetimi;EKS (EKS ile etkileşimi olan KBS varlıklarını da içerecek şekilde) ve bilgi varlıkları için envanter oluşturulmalıdır. Envanter Yönetimi amaca özel olarak oluşturulmalıdır.;182;;REGULATION;;;;https://www.epdk.gov.tr/Detay/DownloadDocument?id=4KFPqszJ13k%3D;Ek-1 · 05-Varlık ve Konfigürasyon · VKY-1;2026-09-09;2023-06-06;Seviye 1
VKY-2;AILE-05;EKS Varlık Yönetimi;Bu envanter, siber saldırı hedefi olabilecek her türlü bileşeni de içermelidir. (Yazıcı, IoT Cihazlar, kartlı geçiş sistemi vb.);183;;REGULATION;;;;https://www.epdk.gov.tr/Detay/DownloadDocument?id=4KFPqszJ13k%3D;Ek-1 · 05-Varlık ve Konfigürasyon · VKY-2;2026-09-09;2023-06-06;Seviye 1
VKY-3;AILE-05;EKS Varlık Yönetimi;EKS (EKS ile etkileşimi olan KBS varlıklarını da içerecek şekilde) ve bilgi varlıkları envanteri, siber güvenlik süreçlerini destekleyen öznitelikler içermelidir. (Konum, varlık önceliği, işletim sistemi ve donanım yazılımı sürümleri, varlık sahibi, varlık emanetçisi vb.) Envanterdeki KBS ve EKS varlıklarına, bilgi varlıklarının fonksiyon ve görev önemine göre tanımlanmış CB DDO kriterlerini de göz önünde bulundurarak öncelik verilmelidir.;184;;REGULATION;;;;https://www.epdk.gov.tr/Detay/DownloadDocument?id=4KFPqszJ13k%3D;Ek-1 · 05-Varlık ve Konfigürasyon · VKY-3;2026-09-09;2023-06-06;Seviye 1
VKY-4;AILE-05;EKS Varlık Yönetimi;EKS (EKS ile etkileşimi olan KBS varlıklarını da içerecek şekilde) ve bilgi varlıkları için oluşturulan envanter periyodik olarak ve sistem değişikliği durumunda güncellenmelidir.;185;;REGULATION;;;;https://www.epdk.gov.tr/Detay/DownloadDocument?id=4KFPqszJ13k%3D;Ek-1 · 05-Varlık ve Konfigürasyon · VKY-4;2026-09-09;2023-06-06;Seviye 1
VKY-5;AILE-05;EKS Varlık Yönetimi;EKS (EKS ile etkileşimi olan KBS varlıklarını da içerecek şekilde) ve bilgi varlıkları envanteri, varlık kullanım ömrü (end-of-life) ve üretici desteğinin sonlanması (end-of-support) gibi bilgileri içermelidir.;186;;REGULATION;;;;https://www.epdk.gov.tr/Detay/DownloadDocument?id=4KFPqszJ13k%3D;Ek-1 · 05-Varlık ve Konfigürasyon · VKY-5;2026-09-09;2023-06-06;Seviye 2
VKY-6;AILE-05;EKS Varlık Yönetimi;Envanterde kullanım ömrü sonuna gelmiş veya değişimi yapılacak olan KBS ve EKS varlıklarına ait veriler güvenli bir şekilde silinmelidir.;187;;REGULATION;;;;https://www.epdk.gov.tr/Detay/DownloadDocument?id=4KFPqszJ13k%3D;Ek-1 · 05-Varlık ve Konfigürasyon · VKY-6;2026-09-09;2023-06-06;Seviye 1
VKY-7;AILE-05;Bilgi Varlığı Envanteri Yönetimi;Elektrik dağıtım prosesinin devamlılığı için önemli olan bilgi varlıklarının envanteri oluşturulmalıdır. (Bu bilgi varlıkları, SCADA analog komutlar, özel konfigürasyon parametreleri ve müşteri bilgileri olabilir) Envanter yönetimi endüstriyel prosese özel olmalıdır.;188;;REGULATION;;;;https://www.epdk.gov.tr/Detay/DownloadDocument?id=4KFPqszJ13k%3D;Ek-1 · 05-Varlık ve Konfigürasyon · VKY-7;2026-09-09;2023-06-06;Seviye 2
VKY-8;AILE-05;Varlık Konfigürasyon Yönetimi;Temel konfigürasyon mimarisi oluşturulmalıdır. Konfigürasyonlarda siber güvenlik açısından gerekli olan minimum isterler dokümante edilmelidir. (IP adresleri, parolalar, servis/port, kritik set değerleri vb.);189;;REGULATION;;;;https://www.epdk.gov.tr/Detay/DownloadDocument?id=4KFPqszJ13k%3D;Ek-1 · 05-Varlık ve Konfigürasyon · VKY-8;2026-09-09;2023-06-06;Seviye 1
VKY-9;AILE-05;Varlık Konfigürasyon Yönetimi;Temel konfigürasyon mimarisi, varlıklara konfigürasyon dağıtımı ve geri yükleme süreçlerinde kullanılmalıdır.;190;;REGULATION;;;;https://www.epdk.gov.tr/Detay/DownloadDocument?id=4KFPqszJ13k%3D;Ek-1 · 05-Varlık ve Konfigürasyon · VKY-9;2026-09-09;2023-06-06;Seviye 2
VKY-10;AILE-05;Varlık Konfigürasyon Yönetimi;Yeni gerçekleştirilen varlık konfigürasyonlarının, temel konfigürasyon mimarisine göre tutarlılıkları izlenmelidir.;191;;REGULATION;;;;https://www.epdk.gov.tr/Detay/DownloadDocument?id=4KFPqszJ13k%3D;Ek-1 · 05-Varlık ve Konfigürasyon · VKY-10;2026-09-09;2023-06-06;Seviye 2
VKY-11;AILE-05;Varlık Konfigürasyon Yönetimi;Temel konfigürasyon mimarisi, periyodik olarak, sistem değişiklikleri ve siber güvenlik mimarisindeki değişikliklere göre gözden geçirilmeli ve güncellenmelidir.;192;;REGULATION;;;;https://www.epdk.gov.tr/Detay/DownloadDocument?id=4KFPqszJ13k%3D;Ek-1 · 05-Varlık ve Konfigürasyon · VKY-11;2026-09-09;2023-06-06;Seviye 1
VKY-12;AILE-05;Varlık Değişikliklerinin Yönetimi;Varlıklarda yapılacak temel mimari konfigürasyon değişiklikleri, uygulanmadan önce, kurum tarafından tanımlanmış ve dokümante edilmiş olan sistem etkisi ve siber güvenlik isterlerine göre değerlendirilmeli, test edilmeli ve onaylanmalıdır. Bu testler siber güvenlik gereksinimlerini karşılamalıdır. Değişikliklere ilişkin kayıtlar tutulmalıdır.;193;;REGULATION;;;;https://www.epdk.gov.tr/Detay/DownloadDocument?id=4KFPqszJ13k%3D;Ek-1 · 05-Varlık ve Konfigürasyon · VKY-12;2026-09-09;2023-06-06;Seviye 1
VKY-13;AILE-05;Varlık Değişikliklerinin Yönetimi;Değişim yönetimi takibi, varlıkların tüm yaşam döngüsünü ele almalıdır. (Satın alma, dağıtım, operasyon, kullanımdan kaldırılması vb. );194;;REGULATION;;;;https://www.epdk.gov.tr/Detay/DownloadDocument?id=4KFPqszJ13k%3D;Ek-1 · 05-Varlık ve Konfigürasyon · VKY-13;2026-09-09;2023-06-06;Seviye 1
VKY-14;AILE-05;Varlık Değişikliklerinin Yönetimi;Değişiklik kayıtları, varlıkların siber güvenlik gereksinimlerini etkileyen değişikliklerle ilgili bilgileri de içermelidir.;195;;REGULATION;;;;https://www.epdk.gov.tr/Detay/DownloadDocument?id=4KFPqszJ13k%3D;Ek-1 · 05-Varlık ve Konfigürasyon · VKY-14;2026-09-09;2023-06-06;Seviye 1
VKY-15;AILE-05;Politika, Prosedür, Süreç;Varlık yönetim sürecinde dokümante edilmiş prosedürler oluşturulmalıdır. İlgili prosedüreler takip edilmeli ve sürdürülmelidir. Varlık yönetim sürecinde gerekli üst yönetim desteği sağlanmalıdır. Süreçten sorumlu personeller atanmalı ve gerekli yetkilendirilmeler yapılmalıdır. Varlık yönetim sürecinin etkinliği değerlendirilmeli ve izlenmelidir.;196;;REGULATION;;;;https://www.epdk.gov.tr/Detay/DownloadDocument?id=4KFPqszJ13k%3D;Ek-1 · 05-Varlık ve Konfigürasyon · VKY-15;2026-09-09;2023-06-06;Seviye 1
KEY-1;AILE-06;Parola Yönetimi;Elektrik dağıtım şebekesi endüstriyel kontrol sistemlerinde (EKS) kullanılan operatör iş istasyonlarında, sunucularda, mühendislik iş istayonlarında, uygulamalarda ve ağ cihazlarında tahmin edilebilir ya da basit kullanıcı adı/parola kullanılmamalıdır. Sistem tarafından karmaşık parola atamaları zorlanmalıdır.;197;;REGULATION;;;;https://www.epdk.gov.tr/Detay/DownloadDocument?id=4KFPqszJ13k%3D;Ek-1 · 06-Kimlik ve Erişim Yönetimi · KEY-1;2026-09-09;2023-06-06;Seviye 2
KEY-2;AILE-06;Parola Yönetimi;Elektrik dağıtım şebekesi endüstriyel kontrol sistemlerinde (EKS) kullanılan operatör iş istasyonlarında, sunucularda, mühendislik iş istayonlarında, uygulamalarda ve ağ cihazlarında alt yükleniciler tarafından atanan parolalar değiştirilmelidir. Her bir tesis kendine özel kullanıcı adı ve parolalara sahip olmalıdır.;198;;REGULATION;;;;https://www.epdk.gov.tr/Detay/DownloadDocument?id=4KFPqszJ13k%3D;Ek-1 · 06-Kimlik ve Erişim Yönetimi · KEY-2;2026-09-09;2023-06-06;Seviye 2
KEY-3;AILE-06;Erişim ve Yetki Yönetimi;Elektrik dağıtım şebekesi endüstriyel kontrol sistemlerinde (EKS) kullanılan bileşenlerde operatör yetkisi ve mühendislik yetkisi ayrıştırılmalıdır.;199;;REGULATION;;;;https://www.epdk.gov.tr/Detay/DownloadDocument?id=4KFPqszJ13k%3D;Ek-1 · 06-Kimlik ve Erişim Yönetimi · KEY-3;2026-09-09;2023-06-06;Seviye 2
KEY-4;AILE-06;Erişim ve Yetki Yönetimi;Elektrik dağıtım şebekesi endüstriyel kontrol sistemi (EKS) uygulamalarında (SCADA) operatörlerin yaptıkları işlemlere göre yetki ayrıştırması yapılmalıdır.;200;;OPTIONAL;;;;https://www.epdk.gov.tr/Detay/DownloadDocument?id=4KFPqszJ13k%3D;Ek-1 · 06-Kimlik ve Erişim Yönetimi · KEY-4;2026-09-09;2023-06-06;Ek Kontrol
KEY-5;AILE-06;Erişim ve Yetki Yönetimi;Elektrik dağıtım şebekesi endüstriyel kontrol sistemi (EKS) uygulamalarına (SCADA) ait kullanıcı ve yetkilendirme dosyaları, kullanıcıların erişebildiği alanlarda saklanmamalıdır. Bu tür dosyalara erişimler kısıtlanmalıdır.;201;;REGULATION;;;;https://www.epdk.gov.tr/Detay/DownloadDocument?id=4KFPqszJ13k%3D;Ek-1 · 06-Kimlik ve Erişim Yönetimi · KEY-5;2026-09-09;2023-06-06;Seviye 2
KEY-6;AILE-06;Erişim ve Yetki Yönetimi;Elektrik dağıtım şebekesi endüstriyel kontrol sisteminde (EKS) işletim sistemi kullanıcılarıyla endüstriyel uygulama (SCADA) kullanıcıları birbirinden ayrıştırılmalıdır.;202;;OPTIONAL;;;;https://www.epdk.gov.tr/Detay/DownloadDocument?id=4KFPqszJ13k%3D;Ek-1 · 06-Kimlik ve Erişim Yönetimi · KEY-6;2026-09-09;2023-06-06;Ek Kontrol
KEY-7;AILE-06;Hesap Yönetimi;Elektrik dağıtım şebekesi endüstriyel kontrol sistemi (EKS) operatör kullanıcılarına ait hesaplar tekil kullanıcı esasına göre oluşturulmalıdır.;203;;OPTIONAL;;;;https://www.epdk.gov.tr/Detay/DownloadDocument?id=4KFPqszJ13k%3D;Ek-1 · 06-Kimlik ve Erişim Yönetimi · KEY-7;2026-09-09;2023-06-06;Ek Kontrol
KEY-8;AILE-06;Hesap Yönetimi;Elektrik dağıtım şebekesi endüstriyel kontrol sistemi (EKS) bileşenlerine ait kullanıcı adı ve parolalar ilgili sistemden farklı bir dijital ortamda ya da fiziksel olarak saklanmamalıdır. (Dosya sunucusu, excel dosyaları, kağıt ve panolarda saklama vb.);204;;REGULATION;;;;https://www.epdk.gov.tr/Detay/DownloadDocument?id=4KFPqszJ13k%3D;Ek-1 · 06-Kimlik ve Erişim Yönetimi · KEY-8;2026-09-09;2023-06-06;Seviye 1
KEY-9;AILE-06;Erişim ve Yetki Yönetimi;"Elektrik dağıtım şebekesi endüstriyel kontrol sisteminde (EKS) gerçekleştirilecek kontrol işlemleri (yüksek yetkili manevra vb.) için ikinci bir kimlik doğrulama mekanizması kurgulanmalı ya da söz konusu işlemler için ""izleme"" ve ""kontrol"" yetkileri ayrıştırılmalıdır.";205;;REGULATION;;;;https://www.epdk.gov.tr/Detay/DownloadDocument?id=4KFPqszJ13k%3D;Ek-1 · 06-Kimlik ve Erişim Yönetimi · KEY-9;2026-09-09;2023-06-06;Seviye 2
KEY-10;AILE-06;Erişim ve Yetki Yönetimi;Elektrik dağıtım şebekesi endüstriyel kontrol sistemi (EKS) uygulamalarında (SCADA) mevcut kullanıcıdan farklı bir kullanıcı ya da yetkiye geçiş yapılırken parola doğrulaması yapılmalıdır.;206;;REGULATION;;;;https://www.epdk.gov.tr/Detay/DownloadDocument?id=4KFPqszJ13k%3D;Ek-1 · 06-Kimlik ve Erişim Yönetimi · KEY-10;2026-09-09;2023-06-06;Seviye 2
KEY-11;AILE-06;Parola Yönetimi;Elektrik dağıtım şebekesi endüstriyel kontrol sistemi (EKS) uygulamalarına (SCADA) ait parola bilgileri tersine mühendislik ile elde edilemeyecek şekilde oluşturulmalıdır.;207;;REGULATION;;;;https://www.epdk.gov.tr/Detay/DownloadDocument?id=4KFPqszJ13k%3D;Ek-1 · 06-Kimlik ve Erişim Yönetimi · KEY-11;2026-09-09;2023-06-06;Seviye 2
KEY-12;AILE-06;Parola Yönetimi;Elektrik dağıtım şebekesi endüstriyel kontrol sistemi (EKS) bileşenlerine uzaktan erişim için kullanılacak kullanıcı adı ve parolalar, endüstriyel bileşenlere ait kullanıcı adı ve parolalardan farklı olmalıdır.;208;;REGULATION;;;;https://www.epdk.gov.tr/Detay/DownloadDocument?id=4KFPqszJ13k%3D;Ek-1 · 06-Kimlik ve Erişim Yönetimi · KEY-12;2026-09-09;2023-06-06;Seviye 2
KEY-13;AILE-06;Parola Yönetimi;KBS altyapılarında kullanılan ve elektrik dağıtım şebekesi endüstriyel kontrol sistemi (EKS) bileşenlerine entegrasyonu olan sistem ve uygulamalara ait kullanıcı adı ve parolalar, endüstriyel bileşenler üzerinde tanımlı kullanıcı adı ve parolalardan farklı olmalıdır.;209;;REGULATION;;;;https://www.epdk.gov.tr/Detay/DownloadDocument?id=4KFPqszJ13k%3D;Ek-1 · 06-Kimlik ve Erişim Yönetimi · KEY-13;2026-09-09;2023-06-06;Seviye 2
KEY-14;AILE-06;Uzak Erişim Hesap Güvenliği;Elektrik dağıtım şebekesi endüstriyel kontrol sistemi (EKS) bileşenlerine uzaktan erişim sağlanması durumunda iki faktörlü kimlik doğrulama mekanizmaları devreye alınmalıdır.;210;;REGULATION;;;;https://www.epdk.gov.tr/Detay/DownloadDocument?id=4KFPqszJ13k%3D;Ek-1 · 06-Kimlik ve Erişim Yönetimi · KEY-14;2026-09-09;2023-06-06;Seviye 2
KEY-15;AILE-06;Uzak Erişim Hesap Güvenliği;Elektrik dağıtım şebekesi endüstriyel kontrol sistemi (EKS) bileşenlerine uzaktan erişim sağlanması durumunda uzak erişim sağlayan her bir kullanıcıya özel kullanıcı adı ve parola bilgisi atanmalıdır.;211;;REGULATION;;;;https://www.epdk.gov.tr/Detay/DownloadDocument?id=4KFPqszJ13k%3D;Ek-1 · 06-Kimlik ve Erişim Yönetimi · KEY-15;2026-09-09;2023-06-06;Seviye 2
KEY-16;AILE-06;Uzak Erişim Hesap Güvenliği;Elektrik dağıtım şebekesi endüstriyel kontrol sistemi (EKS) bileşenlerine uzaktan erişim için kullanılacak hesaplar geçici süre ile oluşturulmalıdır.;212;;REGULATION;;;;https://www.epdk.gov.tr/Detay/DownloadDocument?id=4KFPqszJ13k%3D;Ek-1 · 06-Kimlik ve Erişim Yönetimi · KEY-16;2026-09-09;2023-06-06;Seviye 2
KEY-17;AILE-06;Uzak Erişim Hesap Güvenliği;Elektrik dağıtım şebekesi endüstriyel kontrol sistemi (EKS) bileşenlerine uzaktan erişim sağlanması durumunda erişime ilişkin tüm kayıtlar saklanmalıdır. (Erişim talebi, erişim onayı, erişim sırasında oluşan sistem kayıtları vb.);213;;REGULATION;;;;https://www.epdk.gov.tr/Detay/DownloadDocument?id=4KFPqszJ13k%3D;Ek-1 · 06-Kimlik ve Erişim Yönetimi · KEY-17;2026-09-09;2023-06-06;Seviye 2
KEY-18;AILE-06;Uzak Erişim Hesap Güvenliği;Elektrik dağıtım şebekesi endüstriyel kontrol sistemi (EKS) bileşenlerine uzaktan erişim için bir atlama noktası (jump box) kullanılıyorsa ilgili bileşen üzerinde bulunan hesapların ele geçirilmesini önlemek amacıyla gerekli sıkılaştırmalar devreye alınmalıdır.;214;;REGULATION;;;;https://www.epdk.gov.tr/Detay/DownloadDocument?id=4KFPqszJ13k%3D;Ek-1 · 06-Kimlik ve Erişim Yönetimi · KEY-18;2026-09-09;2023-06-06;Seviye 2
KEY-19;AILE-06;Uzak Erişim Hesap Güvenliği;Elektrik dağıtım şebekesi endüstriyel kontrol sistemi (EKS) bileşenlerine uzaktan erişim sağlanması durumunda, uzak erişimin sadece izin verilen bileşen ve sisteme yapılmasını garanti altına alacak ağ ve sistem tabanlı erişim kısıtlamaları uygulanmalıdır.;215;;REGULATION;;;;https://www.epdk.gov.tr/Detay/DownloadDocument?id=4KFPqszJ13k%3D;Ek-1 · 06-Kimlik ve Erişim Yönetimi · KEY-19;2026-09-09;2023-06-06;Seviye 2
OYS-1;AILE-07;Olay Müdahale ve Cevap Verme;Olay müdahale politika ve prosedürleri, elektrik dağıtım şebekesi endüstriyel kontrol sistemlerini (EKS) kapsayacak şekilde hazırlanmalıdır.;216;;REGULATION;;;;https://www.epdk.gov.tr/Detay/DownloadDocument?id=4KFPqszJ13k%3D;Ek-1 · 07-Olay Yönetimi ve Süreklilik · OYS-1;2026-09-09;2023-06-06;Seviye 1
OYS-2;AILE-07;Olay Müdahale ve Cevap Verme;Kurumsal SOME rehberinde adreslendiği şekilde kurum içi rol ve sorumluluklara uygun olarak olay müdahale eğitimleri alınmalıdır.;217;;REGULATION;;;;https://www.epdk.gov.tr/Detay/DownloadDocument?id=4KFPqszJ13k%3D;Ek-1 · 07-Olay Yönetimi ve Süreklilik · OYS-2;2026-09-09;2023-06-06;Seviye 1
OYS-3;AILE-07;Olay Müdahale ve Cevap Verme;Olay müdahale eğitimleri siber güvenlik kaynaklı olarak oluşabilecek kriz yönetimini de içermelidir.;218;;REGULATION;;;;https://www.epdk.gov.tr/Detay/DownloadDocument?id=4KFPqszJ13k%3D;Ek-1 · 07-Olay Yönetimi ve Süreklilik · OYS-3;2026-09-09;2023-06-06;Seviye 1
OYS-4;AILE-07;Olay Müdahale ve Cevap Verme;"Olay müdahale eğitimleri elektrik dağıtım şebekesi endüstriyel kontrol sistemlerinde (EKS) siber güvenlik kaynaklı olarak oluşabilecek ""görünürlük kaybı"" ve ""kontrol kaybı"" etkilerine sahip senaryoları içermelidir.";219;;REGULATION;;;;https://www.epdk.gov.tr/Detay/DownloadDocument?id=4KFPqszJ13k%3D;Ek-1 · 07-Olay Yönetimi ve Süreklilik · OYS-4;2026-09-09;2023-06-06;Seviye 1
OYS-5;AILE-07;Olay Müdahale ve Cevap Verme;Kuruluş, olay müdahale testleri kapsamında, kendi yetkinliklerini belirli periyotlarla simülasyonlar aracılığı ile test etmelidir.;220;;REGULATION;;;;https://www.epdk.gov.tr/Detay/DownloadDocument?id=4KFPqszJ13k%3D;Ek-1 · 07-Olay Yönetimi ve Süreklilik · OYS-5;2026-09-09;2023-06-06;Seviye 2
OYS-6;AILE-07;Olay Müdahale ve Cevap Verme;Olay müdahale testleri, iş sürekliliği, acil durum yönetimi, kriz yönetimi gibi süreç ve planlarla koordine olarak gerçekleştirilmelidir.;221;;REGULATION;;;;https://www.epdk.gov.tr/Detay/DownloadDocument?id=4KFPqszJ13k%3D;Ek-1 · 07-Olay Yönetimi ve Süreklilik · OYS-6;2026-09-09;2023-06-06;Seviye 2
OYS-7;AILE-07;Olay Müdahale ve Cevap Verme;Olay müdahale testleri kapsamında performans ölçümleri gerçekleştirilmelidir. (Ekip performansı, sistem yeterlilikleri, testlerin uygunluğu, birimler arası koordinasyon yeteneği vb.);222;;REGULATION;;;;https://www.epdk.gov.tr/Detay/DownloadDocument?id=4KFPqszJ13k%3D;Ek-1 · 07-Olay Yönetimi ve Süreklilik · OYS-7;2026-09-09;2023-06-06;Seviye 2
OYS-8;AILE-07;Olay Müdahale ve Cevap Verme;Olay müdahale için gerekli yöntemler tanımlanmalı ve uygulanmalıdır. (Log toplama, ağ trafiği toplama, adli bilişim verisi toplama vb.);223;;REGULATION;;;;https://www.epdk.gov.tr/Detay/DownloadDocument?id=4KFPqszJ13k%3D;Ek-1 · 07-Olay Yönetimi ve Süreklilik · OYS-8;2026-09-09;2023-06-06;Seviye 2
OYS-9;AILE-07;Olay Müdahale ve Cevap Verme;Olay müdahale kapsamında olaylara otomatik cevap verme süreçleri tanımlanmalıdır. (Route ekleme çıkarma, kural ekleme çıkarma vb.);224;;OPTIONAL;;;;https://www.epdk.gov.tr/Detay/DownloadDocument?id=4KFPqszJ13k%3D;Ek-1 · 07-Olay Yönetimi ve Süreklilik · OYS-9;2026-09-09;2023-06-06;Ek kontrol
OYS-10;AILE-07;Olay Müdahale ve Cevap Verme;Olay müdahale kapsamında, endüstriyel operasyonların sürekliliğine ilişkin senaryolar tanımlanmalıdır. (Manuel operasyona geçiş, yedek kontrol merkezine geçiş vb.);225;;REGULATION;;;;https://www.epdk.gov.tr/Detay/DownloadDocument?id=4KFPqszJ13k%3D;Ek-1 · 07-Olay Yönetimi ve Süreklilik · OYS-10;2026-09-09;2023-06-06;Seviye 1
OYS-11;AILE-07;Olay Müdahale ve Cevap Verme;Olay müdahale yaklaşımı iç tehditlerin (çalışanlar, ağa erişim yetkisi olan alt yükleniciler ve üreticiler vb.) tespitini içerecek şekilde tasarlanmalıdır.;226;;REGULATION;;;;https://www.epdk.gov.tr/Detay/DownloadDocument?id=4KFPqszJ13k%3D;Ek-1 · 07-Olay Yönetimi ve Süreklilik · OYS-11;2026-09-09;2023-06-06;Seviye 2
OYS-12;AILE-07;Olay Müdahale ve Cevap Verme;Olay müdahale kapsamında, kurum içi birimlerin koordinasyonu tanımlanmalıdır. (İK, İşletme Birimleri, Hukuk vb.) Her bir olay için bilgi verilen, raporlanan, sorumlu kişi/birim şeklinde sınıflandırmalar yapılmalıdır.;227;;REGULATION;;;;https://www.epdk.gov.tr/Detay/DownloadDocument?id=4KFPqszJ13k%3D;Ek-1 · 07-Olay Yönetimi ve Süreklilik · OYS-12;2026-09-09;2023-06-06;Seviye 1
OYS-13;AILE-07;Olay Müdahale ve Cevap Verme;Olay müdahale ve sonrasında, kurum dışı otoritelerle iletişim ve koordinasyon gereklilikleri tanımlanmalıdır.;228;;REGULATION;;;;https://www.epdk.gov.tr/Detay/DownloadDocument?id=4KFPqszJ13k%3D;Ek-1 · 07-Olay Yönetimi ve Süreklilik · OYS-13;2026-09-09;2023-06-06;Seviye 1
OYS-14;AILE-07;Olay Müdahale ve Cevap Verme;Olay müdahale ve sonrasında, gerek duyulması halinde kuruluşa hizmet veren alt yüklenici ve üreticilerle gerçekleştirilecek koordinasyon süreci tanımlanmalıdır.;229;;REGULATION;;;;https://www.epdk.gov.tr/Detay/DownloadDocument?id=4KFPqszJ13k%3D;Ek-1 · 07-Olay Yönetimi ve Süreklilik · OYS-14;2026-09-09;2023-06-06;Seviye 1
OYS-15;AILE-07;Olay Müdahale ve Cevap Verme;Olay müdahale ekibi, Kurumsal SOME yönergeleri kapsamında oluşturulmalıdır.;230;;REGULATION;;;;https://www.epdk.gov.tr/Detay/DownloadDocument?id=4KFPqszJ13k%3D;Ek-1 · 07-Olay Yönetimi ve Süreklilik · OYS-15;2026-09-09;2023-06-06;Seviye 1
OYS-16;AILE-07;Olay Müdahale ve Cevap Verme;Tüm olay müdahale süreçleri Kurumsal SOME Rehberine uyumlu olmalıdır.;231;;REGULATION;;;;https://www.epdk.gov.tr/Detay/DownloadDocument?id=4KFPqszJ13k%3D;Ek-1 · 07-Olay Yönetimi ve Süreklilik · OYS-16;2026-09-09;2023-06-06;Seviye 1
OYS-17;AILE-07;Olay Müdahale ve Cevap Verme;Olay müdahale süreçleri, zararlı yazılım analizi ve adli bilişim analizini kapsamalıdır.;232;;REGULATION;;;;https://www.epdk.gov.tr/Detay/DownloadDocument?id=4KFPqszJ13k%3D;Ek-1 · 07-Olay Yönetimi ve Süreklilik · OYS-17;2026-09-09;2023-06-06;Seviye 1
OYS-18;AILE-07;Olay Müdahale ve Cevap Verme;Olay müdahale kapsamında, kurum anormal durum tespit yeteneklerine sahip olmalıdır. Kurumlar bunu sağlamak için istemci/sunucu, uygulama veya ağ tabanlı bir çözüm kullanabilir.;233;;REGULATION;;;;https://www.epdk.gov.tr/Detay/DownloadDocument?id=4KFPqszJ13k%3D;Ek-1 · 07-Olay Yönetimi ve Süreklilik · OYS-18;2026-09-09;2023-06-06;Seviye 2
OYS-19;AILE-07;Olay Müdahale ve Cevap Verme;Olay müdahale süreçleri, medya ve müşteri/abone iletişimlerini içermelidir.;234;;REGULATION;;;;https://www.epdk.gov.tr/Detay/DownloadDocument?id=4KFPqszJ13k%3D;Ek-1 · 07-Olay Yönetimi ve Süreklilik · OYS-19;2026-09-09;2023-06-06;Seviye 1
OYS-20;AILE-07;Olay Müdahale ve Cevap Verme;Olay yönetimi süreci, elektrik dağıtım operasyonlarına özel endüstriyel proses, varlık ve ekipmanlara uyumlu şekilde tanımlanmalıdır.;235;;REGULATION;;;;https://www.epdk.gov.tr/Detay/DownloadDocument?id=4KFPqszJ13k%3D;Ek-1 · 07-Olay Yönetimi ve Süreklilik · OYS-20;2026-09-09;2023-06-06;Seviye 1
OYS-21;AILE-07;Olay İzleme;Olay izleme süreçleri endüstriyel kontrol sistemleri (EKS) için de devreye alınmalıdır.;236;;REGULATION;;;;https://www.epdk.gov.tr/Detay/DownloadDocument?id=4KFPqszJ13k%3D;Ek-1 · 07-Olay Yönetimi ve Süreklilik · OYS-21;2026-09-09;2023-06-06;Seviye 2
OYS-22;AILE-07;Olay Raporlama;Olay raporlama süreçleri Kurumsal SOME rehberine uyumlu olmalıdır.;237;;REGULATION;;;;https://www.epdk.gov.tr/Detay/DownloadDocument?id=4KFPqszJ13k%3D;Ek-1 · 07-Olay Yönetimi ve Süreklilik · OYS-22;2026-09-09;2023-06-06;Seviye 1
OYS-23;AILE-07;Olay Raporlama;Olay raporlama süreçleri, olayın yaşanmasına neden olan zafiyetlerin bilgisini içermelidir.;238;;REGULATION;;;;https://www.epdk.gov.tr/Detay/DownloadDocument?id=4KFPqszJ13k%3D;Ek-1 · 07-Olay Yönetimi ve Süreklilik · OYS-23;2026-09-09;2023-06-06;Seviye 1
OYS-24;AILE-07;Olay Müdahale Planı;Kurum kendine özgü olay müdahale planlarını geliştirmelidir. Bu planlar en az aşağıdaki başlıkları içermelidir. - Olay müdahale organizasyonu (Roller ve görevler) - Olay tanımı (Olay sınıflandırma) - Raporlama (Olay bildirimi, analizi) - Kaynakların sağlanması - Bilgi paylaşımı (Kurum ve kurum dışı iletişim esasları) - Doküman yönetimi (Doküman güncelleme ve dağıtımı) - Kök neden analizi (Olayların kök neden analiz yöntemi ve raporlaması. Üçüncü taraflarda meydana gelebilecek olayların kök neden analizi hususuna sözleşmelerde yer verilmelidir.) - Olaylardan alınan dersler (lessons learned) ve olayların tekrarlanmasının engellenmesi - Olay müdahale simülasyonu ve başarı performans ölçümü;239;;REGULATION;;;;https://www.epdk.gov.tr/Detay/DownloadDocument?id=4KFPqszJ13k%3D;Ek-1 · 07-Olay Yönetimi ve Süreklilik · OYS-24;2026-09-09;2023-06-06;Seviye 1
OYS-25;AILE-07;Siber Güvenlik Olaylarını Tespit Etme;Tespit edilen olaylar belirli bir rol ya da kişiye atanmalıdır.;240;;REGULATION;;;;https://www.epdk.gov.tr/Detay/DownloadDocument?id=4KFPqszJ13k%3D;Ek-1 · 07-Olay Yönetimi ve Süreklilik · OYS-25;2026-09-09;2023-06-06;Seviye 1
OYS-26;AILE-07;Siber Güvenlik Olaylarını Tespit Etme;Olay tespiti için kriterler belirlenmelidir. (Olay tanımı, nereye bakılacağı vb.);241;;REGULATION;;;;https://www.epdk.gov.tr/Detay/DownloadDocument?id=4KFPqszJ13k%3D;Ek-1 · 07-Olay Yönetimi ve Süreklilik · OYS-26;2026-09-09;2023-06-06;Seviye 1
OYS-27;AILE-07;Endüstriyel Siber Güvenlik Log Yönetimi;"Elektrik dağıtım şebekesi endüstriyel kontrol sistemi (EKS) bünyesindeki kontrol merkezleri ve ""Endüstriyel Ağ Güvenliği"" başlığında belirlenen kritik trafo merkezlerinde bulunan ağ ve güvenlik cihazları log üretme kapasitesine sahip olmalıdır.";242;;REGULATION;;;;https://www.epdk.gov.tr/Detay/DownloadDocument?id=4KFPqszJ13k%3D;Ek-1 · 07-Olay Yönetimi ve Süreklilik · OYS-27;2026-09-09;2023-06-06;Seviye 1
OYS-28;AILE-07;Endüstriyel Siber Güvenlik Log Yönetimi;Elektrik dağıtım şebekesi endüstriyel kontrol sistemi (EKS) bünyesindeki kontrol merkezlerinde bulunan ağ ve güvenlik cihazları log yönlendirme kapasitesine sahip olmalıdır.;243;;REGULATION;;;;https://www.epdk.gov.tr/Detay/DownloadDocument?id=4KFPqszJ13k%3D;Ek-1 · 07-Olay Yönetimi ve Süreklilik · OYS-28;2026-09-09;2023-06-06;Seviye 2
OYS-29;AILE-07;Endüstriyel Siber Güvenlik Log Yönetimi;Elektrik dağıtım şebekesi endüstriyel kontrol sistemi (EKS) bünyesindeki kontrol merkezlerinde bulunan ağ ve güvenlik cihazları log derecelendirme veya sınıflandırma kapasitesine sahip olmalıdır.;244;;REGULATION;;;;https://www.epdk.gov.tr/Detay/DownloadDocument?id=4KFPqszJ13k%3D;Ek-1 · 07-Olay Yönetimi ve Süreklilik · OYS-29;2026-09-09;2023-06-06;Seviye 2
OYS-30;AILE-07;Endüstriyel Siber Güvenlik Log Yönetimi;Elektrik dağıtım şebekesi endüstriyel kontrol sistemi (EKS) bünyesindeki kontrol merkezlerinde bulunan ağ ve güvenlik cihazlarına ilişkin loglar merkezi olarak toplanmalı, işlenmeli ve anlamlandırılmalıdır.;245;;REGULATION;;;;https://www.epdk.gov.tr/Detay/DownloadDocument?id=4KFPqszJ13k%3D;Ek-1 · 07-Olay Yönetimi ve Süreklilik · OYS-30;2026-09-09;2023-06-06;Seviye 2
OYS-31;AILE-07;Endüstriyel Siber Güvenlik Log Yönetimi;Elektrik dağıtım şebekesi endüstriyel kontrol sistemi (EKS) bünyesinde bulunan ve kritik olarak belirlenen trafo merkezlerinde bulunan ağ cihazları log yönlendirme kapasitesine sahip olmalıdır.;246;;OPTIONAL;;;;https://www.epdk.gov.tr/Detay/DownloadDocument?id=4KFPqszJ13k%3D;Ek-1 · 07-Olay Yönetimi ve Süreklilik · OYS-31;2026-09-09;2023-06-06;Ek kontrol
OYS-32;AILE-07;Endüstriyel Siber Güvenlik Log Yönetimi;Elektrik dağıtım şebekesi endüstriyel kontrol sistemi (EKS) bünyesinde bulunan ve kritik olarak belirlenen trafo merkezlerinde bulunan ağ cihazları log derecelendirme veya sınıflandırma kapasitesine sahip olmalıdır.;247;;OPTIONAL;;;;https://www.epdk.gov.tr/Detay/DownloadDocument?id=4KFPqszJ13k%3D;Ek-1 · 07-Olay Yönetimi ve Süreklilik · OYS-32;2026-09-09;2023-06-06;Ek kontrol
OYS-33;AILE-07;Endüstriyel Siber Güvenlik Log Yönetimi;Elektrik dağıtım şebekesi endüstriyel kontrol sistemi (EKS) bünyesinde bulunan ve kritik olarak belirlenen trafo merkezlerinde bulunan ağ cihazlarına ilişkin log'lar merkezi olarak toplanmalı, işlenmeli ve anlamlandırılmalıdır.;248;;OPTIONAL;;;;https://www.epdk.gov.tr/Detay/DownloadDocument?id=4KFPqszJ13k%3D;Ek-1 · 07-Olay Yönetimi ve Süreklilik · OYS-33;2026-09-09;2023-06-06;Ek kontrol
OYS-34;AILE-07;Endüstriyel Siber Güvenlik Log Yönetimi;Elektrik dağıtım şebekesi endüstriyel kontrol sistemi (EKS) bünyesinde bulunan trafo merkezlerindeki endüstriyel cihazlar (RTU, IED, Röle) log tutma kapasitesine sahip olmalıdır.;249;;REGULATION;;;;https://www.epdk.gov.tr/Detay/DownloadDocument?id=4KFPqszJ13k%3D;Ek-1 · 07-Olay Yönetimi ve Süreklilik · OYS-34;2026-09-09;2023-06-06;Seviye 2
OYS-35;AILE-07;Endüstriyel Siber Güvenlik Log Yönetimi;Elektrik dağıtım şebekesi endüstriyel kontrol sistemi (EKS) bünyesinde bulunan trafo merkezlerindeki endüstriyel cihazlar (RTU, IED, Röle) log yönlendirme kapasitesine sahip olmalıdır.;250;;OPTIONAL;;;;https://www.epdk.gov.tr/Detay/DownloadDocument?id=4KFPqszJ13k%3D;Ek-1 · 07-Olay Yönetimi ve Süreklilik · OYS-35;2026-09-09;2023-06-06;Ek kontrol
OYS-36;AILE-07;Endüstriyel Siber Güvenlik Log Yönetimi;Elektrik dağıtım şebekesi endüstriyel kontrol sistemi (EKS) bünyesinde bulunan trafo merkezlerindeki endüstriyel cihazlar (RTU, IED, Röle) log derecelendirme veya sınıflandırma kapasitesine sahip olmalıdır.;251;;OPTIONAL;;;;https://www.epdk.gov.tr/Detay/DownloadDocument?id=4KFPqszJ13k%3D;Ek-1 · 07-Olay Yönetimi ve Süreklilik · OYS-36;2026-09-09;2023-06-06;Ek kontrol
OYS-37;AILE-07;Endüstriyel Siber Güvenlik Log Yönetimi;Elektrik dağıtım şebekesi endüstriyel kontrol sistemi (EKS) bünyesinde bulunan trafo merkezlerindeki endüstriyel cihazlara (RTU, IED, Röle) ilişkin loglar merkezi olarak toplanmalı, işlenmeli ve anlamlandırılmalıdır.;252;;OPTIONAL;;;;https://www.epdk.gov.tr/Detay/DownloadDocument?id=4KFPqszJ13k%3D;Ek-1 · 07-Olay Yönetimi ve Süreklilik · OYS-37;2026-09-09;2023-06-06;Ek kontrol
OYS-38;AILE-07;Endüstriyel Siber Güvenlik Log Yönetimi;Elektrik dağıtım şebekesi endüstriyel kontrol sistemi (EKS) bünyesinde bulunan yazılım ve uygulamalar (SCADA yazılımları, veri toplama yazılımları, sayaç yönetim uygulamaları vb.) log üretme kapasitesine sahip olmalıdır.;253;;REGULATION;;;;https://www.epdk.gov.tr/Detay/DownloadDocument?id=4KFPqszJ13k%3D;Ek-1 · 07-Olay Yönetimi ve Süreklilik · OYS-38;2026-09-09;2023-06-06;Seviye 2
OYS-39;AILE-07;Endüstriyel Siber Güvenlik Log Yönetimi;Elektrik dağıtım şebekesi endüstriyel kontrol sistemi (EKS) bünyesinde bulunan yazılım ve uygulamalar (SCADA yazılımları, veri toplama yazılımları, sayaç yönetim uygulamaları vb.) log yönlendirme kapasitesine sahip olmalıdır.;254;;REGULATION;;;;https://www.epdk.gov.tr/Detay/DownloadDocument?id=4KFPqszJ13k%3D;Ek-1 · 07-Olay Yönetimi ve Süreklilik · OYS-39;2026-09-09;2023-06-06;Seviye 2
OYS-40;AILE-07;Endüstriyel Siber Güvenlik Log Yönetimi;Elektrik dağıtım şebekesi endüstriyel kontrol sistemi (EKS) bünyesinde bulunan yazılım ve uygulamalar (SCADA yazılımları, veri toplama yazılımları, sayaç yönetim uygulamaları vb.) log derecelendirme veya sınıflandırma kapasitesine sahip olmalıdır.;255;;REGULATION;;;;https://www.epdk.gov.tr/Detay/DownloadDocument?id=4KFPqszJ13k%3D;Ek-1 · 07-Olay Yönetimi ve Süreklilik · OYS-40;2026-09-09;2023-06-06;Seviye 2
OYS-41;AILE-07;Endüstriyel Siber Güvenlik Log Yönetimi;Elektrik dağıtım şebekesi endüstriyel kontrol sistemi (EKS) bünyesinde bulunan yazılım ve uygulamalara (SCADA yazılımları, veri toplama yazılımları, sayaç yönetim uygulamaları vb.) ilişkin loglar merkezi olarak toplanmalı, işlenmeli ve anlamlandırılmalıdır.;256;;REGULATION;;;;https://www.epdk.gov.tr/Detay/DownloadDocument?id=4KFPqszJ13k%3D;Ek-1 · 07-Olay Yönetimi ve Süreklilik · OYS-41;2026-09-09;2023-06-06;Seviye 2
OYS-42;AILE-07;Endüstriyel Siber Güvenlik Log Yönetimi;Elektrik dağıtım şebekesi endüstriyel kontrol sistemlerinde (EKS) kullanılan akıllı sayaçlar log tutma, yönlendirme, derecelendirme ve sınıflandırma kapasitesine sahip olmalıdır.;257;;OPTIONAL;;;;https://www.epdk.gov.tr/Detay/DownloadDocument?id=4KFPqszJ13k%3D;Ek-1 · 07-Olay Yönetimi ve Süreklilik · OYS-42;2026-09-09;2023-06-06;Ek kontrol
OYS-43;AILE-07;Endüstriyel Siber Güvenlik Log Yönetimi;Elektrik dağıtım şebekesi endüstriyel kontrol sistemlerinde (EKS) kullanılan akıllı sayaçlara ilişkin loglar merkezi olarak toplanmalı, işlenmeli ve anlamlandırılmalıdır.;258;;OPTIONAL;;;;https://www.epdk.gov.tr/Detay/DownloadDocument?id=4KFPqszJ13k%3D;Ek-1 · 07-Olay Yönetimi ve Süreklilik · OYS-43;2026-09-09;2023-06-06;Ek kontrol
OYS-44;AILE-07;Endüstriyel Siber Güvenlik Log Yönetimi;Olay yönetimi gerçekleştirebilmek için kullanılan tüm log kaynakları aynı saat dilimi üzerinden senkronize edilmelidir.;259;;REGULATION;;;;https://www.epdk.gov.tr/Detay/DownloadDocument?id=4KFPqszJ13k%3D;Ek-1 · 07-Olay Yönetimi ve Süreklilik · OYS-44;2026-09-09;2023-06-06;Seviye 2
OYS-45;AILE-07;Endüstriyel Siber Güvenlik Log Yönetimi;Elektrik dağıtım şebekesi endüstriyel kontrol sistemlerinde (EKS) bulunan istemci ve sunucularda aşağıdaki tipteki loglar tutulmalıdır. - İşletim sistemi logları - Bileşen üzerindeki güvenlik yazılımları logları (kötü amaçlı yazılım koruma uygulamaları, whitelisting uygulamaları) - Bileşen üzerinde bulunan diğer yazılımlara ilişkin loglar;260;;REGULATION;;;;https://www.epdk.gov.tr/Detay/DownloadDocument?id=4KFPqszJ13k%3D;Ek-1 · 07-Olay Yönetimi ve Süreklilik · OYS-45;2026-09-09;2023-06-06;Seviye 2
OYS-46;AILE-07;Endüstriyel Siber Güvenlik Log Yönetimi;Elektrik dağıtım şebekesi endüstriyel kontrol sistemlerinde (EKS) bulunan istemci ve sunucular log yönlendirme kapasitesine sahip olmalıdır.;261;;REGULATION;;;;https://www.epdk.gov.tr/Detay/DownloadDocument?id=4KFPqszJ13k%3D;Ek-1 · 07-Olay Yönetimi ve Süreklilik · OYS-46;2026-09-09;2023-06-06;Seviye 2
OYS-47;AILE-07;Endüstriyel Siber Güvenlik Log Yönetimi;Elektrik dağıtım şebekesi endüstriyel kontrol sistemlerinde (EKS) bulunan istemci ve sunucular log derecelendirme ve sınıflandırma kapasitesine sahip olmalıdır.;262;;REGULATION;;;;https://www.epdk.gov.tr/Detay/DownloadDocument?id=4KFPqszJ13k%3D;Ek-1 · 07-Olay Yönetimi ve Süreklilik · OYS-47;2026-09-09;2023-06-06;Seviye 2
OYS-48;AILE-07;Endüstriyel Siber Güvenlik Log Yönetimi;Elektrik dağıtım şebekesi endüstriyel kontrol sistemlerinde (EKS) bulunan istemci ve sunucularda kayıt altına alınan loglar merkezi olarak toplanmalı, işlenmeli ve anlamlandırılmalıdır.;263;;REGULATION;;;;https://www.epdk.gov.tr/Detay/DownloadDocument?id=4KFPqszJ13k%3D;Ek-1 · 07-Olay Yönetimi ve Süreklilik · OYS-48;2026-09-09;2023-06-06;Seviye 2
OYS-49;AILE-07;Siber Güvenlik Olaylarını Tespit Etme;Olay tespit yetenekleri, tehdit, zafiyet ve risk yönetim süreçleri ile bütünleşik olmalıdır.;264;;REGULATION;;;;https://www.epdk.gov.tr/Detay/DownloadDocument?id=4KFPqszJ13k%3D;Ek-1 · 07-Olay Yönetimi ve Süreklilik · OYS-49;2026-09-09;2023-06-06;Seviye 2
OYS-50;AILE-07;Siber Güvenlik Olaylarını Analiz Etme ve Bildirme;Hangi olayların USOM'a bildirileceğine dair ilişkin kriter tanımlanmalıdır. (operasyonların etkilenmesi, hizmet verememe, endüstriyel operasyonlara etki ve etkilerin dereceleri vb.) Olay bildirim kriteri belirli periyotlarla gözden geçirilmeli ve gerekli durumlarda güncellenmelidir.;265;;REGULATION;;;;https://www.epdk.gov.tr/Detay/DownloadDocument?id=4KFPqszJ13k%3D;Ek-1 · 07-Olay Yönetimi ve Süreklilik · OYS-50;2026-09-09;2023-06-06;Seviye 1
OYS-51;AILE-07;Siber Güvenlik Olaylarını Analiz Etme ve Bildirme;Elektrik dağıtım şebekesi endüstriyel kontrol sistemlerinde (EKS) gerçekleşen siber güvenlik bildirimleri sürekli izlenerek ve analiz edilerek bildirim sürecinde girdi olarak kullanılabilmelidir.;266;;REGULATION;;;;https://www.epdk.gov.tr/Detay/DownloadDocument?id=4KFPqszJ13k%3D;Ek-1 · 07-Olay Yönetimi ve Süreklilik · OYS-51;2026-09-09;2023-06-06;Seviye 2
OYS-52;AILE-07;Siber Güvenlik Olaylarını Analiz Etme ve Bildirme;Siber güvenlik bildirimlerinin siber güvenlik olayı olup olmadığına karar vermek için kriterler belirlenmelidir.;267;;REGULATION;;;;https://www.epdk.gov.tr/Detay/DownloadDocument?id=4KFPqszJ13k%3D;Ek-1 · 07-Olay Yönetimi ve Süreklilik · OYS-52;2026-09-09;2023-06-06;Seviye 1
OYS-53;AILE-07;Siber Güvenlik Olaylarını Analiz Etme ve Bildirme;Olayların yaşam döngüsü uçtan uca takip edilmelidir. (Kime atandığı, nasıl çözüldüğü, kimin çözdüğü vb.);268;;REGULATION;;;;https://www.epdk.gov.tr/Detay/DownloadDocument?id=4KFPqszJ13k%3D;Ek-1 · 07-Olay Yönetimi ve Süreklilik · OYS-53;2026-09-09;2023-06-06;Seviye 1
OYS-54;AILE-07;Olay Yönetiminde İş Sürekliliği;Belirli olay ve bildirimlerin yaşanması durumunda kullanılacak iş sürekliliği planları geliştirilmelidir. (Hizmet kesintisi, operasyonel arıza vb.);269;;REGULATION;;;;https://www.epdk.gov.tr/Detay/DownloadDocument?id=4KFPqszJ13k%3D;Ek-1 · 07-Olay Yönetimi ve Süreklilik · OYS-54;2026-09-09;2023-06-06;Seviye 1
OYS-55;AILE-07;Yedekleme ve Yedeklilik;Elektrik dağıtım şebekesi endüstriyel kontrol sistemlerinde (EKS) bulunan tüm ağ ve güvenlik cihazlarının konfigürasyonları periyodik olarak alınmalı, güvenli şekilde saklanmalı ve periyodik geri dönüş testleri gerçekleştirilmelidir.;270;;REGULATION;;;;https://www.epdk.gov.tr/Detay/DownloadDocument?id=4KFPqszJ13k%3D;Ek-1 · 07-Olay Yönetimi ve Süreklilik · OYS-55;2026-09-09;2023-06-06;Seviye 2
OYS-56;AILE-07;Yedekleme ve Yedeklilik;Elektrik dağıtım şebekesi endüstriyel kontrol sistemlerinde (EKS) bulunan tüm endüstriyel ekipman, uygulama ve bileşenlerin lojik ve/veya konfigürasyonları periyodik olarak yedeklenmeli , yedekler güvenli şekilde saklanmalı ve periyodik geri dönüş testleri gerçekleştirilmelidir.;271;;REGULATION;;;;https://www.epdk.gov.tr/Detay/DownloadDocument?id=4KFPqszJ13k%3D;Ek-1 · 07-Olay Yönetimi ve Süreklilik · OYS-56;2026-09-09;2023-06-06;Seviye 2
OYS-57;AILE-07;Yedekleme ve Yedeklilik;Elektrik dağıtım şebekesi endüstriyel kontrol sistemlerinde (EKS) bulunan istemci ve sunucuların imaj ve veri yedekleri periyodik olarak alınmalı, güvenli şekilde saklanmalı ve periyodik geri dönüş testleri gerçekleştirilmelidir.;272;;REGULATION;;;;https://www.epdk.gov.tr/Detay/DownloadDocument?id=4KFPqszJ13k%3D;Ek-1 · 07-Olay Yönetimi ve Süreklilik · OYS-57;2026-09-09;2023-06-06;Seviye 2
OYS-58;AILE-07;Siber Güvenlik Olay Yönetimi ve İş Sürekliliği;Elektrik dağıtım şebekesi endüstriyel kontrol sistemlerinde (EKS) iş sürekliliği planları hazırlanırken olası olayların etkileri girdi olarak kullanılmalıdır. (Hizmet kesintisi, görüntü kaybı, kontrol kaybı, üretim kaybı vb.);273;;REGULATION;;;;https://www.epdk.gov.tr/Detay/DownloadDocument?id=4KFPqszJ13k%3D;Ek-1 · 07-Olay Yönetimi ve Süreklilik · OYS-58;2026-09-09;2023-06-06;Seviye 1
OYS-59;AILE-07;Siber Güvenlik Olay Yönetimi ve İş Sürekliliği;Elektrik dağıtım şebekesi endüstriyel kontrol sistemlerinde (EKS) operasyonların devamlılığı için gerekli olan varlık ve süreçler iş sürekliliği planına dahil edilmelidir.;274;;REGULATION;;;;https://www.epdk.gov.tr/Detay/DownloadDocument?id=4KFPqszJ13k%3D;Ek-1 · 07-Olay Yönetimi ve Süreklilik · OYS-59;2026-09-09;2023-06-06;Seviye 1
OYS-60;AILE-07;Siber Güvenlik Olay Yönetimi ve İş Sürekliliği;Hazırlanan süreklilik planları periyodik olarak test edilmeli ve gerekli durumlarda güncellenmelidir.;275;;REGULATION;;;;https://www.epdk.gov.tr/Detay/DownloadDocument?id=4KFPqszJ13k%3D;Ek-1 · 07-Olay Yönetimi ve Süreklilik · OYS-60;2026-09-09;2023-06-06;Seviye 1
OYS-61;AILE-07;Siber Güvenlik Olay Yönetimi ve İş Sürekliliği;Alınan veri, imaj konfigürasyon/lojik yedekleri orijinal veri seviyesinde korunmalıdır.;276;;REGULATION;;;;https://www.epdk.gov.tr/Detay/DownloadDocument?id=4KFPqszJ13k%3D;Ek-1 · 07-Olay Yönetimi ve Süreklilik · OYS-61;2026-09-09;2023-06-06;Seviye 1
OYS-62;AILE-07;Siber Güvenlik Olay Yönetimi ve İş Sürekliliği;Alınan tüm yedekler, mantıksal ve fiziksel olarak orjinal verilerden ayrıştırılmalıdır.;277;;REGULATION;;;;https://www.epdk.gov.tr/Detay/DownloadDocument?id=4KFPqszJ13k%3D;Ek-1 · 07-Olay Yönetimi ve Süreklilik · OYS-62;2026-09-09;2023-06-06;Seviye 1
OYS-63;AILE-07;Siber Güvenlik Olay Yönetimi ve İş Sürekliliği;Operasyon açısından önem arz eden varlıklar için kurtarma süresi hedefleri (RTO) ve kurtarma noktası hedefleri (RPO) süreklilik planlarına dahil edilmelidir.;278;;REGULATION;;;;https://www.epdk.gov.tr/Detay/DownloadDocument?id=4KFPqszJ13k%3D;Ek-1 · 07-Olay Yönetimi ve Süreklilik · OYS-63;2026-09-09;2023-06-06;Seviye 1
OYS-64;AILE-07;Siber Güvenlik Olay Yönetimi ve İş Sürekliliği;Hazırlanan süreklilik planlarının ne zaman devreye alınacağına dair kriter tanımlanmalıdır.;279;;REGULATION;;;;https://www.epdk.gov.tr/Detay/DownloadDocument?id=4KFPqszJ13k%3D;Ek-1 · 07-Olay Yönetimi ve Süreklilik · OYS-64;2026-09-09;2023-06-06;Seviye 1
OYS-65;AILE-07;Siber Güvenlik Olay Yönetimi ve İş Sürekliliği;Hazırlanan süreklilik planı, tehdit, zafiyet ve risk yönetim süreçleri ile bütünleşik olarak işletilmelidir.;280;;REGULATION;;;;https://www.epdk.gov.tr/Detay/DownloadDocument?id=4KFPqszJ13k%3D;Ek-1 · 07-Olay Yönetimi ve Süreklilik · OYS-65;2026-09-09;2023-06-06;Seviye 1
OYS-66;AILE-07;Siber Güvenlik Olay Yönetimi ve İş Sürekliliği;Süreklilik planının testleri ya da icrası sonucu oluşan sonuçlar plan ile karşılaştırmalı gerekli durumlarda güncellenmelidir.;281;;REGULATION;;;;https://www.epdk.gov.tr/Detay/DownloadDocument?id=4KFPqszJ13k%3D;Ek-1 · 07-Olay Yönetimi ve Süreklilik · OYS-66;2026-09-09;2023-06-06;Seviye 1
OYS-67;AILE-07;Siber Güvenlik Olay Yönetimi ve İş Sürekliliği;(Ülkemizin yer aldığı coğrafyada yaşanan ve yaşanması olası doğal afetler göz önünde bulundurulduğunda)Kuruluşlar, ISO 22301 standardına sahip olmalıdır.;282;;OPTIONAL;;;;https://www.epdk.gov.tr/Detay/DownloadDocument?id=4KFPqszJ13k%3D;Ek-1 · 07-Olay Yönetimi ve Süreklilik · OYS-67;2026-09-09;2023-06-06;Ek kontrol
OYS-68;AILE-07;Yedekleme ve Yedeklilik;Elektrik dağıtım şebekesi endüstriyel kontrol sistemlerinde (EKS) endüstriyel operasyonun sürekliliği için önem arz eden tüm kritik bileşenler yedekli yapıda olmalıdır. (Ağ ve güvenlik cihazları, sunucular, mühendislik iş istasyonları, kritik endüstriyel ekipmanlar vb.);283;;REGULATION;;;;https://www.epdk.gov.tr/Detay/DownloadDocument?id=4KFPqszJ13k%3D;Ek-1 · 07-Olay Yönetimi ve Süreklilik · OYS-68;2026-09-09;2023-06-06;Seviye 2
OYS-69;AILE-07;Yedekleme ve Yedeklilik;Elektrik dağıtım şebekesi endüstriyel kontrol sistemlerinde (EKS) endüstriyel operasyonun sürekliliği için önem arz eden ağ bileşenleri için en az 1 adet olacak şekilde soğuk yedek (cold backup) tutulmalıdır. (Switch, router vb.);284;;REGULATION;;;;https://www.epdk.gov.tr/Detay/DownloadDocument?id=4KFPqszJ13k%3D;Ek-1 · 07-Olay Yönetimi ve Süreklilik · OYS-69;2026-09-09;2023-06-06;Seviye 3
OYS-70;AILE-07;Yedekleme ve Yedeklilik;Elektrik dağıtım şebekesi endüstriyel kontrol sistemlerinde (EKS) endüstriyel operasyonun sürekliliği için önem arz eden güvenlik bileşenleri için en az bir adet soğuk yedek tutulmalıdır. (Güvenlik duvarı, IPS vb.);285;;OPTIONAL;;;;https://www.epdk.gov.tr/Detay/DownloadDocument?id=4KFPqszJ13k%3D;Ek-1 · 07-Olay Yönetimi ve Süreklilik · OYS-70;2026-09-09;2023-06-06;Ek kontrol
OYS-71;AILE-07;Yedekleme ve Yedeklilik;Elektrik dağıtım şebekesi endüstriyel kontrol sistemlerinde (EKS) endüstriyel operasyonun sürekliliği için önem arz eden supervisory katmanda yer alan sunucu/istemci için en az bir adet soğuk yedek tutulmalıdır.;286;;OPTIONAL;;;;https://www.epdk.gov.tr/Detay/DownloadDocument?id=4KFPqszJ13k%3D;Ek-1 · 07-Olay Yönetimi ve Süreklilik · OYS-71;2026-09-09;2023-06-06;Ek kontrol
OYS-72;AILE-07;Acil Durum Yönetimi;"Kurum, kurumsal misyon, iş süreci veya sistem düzeyinde tanımlanan acil durum planlama politikası; amaç, kapsam, roller, sorumluluklar, yönetim desteği, kurumsal varlıklar arasındaki koordinasyon ve uyumluluğu ele almalıdır . Acil durum planlama politikası; kurumun diğer politika ve prosedürleri ile uyumlu olmalıdır.";287;;REGULATION;;;;https://www.epdk.gov.tr/Detay/DownloadDocument?id=4KFPqszJ13k%3D;Ek-1 · 07-Olay Yönetimi ve Süreklilik · OYS-72;2026-09-09;2023-06-06;Seviye 2
OYS-73;AILE-07;Acil Durum Yönetimi;Mevcut acil durum planı, politika ve prosedürleri Kurum tarafından tanımlanan olay veya zaman periyotlarına göre gözden geçirilmeli ve güncellenmelidir.;288;;REGULATION;;;;https://www.epdk.gov.tr/Detay/DownloadDocument?id=4KFPqszJ13k%3D;Ek-1 · 07-Olay Yönetimi ve Süreklilik · OYS-73;2026-09-09;2023-06-06;Seviye 2
OYS-74;AILE-07;Acil Durum Yönetimi;Acil durum planlarında ilgili kişi ve birimlerin iletişim bilgileri yer almalıdır.;289;;REGULATION;;;;https://www.epdk.gov.tr/Detay/DownloadDocument?id=4KFPqszJ13k%3D;Ek-1 · 07-Olay Yönetimi ve Süreklilik · OYS-74;2026-09-09;2023-06-06;Seviye 2
OYS-75;AILE-07;Acil Durum Yönetimi;Acil durum planları, bir sistem kesintisinde, siber saldırı veya arıza durumlarına rağmen işletmenin misyon ve fonksiyonlarını sürdürmeyi ele almalıdır.;290;;REGULATION;;;;https://www.epdk.gov.tr/Detay/DownloadDocument?id=4KFPqszJ13k%3D;Ek-1 · 07-Olay Yönetimi ve Süreklilik · OYS-75;2026-09-09;2023-06-06;Seviye 2
OYS-76;AILE-07;Acil Durum Yönetimi;Acil durum planı, yetkisiz ifşa ve içeriğinin değiştirilmesine karşı korunmalıdır.;291;;REGULATION;;;;https://www.epdk.gov.tr/Detay/DownloadDocument?id=4KFPqszJ13k%3D;Ek-1 · 07-Olay Yönetimi ve Süreklilik · OYS-76;2026-09-09;2023-06-06;Seviye 2
OYS-77;AILE-07;Acil Durum Yönetimi;Acil durum planı, normal operasyonlara dönüş planlarını içermelidir.;292;;REGULATION;;;;https://www.epdk.gov.tr/Detay/DownloadDocument?id=4KFPqszJ13k%3D;Ek-1 · 07-Olay Yönetimi ve Süreklilik · OYS-77;2026-09-09;2023-06-06;Seviye 2
OYS-78;AILE-07;Acil Durum Yönetimi;Acil durum gereksinimlerini sağlamak için acil durum planı, harici hizmet sağlayıcıların acil durum planlarıyla koordine edilmelidir.;293;;REGULATION;;;;https://www.epdk.gov.tr/Detay/DownloadDocument?id=4KFPqszJ13k%3D;Ek-1 · 07-Olay Yönetimi ve Süreklilik · OYS-78;2026-09-09;2023-06-06;Seviye 2
OYS-79;AILE-07;Acil Durum Yönetimi;Kriz durumlarında personelin etkin müdahalesini kolaylaştırmak için acil durum eğitimleri periyodik olarak düzenlenmelidir.;294;;REGULATION;;;;https://www.epdk.gov.tr/Detay/DownloadDocument?id=4KFPqszJ13k%3D;Ek-1 · 07-Olay Yönetimi ve Süreklilik · OYS-79;2026-09-09;2023-06-06;Seviye 2
OYS-80;AILE-07;Acil Durum Yönetimi;Acil durum planları, simülasyon ortamlarında ya da yedek/acil durum kontrol merkezinde test edilmelidir.;295;;REGULATION;;;;https://www.epdk.gov.tr/Detay/DownloadDocument?id=4KFPqszJ13k%3D;Ek-1 · 07-Olay Yönetimi ve Süreklilik · OYS-80;2026-09-09;2023-06-06;Seviye 2
OYS-81;AILE-07;Acil Durum Yönetimi;Acil durum planları, bölge çapında genel bir hizmet kesintisi veya felaket durumunda planların çalıştırılabilmesi için gerekli önlemleri içermelidir.;296;;REGULATION;;;;https://www.epdk.gov.tr/Detay/DownloadDocument?id=4KFPqszJ13k%3D;Ek-1 · 07-Olay Yönetimi ve Süreklilik · OYS-81;2026-09-09;2023-06-06;Seviye 2
OYS-82;AILE-07;Acil Durum Yönetimi;Süreklilik gereksinimlerine uygun olarak kritik hizmet sağlayıcılar yedeklenmelidir. (Telekom hizmetleri vb.);297;;REGULATION;;;;https://www.epdk.gov.tr/Detay/DownloadDocument?id=4KFPqszJ13k%3D;Ek-1 · 07-Olay Yönetimi ve Süreklilik · OYS-82;2026-09-09;2023-06-06;Seviye 2
OYS-83;AILE-07;Acil Durum Yönetimi;Kuruluşlar, hizmet sağlayıcılardan acil durum planlarını oluşturmalarını istemelidir. Hizmet sağlayıcıların acil durum planları periyodik olarak gözden geçirilmelidir.;298;;REGULATION;;;;https://www.epdk.gov.tr/Detay/DownloadDocument?id=4KFPqszJ13k%3D;Ek-1 · 07-Olay Yönetimi ve Süreklilik · OYS-83;2026-09-09;2023-06-06;Seviye 2
OYS-84;AILE-07;Acil Durum Yönetimi;Acil durum testleri kapsamında tüm yedeklilik senaryoları test edilmelidir.;299;;OPTIONAL;;;;https://www.epdk.gov.tr/Detay/DownloadDocument?id=4KFPqszJ13k%3D;Ek-1 · 07-Olay Yönetimi ve Süreklilik · OYS-84;2026-09-09;2023-06-06;Ek kontrol
ACG-1;AILE-08;Tedarik Zinciri Güvenliği;Elektrik dağıtım şebekesi akıllı sayaç yapısında yer alan tüm bileşenlerin ve iletişim cihazlarının bir envanteri oluşturulmalıdır.;300;;REGULATION;;;;https://www.epdk.gov.tr/Detay/DownloadDocument?id=4KFPqszJ13k%3D;Ek-1 · 08-Akıllı Cihaz Güvenliği · ACG-1;2026-09-09;2023-06-06;Seviye 1
ACG-2;AILE-08;Tedarik Zinciri Güvenliği;"Elektrik dağıtım şebekesi akıllı sayaç mimarisinde yer alan tüm bileşenler ""Enerji Sektöründe Kullanılan Endüstriyel Kontrol Sistemleri İçin Güvenlik Analiz ve Test Usul ve Esasları""nın ilgili maddelerine uygun şekilde periyodik olarak güvenlik testlerine tabi tutulmalıdır.";301;;REGULATION;;;;https://www.epdk.gov.tr/Detay/DownloadDocument?id=4KFPqszJ13k%3D;Ek-1 · 08-Akıllı Cihaz Güvenliği · ACG-2;2026-09-09;2023-06-06;Seviye 1
ACG-3;AILE-08;Tedarik Zinciri Güvenliği;Elektrik dağıtım şebekesi akıllı sayaç yapısında yer alan tüm bileşenler risk yönetim süreci içerisinde değerlendirilmelidir.;302;;REGULATION;;;;https://www.epdk.gov.tr/Detay/DownloadDocument?id=4KFPqszJ13k%3D;Ek-1 · 08-Akıllı Cihaz Güvenliği · ACG-3;2026-09-09;2023-06-06;Seviye 1
ACG-4;AILE-08;Tedarik Zinciri Güvenliği;Elektrik dağıtım şebekesi akıllı sayaç yapısı içerisinde gömülü yazılıma (firmware) sahip bileşenler için güvenli yapılandırma kontrol listesi hazırlanmalı ve işletme için minimum güvenlik kontrolleri belirlenmelidir. (Örnek referans: https://www.opencompute.org/documents/csis-firmware-security-best-practices-position-paper-version-1-0-pdf);303;;REGULATION;;;;https://www.epdk.gov.tr/Detay/DownloadDocument?id=4KFPqszJ13k%3D;Ek-1 · 08-Akıllı Cihaz Güvenliği · ACG-4;2026-09-09;2023-06-06;Seviye 2
ACG-5;AILE-08;Tedarik Zinciri Güvenliği;Elektrik dağıtım şebekesi akıllı sayaç yapısı içerisinde bulunan cihazlar üzerindeki debug arayüzleri (JTAG, SWD) müşteri ortamında devre dışı bırakılmalı veya uygun yetkilendirme yöntemleri ile aktif edilebilmelidir. (JTAG Enabling, SWD authentication vb.);304;;REGULATION;;;;https://www.epdk.gov.tr/Detay/DownloadDocument?id=4KFPqszJ13k%3D;Ek-1 · 08-Akıllı Cihaz Güvenliği · ACG-5;2026-09-09;2023-06-06;Seviye 2
ACG-6;AILE-08;Tedarik Zinciri Güvenliği;Elektrik dağıtım şebekesi akıllı sayaç yapısı içerisinde bulunan cihazlarda code Integrity/kod bütünlük koruma mekanizmaları sahaya gönderilmeden önce devreye alınmalı ve bu durumun korunması sağlanmalıdır. (Secure boot, boot konfigürasyonlarının devre dışı bırakılması vb.);305;;REGULATION;;;;https://www.epdk.gov.tr/Detay/DownloadDocument?id=4KFPqszJ13k%3D;Ek-1 · 08-Akıllı Cihaz Güvenliği · ACG-6;2026-09-09;2023-06-06;Seviye 2
ACG-7;AILE-08;Tedarik Zinciri Güvenliği;Akıllı cihazlar üzerinde kritik parametrelerin saklanması, cihaz kimliğinin değiştirilemez şekilde eşsiz bir anahtar ile ayırt edilebilmesi ve trust anchor (Root of Trust) amacıyla SE (Secure Element), HSM (Hardware Security Module), TPM (Trusted Platform Module), TEE (Trusted Execution Environment - ARM Trustzone) gibi bileşenler akıllı cihaz tarafından kullanılmalıdır.;306;;OPTIONAL;;;;https://www.epdk.gov.tr/Detay/DownloadDocument?id=4KFPqszJ13k%3D;Ek-1 · 08-Akıllı Cihaz Güvenliği · ACG-7;2026-09-09;2023-06-06;Ek kontrol
ACG-8;AILE-08;Tedarik Zinciri Güvenliği;Elektrik dağıtım şebekesi akıllı sayaç yapısında yer alan bileşenlerin üzerinde kullanılan üçüncü taraf kodlar statik kod analizi ile gözden geçirilmeli ve herhangi bir arka kapı (backdoor) olmadığı doğrulanmalıdır.;307;;OPTIONAL;;;;https://www.epdk.gov.tr/Detay/DownloadDocument?id=4KFPqszJ13k%3D;Ek-1 · 08-Akıllı Cihaz Güvenliği · ACG-8;2026-09-09;2023-06-06;Ek kontrol
ACG-9;AILE-08;Tedarik Zinciri Güvenliği;Elektrik dağıtım şebekesi akıllı sayaç yapısında yer alan bileşenler merkezi bir noktadan güvenli bir şekilde güncellenme yeteneğine sahip olmalıdır. [Secure-FOTA (Firmware Over the Air Update) vb.];308;;REGULATION;;;;https://www.epdk.gov.tr/Detay/DownloadDocument?id=4KFPqszJ13k%3D;Ek-1 · 08-Akıllı Cihaz Güvenliği · ACG-9;2026-09-09;2023-06-06;Seviye 2
ACG-10;AILE-08;Akıllı Sayaçlarda Log/Kayıt Yönetimi;Elektrik dağıtım şebekesi akıllı sayaç mimarisinde yer alan sayaçlar log toplama mekanizmalarını desteklemelidir. Başarılı, başarısız kullanıcı giriş denemeleri, debug fonksiyonlarına erişim denemeleri gibi aktiviteler kayıt altına alınmalıdır. Bunlara ek olarak akıllı cihazlar fiziksel saldırılara karşı da log üretebilmelidir.;309;;REGULATION;;;;https://www.epdk.gov.tr/Detay/DownloadDocument?id=4KFPqszJ13k%3D;Ek-1 · 08-Akıllı Cihaz Güvenliği · ACG-10;2026-09-09;2023-06-06;Seviye 2
ACG-11;AILE-08;Akıllı Sayaçlarda Log/Kayıt Yönetimi;Elektrik dağıtım şebekesi akıllı sayaç yapısında yer alan bileşenlerden alınan log kayıtları en az olay tipi, zaman damgası, kaynak, sonuç bilgilerini içermelidir.;310;;REGULATION;;;;https://www.epdk.gov.tr/Detay/DownloadDocument?id=4KFPqszJ13k%3D;Ek-1 · 08-Akıllı Cihaz Güvenliği · ACG-11;2026-09-09;2023-06-06;Seviye 1
ACG-12;AILE-08;Akıllı Sayaçlarda Log/Kayıt Yönetimi;Elektrik dağıtım şebekesi akıllı sayaç yapısında yer alan bileşenler güvenilir bir zaman sunucusu üzerinden senkronize edilmelidir.;311;;REGULATION;;;;https://www.epdk.gov.tr/Detay/DownloadDocument?id=4KFPqszJ13k%3D;Ek-1 · 08-Akıllı Cihaz Güvenliği · ACG-12;2026-09-09;2023-06-06;Seviye 1
ACG-13;AILE-08;Akıllı Sayaçlarda Log/Kayıt Yönetimi;Elektrik dağıtım şebekesi akıllı sayaç yapısında yer alan bileşenlerden alınan loglar üzerinde kritik/hassas bilgilerin olmadığı doğrulanmalıdır. (Kullanıcı bilgisi, kriptografik anahtarlar vb.);312;;REGULATION;;;;https://www.epdk.gov.tr/Detay/DownloadDocument?id=4KFPqszJ13k%3D;Ek-1 · 08-Akıllı Cihaz Güvenliği · ACG-13;2026-09-09;2023-06-06;Seviye 1
ACG-14;AILE-08;Akıllı Sayaçlarda Log/Kayıt Yönetimi;Elektrik dağıtım şebekesi akıllı sayaç yapısında yer alan bileşenlerden alınan loglar, ilgili bileşenler üzerinde ve toplama noktalarında uygun güvenlik kontrolleri ile korunmalıdır. Logların bileşenler üzerinden merkezi noktaya aktarımında güvenli iletişim teknolojileri kullanılmalıdır. (Anlık ya da cihaz üzerinden);313;;REGULATION;;;;https://www.epdk.gov.tr/Detay/DownloadDocument?id=4KFPqszJ13k%3D;Ek-1 · 08-Akıllı Cihaz Güvenliği · ACG-14;2026-09-09;2023-06-06;Seviye 1
ACG-15;AILE-08;Akıllı Sayaçlarda Log/Kayıt Yönetimi;Elektrik dağıtım şebekesi akıllı sayaç yapısında yer alan bileşenlerden alınan logların saklanmasına ilişkin süreler ilgili yasal düzenlemelere uygun olarak belirlenmelidir.;314;;REGULATION;;;;https://www.epdk.gov.tr/Detay/DownloadDocument?id=4KFPqszJ13k%3D;Ek-1 · 08-Akıllı Cihaz Güvenliği · ACG-15;2026-09-09;2023-06-06;Seviye 1
ACG-16;AILE-08;Akıllı Sayaçlarda Yasal Uyumluluk;Elektrik dağıtım şebekesi akıllı sayaç yapısında kullanılan bileşenler üzerinde tutulan, işlenen ve saklanan tüm veriler için ilgili yasal düzenlemelere uygun hareket edilmelidir. (KVKK vb.);315;;REGULATION;;;;https://www.epdk.gov.tr/Detay/DownloadDocument?id=4KFPqszJ13k%3D;Ek-1 · 08-Akıllı Cihaz Güvenliği · ACG-16;2026-09-09;2023-06-06;Seviye 1
ACG-17;AILE-08;Akıllı Sayaç Mimarisi;Elektrik dağıtım şebekesi akıllı sayaç yapısında kullanılan bileşenler üzerinde çalışan servisler belirlenmeli ve gereksiz olduğu değerlendirilen servisler devre dışı bırakılmalıdır.;316;;REGULATION;;;;https://www.epdk.gov.tr/Detay/DownloadDocument?id=4KFPqszJ13k%3D;Ek-1 · 08-Akıllı Cihaz Güvenliği · ACG-17;2026-09-09;2023-06-06;Seviye 1
ACG-18;AILE-08;Akıllı Sayaç Mimarisi;Elektrik dağıtım şebekesi akıllı sayaç yapısına ilişkin risk analizi sürecinde tüm mimariye ilişkin saldırı vektörleri belirlenmeli ve uygun tehdit modelleme çalışmaları gerçekleştirilmelidir.;317;;REGULATION;;;;https://www.epdk.gov.tr/Detay/DownloadDocument?id=4KFPqszJ13k%3D;Ek-1 · 08-Akıllı Cihaz Güvenliği · ACG-18;2026-09-09;2023-06-06;Seviye 1
ACG-19;AILE-08;Akıllı Sayaç Mimarisi;Elektrik dağıtım şebekesi akıllı sayaç yapısında kullanılan tüm iletişim kanalları ve protokoller belirlenmeli ve dokümante edilmelidir. (WAN, HAN vb.);318;;REGULATION;;;;https://www.epdk.gov.tr/Detay/DownloadDocument?id=4KFPqszJ13k%3D;Ek-1 · 08-Akıllı Cihaz Güvenliği · ACG-19;2026-09-09;2023-06-06;Seviye 1
ACG-20;AILE-08;Akıllı Sayaç Mimarisi;Elektrik dağıtım şebekesi akıllı cihaz mimarisi uçtan uca belirlenmeli ve dokümante edilmelidir. Bu dokümantasyon kapsamında tüm bileşenler bir topoloji üzerinden gösterilmelidir.;319;;REGULATION;;;;https://www.epdk.gov.tr/Detay/DownloadDocument?id=4KFPqszJ13k%3D;Ek-1 · 08-Akıllı Cihaz Güvenliği · ACG-20;2026-09-09;2023-06-06;Seviye 1
ACG-21;AILE-08;Akıllı Sayaçlarda Fiziksel Güvenlik;Elektrik dağıtım şebekesi akıllı sayaç yapısında kullanılan tüm cihazlar belirlenerek, bunların üzerindeki erişim arayüzleri (USB, PS2 vb.) uygun seviyede güvenlik kontrolleri ile korunmalıdır. Kullanılmayan veya gereksiz olduğu değerlendirilen arayüzler devre dışı bırakılmalıdır.;320;;REGULATION;;;;https://www.epdk.gov.tr/Detay/DownloadDocument?id=4KFPqszJ13k%3D;Ek-1 · 08-Akıllı Cihaz Güvenliği · ACG-21;2026-09-09;2023-06-06;Seviye 2
ACG-22;AILE-08;Akıllı Sayaçlarda Fiziksel Güvenlik;Elektrik dağıtım şebekesi akıllı sayaç yapısında kullanılan cihazlar üzerindeki debug portları ve CLI (Command Line Interface) erişimleri belirlenerek uygun seviyede güvenlik kontrolleri ile korunmalıdır.;321;;REGULATION;;;;https://www.epdk.gov.tr/Detay/DownloadDocument?id=4KFPqszJ13k%3D;Ek-1 · 08-Akıllı Cihaz Güvenliği · ACG-22;2026-09-09;2023-06-06;Seviye 2
ACG-23;AILE-08;Akıllı Sayaçlarda Fiziksel Güvenlik;Elektrik dağıtım şebekesi akıllı sayaç yapısı kapsamındaki kritik veriler HSM, SE, TPM vb. içerisinde saklanmalıdır.;322;;OPTIONAL;;;;https://www.epdk.gov.tr/Detay/DownloadDocument?id=4KFPqszJ13k%3D;Ek-1 · 08-Akıllı Cihaz Güvenliği · ACG-23;2026-09-09;2023-06-06;Ek kontrol
ACG-24;AILE-08;Akıllı Sayaçlarda Fiziksel Güvenlik;Gömülü kod (firmware) snarfing'e karşı uygun güvenlik kontrolleri tanımlanmalı ve korunmalıdır. Bunu sağlamak adına FLASH ve EEPROM alanlarında şifreleme teknikleri uygulanmalıdır. Temel prensip olarak durağan veri (data at rest) güvenliğini sağlamak adına dosya sistemi veya depolama alanlarında şifreleme teknikleri uygulanmalıdır.;323;;OPTIONAL;;;;https://www.epdk.gov.tr/Detay/DownloadDocument?id=4KFPqszJ13k%3D;Ek-1 · 08-Akıllı Cihaz Güvenliği · ACG-24;2026-09-09;2023-06-06;Ek kontrol
ACG-25;AILE-08;Akıllı Sayaçlarda Fiziksel Güvenlik;Elektrik dağıtım şebekesi akıllı sayaç yapısında kullanılan cihazların iletişim protokolleri/arayüzleri güvenli şekilde yapılandırılmalıdır. (UART, I2C, SPI vb.);324;;REGULATION;;;;https://www.epdk.gov.tr/Detay/DownloadDocument?id=4KFPqszJ13k%3D;Ek-1 · 08-Akıllı Cihaz Güvenliği · ACG-25;2026-09-09;2023-06-06;Seviye 2
ACG-26;AILE-08;Akıllı Sayaçlarda Haberleşme Güvenliği;Elektrik dağıtım şebekesi akıllı sayaç yapısı içerisindeki WAN haberleşmeleri izole veya şifreli kanallar üzerinden gerçekleştirilmelidir.;325;;REGULATION;;;;https://www.epdk.gov.tr/Detay/DownloadDocument?id=4KFPqszJ13k%3D;Ek-1 · 08-Akıllı Cihaz Güvenliği · ACG-26;2026-09-09;2023-06-06;Seviye 2
ACG-27;AILE-08;Akıllı Sayaçlarda Haberleşme Güvenliği;Elektrik dağıtım şebekesi akıllı sayaç protokolleri replay saldırılarına karşı dirençli olmalıdır.;326;;REGULATION;;;;https://www.epdk.gov.tr/Detay/DownloadDocument?id=4KFPqszJ13k%3D;Ek-1 · 08-Akıllı Cihaz Güvenliği · ACG-27;2026-09-09;2023-06-06;Seviye 2
ACG-28;AILE-08;Akıllı Sayaçlarda Haberleşme Güvenliği;Elektrik dağıtım şebekesi akıllı sayaç protokolleri araya girme saldırılarına karşı dirençli olmalıdır. (Bu kontrol, altyapı yenileme projeleri sırasında ya da bu düzenleme yürürlüğe girdiği andan itibaren kurulacak olan altyapılarda aranacaktır.);327;;REGULATION;;;;https://www.epdk.gov.tr/Detay/DownloadDocument?id=4KFPqszJ13k%3D;Ek-1 · 08-Akıllı Cihaz Güvenliği · ACG-28;2026-09-09;2023-06-06;Seviye 2
ACG-29;AILE-08;Akıllı Sayaçlarda Altyapı Güvenliği;Elektrik dağıtım şebekesi akıllı sayaç yapısı içerisinde hizmet eden sunucular izole bir ağ üzerinde konumlanmalıdır.;328;;REGULATION;;;;https://www.epdk.gov.tr/Detay/DownloadDocument?id=4KFPqszJ13k%3D;Ek-1 · 08-Akıllı Cihaz Güvenliği · ACG-29;2026-09-09;2023-06-06;Seviye 2
ACG-30;AILE-08;Akıllı Sayaçlarda Altyapı Güvenliği;Elektrik dağıtım şebekesi akıllı sayaç yapısı içerisindeki izole ağlara erişimler kısıtlanmalıdır. (Uzak erişim, üçüncü taraf, son kullanıcılar, diğer sunucular vb.);329;;REGULATION;;;;https://www.epdk.gov.tr/Detay/DownloadDocument?id=4KFPqszJ13k%3D;Ek-1 · 08-Akıllı Cihaz Güvenliği · ACG-30;2026-09-09;2023-06-06;Seviye 2
ACG-31;AILE-08;Akıllı Sayaçlarda Altyapı Güvenliği;Elektrik dağıtım şebekesi akıllı sayaç yapısı içerisinde hizmet eden sunucular uygun şekilde sıkılaştırılmalıdır. (Veri tabanı, uygulama sunucusu vb.);330;;REGULATION;;;;https://www.epdk.gov.tr/Detay/DownloadDocument?id=4KFPqszJ13k%3D;Ek-1 · 08-Akıllı Cihaz Güvenliği · ACG-31;2026-09-09;2023-06-06;Seviye 1
ACG-32;AILE-08;Akıllı Sayaçlarda Altyapı Güvenliği;Elektrik dağıtım şebekesi akıllı sayaç yapısında bulunan veri toplama (data concentrator) bileşenlerinden uç bileşenlere yönelik erişimler güvenilir kanallar üzerinden sağlanmalıdır.;331;;REGULATION;;;;https://www.epdk.gov.tr/Detay/DownloadDocument?id=4KFPqszJ13k%3D;Ek-1 · 08-Akıllı Cihaz Güvenliği · ACG-32;2026-09-09;2023-06-06;Seviye 2
ACG-33;AILE-08;Akıllı Sayaçlarda Altyapı Güvenliği;Elektrik dağıtım şebekesi akıllı sayaç yapısında bulunan veri toplama noktaları arasındaki iletişimler kısıtlanmalıdır.;332;;REGULATION;;;;https://www.epdk.gov.tr/Detay/DownloadDocument?id=4KFPqszJ13k%3D;Ek-1 · 08-Akıllı Cihaz Güvenliği · ACG-33;2026-09-09;2023-06-06;Seviye 2
ACG-34;AILE-08;Akıllı Sayaçlarda Altyapı Güvenliği;Elektrik dağıtım şebekesi akıllı sayaç yapısında kullanılan tüm bileşenlerde, gömülü ve basit parola kullanımı engellenmelidir.;333;;REGULATION;;;;https://www.epdk.gov.tr/Detay/DownloadDocument?id=4KFPqszJ13k%3D;Ek-1 · 08-Akıllı Cihaz Güvenliği · ACG-34;2026-09-09;2023-06-06;Seviye 2
ACG-35;AILE-08;Akıllı Sayaçlarda Altyapı Güvenliği;Elektrik dağıtım şebekesi akıllı sayaç altyapısında ağa giriş (access control) kontrolleri uygulanmalıdır.;334;;REGULATION;;;;https://www.epdk.gov.tr/Detay/DownloadDocument?id=4KFPqszJ13k%3D;Ek-1 · 08-Akıllı Cihaz Güvenliği · ACG-35;2026-09-09;2023-06-06;Seviye 2
ACG-36;AILE-08;Akıllı Sayaçlarda Tehdit ve Zafiyet Yönetimi;"Elektrik dağıtım şebekesi akıllı sayaç yapısında kullanılan tüm bileşenlerin ""Tehdit ve Zafiyet Yönetimi"" başlığının ilgili maddelerine uygunluğu sağlanmalıdır.";335;;REGULATION;;;;https://www.epdk.gov.tr/Detay/DownloadDocument?id=4KFPqszJ13k%3D;Ek-1 · 08-Akıllı Cihaz Güvenliği · ACG-36;2026-09-09;2023-06-06;Seviye 2
ACG-37;AILE-08;Akıllı Sayaçlarda Tehdit ve Zafiyet Yönetimi;Elektrik dağıtım şebekesi akıllı sayaç yapısında kullanılan tüm bileşenler anlık olarak izlenebilir durumda olmalıdır.;336;;REGULATION;;;;https://www.epdk.gov.tr/Detay/DownloadDocument?id=4KFPqszJ13k%3D;Ek-1 · 08-Akıllı Cihaz Güvenliği · ACG-37;2026-09-09;2023-06-06;Seviye 2
EOG-1;AILE-09;Endüstriyel Operasyonlarda Güvenli Konfigürasyon;Elektrik dağıtım şebekesi endüstriyel kontrol sistemlerinde (EKS) kullanılan RTU'lar sadece belirli sunuculardan (Master) komut alacak şekilde yapılandırılmalıdır.;337;;REGULATION;;;;https://www.epdk.gov.tr/Detay/DownloadDocument?id=4KFPqszJ13k%3D;Ek-1 · 09-Endüstriyel Operasyon Güv · EOG-1;2026-09-09;2023-06-06;Seviye 2
EOG-2;AILE-09;Endüstriyel Operasyonlarda Güvenli Konfigürasyon;Elektrik dağıtım şebekesi endüstriyel kontrol sistemlerinde (EKS) lojik işleyen bileşenlere sadece mühendislik iş istasyonu üzerinden lojik güncellemeyi sağlayacak kontroller devreye alınmalıdır.;338;;REGULATION;;;;https://www.epdk.gov.tr/Detay/DownloadDocument?id=4KFPqszJ13k%3D;Ek-1 · 09-Endüstriyel Operasyon Güv · EOG-2;2026-09-09;2023-06-06;Seviye 2
EOG-3;AILE-09;Endüstriyel Operasyonlarda Güvenli Konfigürasyon;Elektrik dağıtım şebekesinde, Endüstriyel Kontrol Sistemleri mimarisinde kullanılan lojik işleyen bileşenlere lojik güncellemeleri sırasında ek bir parola doğrulaması zorlanmalıdır.;339;;REGULATION;;;;https://www.epdk.gov.tr/Detay/DownloadDocument?id=4KFPqszJ13k%3D;Ek-1 · 09-Endüstriyel Operasyon Güv · EOG-3;2026-09-09;2023-06-06;Seviye 2
EOG-4;AILE-09;Endüstriyel Operasyonlarda Güvenli Konfigürasyon;Elektrik dağıtım şebekesi endüstriyel kontrol sistemlerinde (EKS) kullanılan SCADA konfigürasyon değişimleri sadece yetkili iş istasyonları üzerinden sağlanmalıdır.;340;;REGULATION;;;;https://www.epdk.gov.tr/Detay/DownloadDocument?id=4KFPqszJ13k%3D;Ek-1 · 09-Endüstriyel Operasyon Güv · EOG-4;2026-09-09;2023-06-06;Seviye 2
EOG-5;AILE-09;Endüstriyel Operasyonlarda Güvenli Konfigürasyon;Elektrik dağıtım şebekesi endüstriyel kontrol sistemlerinde (EKS) kullanılan SCADA konfigürasyon değişimleri sırasında ek bir parola doğrulaması zorlanmalıdır.;341;;OPTIONAL;;;;https://www.epdk.gov.tr/Detay/DownloadDocument?id=4KFPqszJ13k%3D;Ek-1 · 09-Endüstriyel Operasyon Güv · EOG-5;2026-09-09;2023-06-06;Ek Kontrol
EOG-6;AILE-09;Endüstriyel Operasyonlarda Veri Güvenliği;Elektrik dağıtım şebekesi endüstriyel kontrol sistemlerinde (EKS) kullanılan SCADA konfigürasyon dosyaları ve lojik dosyaları için bütünlük kontrolleri devreye alınmalıdır.;342;;REGULATION;;;;https://www.epdk.gov.tr/Detay/DownloadDocument?id=4KFPqszJ13k%3D;Ek-1 · 09-Endüstriyel Operasyon Güv · EOG-6;2026-09-09;2023-06-06;Seviye 2
EOG-7;AILE-09;Endüstriyel Operasyon Güvenliği;Elektrik dağıtım şebekesi endüstriyel kontrol sistemlerinde (EKS) kullanılan SCADA konfigürasyon dosyaları ve lojik dosyaları sürüm numaraları ile takip edilebilmelidir.;343;;REGULATION;;;;https://www.epdk.gov.tr/Detay/DownloadDocument?id=4KFPqszJ13k%3D;Ek-1 · 09-Endüstriyel Operasyon Güv · EOG-7;2026-09-09;2023-06-06;Seviye 2
EOG-8;AILE-09;Endüstriyel Operasyonlarda Erişim ve Yetkilendirme;Elektrik dağıtım şebekesi endüstriyel kontrol sistemlerinde (EKS) kullanılan SCADA konfigürasyon dosyaları ve lojik dosyalarının saklandığı alanlara sadece yetkili kişi ve grupların eriştiği garanti altına alınmalıdır.;344;;REGULATION;;;;https://www.epdk.gov.tr/Detay/DownloadDocument?id=4KFPqszJ13k%3D;Ek-1 · 09-Endüstriyel Operasyon Güv · EOG-8;2026-09-09;2023-06-06;Seviye 2
EOG-9;AILE-09;Endüstriyel Operasyonlarda Veri Güvenliği;"Elektrik dağıtım şebekesi endüstriyel kontrol sistemlerinde (EKS) kullanılan SCADA konfigürasyon dosyaları ve lojik dosyaları kişisel bulut tabanlı sistemlerde ve dosya paylaşım alanlarında saklanamaz. Bu verilerin kurumsal bulut tabanlı sistemler ve dosya paylaşım alanlarında kullanılmasının zorunlu olduğu durumlarda; T.C. Cumhurbaşkanlığı Dijital Dönüşüm Ofisi tarafından hazırlanarak yayımlanan Bilgi ve İletişim Güvenliği Rehberinde ""4.3 Bulut Bilişim Güvenliği"" tedbirleri sağlanarak saklanmalıdır.";345;;REGULATION;;;;https://www.epdk.gov.tr/Detay/DownloadDocument?id=4KFPqszJ13k%3D;Ek-1 · 09-Endüstriyel Operasyon Güv · EOG-9;2026-09-09;2023-06-06;Seviye 2
EOG-10;AILE-09;Endüstriyel Operasyonlarda Veri Güvenliği;Elektrik dağıtım şebekesi endüstriyel kontrol sistemlerinde (EKS) kullanılan ve üzerinde konfigürasyon veya lojik bilgisi bulunan ekipmanlar kurum dışına çıkarılacaksa (bakım, hibe vb.) söz konusu konfigürasyon ve lojik bilgileri ilgili bileşen üzerinden silinmelidir.;346;;REGULATION;;;;https://www.epdk.gov.tr/Detay/DownloadDocument?id=4KFPqszJ13k%3D;Ek-1 · 09-Endüstriyel Operasyon Güv · EOG-10;2026-09-09;2023-06-06;Seviye 1
İKG-1;AILE-10;İstihdam Öncesi;EKS altyapılarında çalışacak tüm personel yasal mevzuata uyumlu şekilde, gerekli güvenlik kontrollerinden geçirilmelidir. (Adli sicil, güvenlik soruşturması, referans ve belge kontrolü vb.);347;;REGULATION;;;;https://www.epdk.gov.tr/Detay/DownloadDocument?id=4KFPqszJ13k%3D;Ek-1 · 10-İK Güvenliği · İKG-1;2026-09-09;2023-06-06;Seviye 1
İKG-2;AILE-10;İstihdam Öncesi;EKS altyapılarında çalışacak personelin, işe uygunluk ve sağlık raporları bulunmalıdır.;348;;REGULATION;;;;https://www.epdk.gov.tr/Detay/DownloadDocument?id=4KFPqszJ13k%3D;Ek-1 · 10-İK Güvenliği · İKG-2;2026-09-09;2023-06-06;Seviye 1
İKG-3;AILE-10;İstihdam Öncesi;EKS altyapılarında çalışacak personelle sözleşme imzalanmalıdır. (Bu sözleşmeler gizlilik sözleşmesi şeklinde olabileceği gibi ana sözleşmelerin gizlilik ve siber güvenlik maddelerini içermesi şeklinde de olabilir.);349;;REGULATION;;;;https://www.epdk.gov.tr/Detay/DownloadDocument?id=4KFPqszJ13k%3D;Ek-1 · 10-İK Güvenliği · İKG-3;2026-09-09;2023-06-06;Seviye 1
İKG-4;AILE-10;İstihdam Öncesi;"Personelle yapılacak sözleşmelerde siber güvenlik ve gizlilik maddeleri en az aşağıdakileri içermelidir: - Gizli bilginin korunması, - Kurumsal hassas ve kritik bilgilerin korunması, - Kurumun uyguladığı veya uygulayacağı tüm siber güvenlik kontrollerine uyum, - Kuruluşa ait; lojik, konfigürasyon bilgileri, yedek dosyalar ve tasarımların kişisel disk, bilgisayar ya da bulut ortamlarında saklanmayacağına dair beyan, - Yasal, sözleşme kaynaklı veya müşteri gereksinimlerinden doğan siber güvenlik politika, prosedür ve uygulamalarına uyumlu çalışma.";350;;REGULATION;;;;https://www.epdk.gov.tr/Detay/DownloadDocument?id=4KFPqszJ13k%3D;Ek-1 · 10-İK Güvenliği · İKG-4;2026-09-09;2023-06-06;Seviye 1
İKG-5;AILE-10;İstihdam Öncesi;İşe alım ilanları, ilgili tesisin siber güvenlik açısından bağlayıcı olan teknolojileri ile ilgili bilgi içermemesini sağlayacak politika, prosedür ve süreçler çerçevesinde tasarlanmalıdır.;351;;REGULATION;;;;https://www.epdk.gov.tr/Detay/DownloadDocument?id=4KFPqszJ13k%3D;Ek-1 · 10-İK Güvenliği · İKG-5;2026-09-09;2023-06-06;Seviye 1
İKG-6;AILE-10;İstihdam Sırasında;Personel, çalışma süresince tüm siber güvenlik politika, prosedür ve uygulamalarına uyumlu hareket etmelidir.;352;;REGULATION;;;;https://www.epdk.gov.tr/Detay/DownloadDocument?id=4KFPqszJ13k%3D;Ek-1 · 10-İK Güvenliği · İKG-6;2026-09-09;2023-06-06;Seviye 1
İKG-7;AILE-10;İstihdam Sırasında;Tüm EKS personeli periyodik siber güvenlik farkındalık programına dahil edilmelidir.;353;;REGULATION;;;;https://www.epdk.gov.tr/Detay/DownloadDocument?id=4KFPqszJ13k%3D;Ek-1 · 10-İK Güvenliği · İKG-7;2026-09-09;2023-06-06;Seviye 1
İKG-8;AILE-10;İstihdam Sırasında;Siber güvenlik operasyonlarını yürütecek personelin EKS bileşenleri ile ilgili eğitim almaları sağlanmalıdır.;354;;REGULATION;;;;https://www.epdk.gov.tr/Detay/DownloadDocument?id=4KFPqszJ13k%3D;Ek-1 · 10-İK Güvenliği · İKG-8;2026-09-09;2023-06-06;Seviye 1
İKG-9;AILE-10;İstihdam Öncesi;Tüm EKS personeli için siber güvenlik ihlallerine ilişkin disiplin süreçleri tanımlanmalıdır.;355;;REGULATION;;;;https://www.epdk.gov.tr/Detay/DownloadDocument?id=4KFPqszJ13k%3D;Ek-1 · 10-İK Güvenliği · İKG-9;2026-09-09;2023-06-06;Seviye 1
İKG-10;AILE-10;İstihdam Sonrası;Sözleşme ve uygulamalar, istihdam sonrası koşulları içermelidir.;356;;REGULATION;;;;https://www.epdk.gov.tr/Detay/DownloadDocument?id=4KFPqszJ13k%3D;Ek-1 · 10-İK Güvenliği · İKG-10;2026-09-09;2023-06-06;Seviye 1
İKG-11;AILE-10;İstihdam Sonrası;İstihdamın sonlandırılması ile birlikte tüm EKS varlıklarına olan mantıksal ve fiziksel erişimler sonlandırılmalıdır.;357;;REGULATION;;;;https://www.epdk.gov.tr/Detay/DownloadDocument?id=4KFPqszJ13k%3D;Ek-1 · 10-İK Güvenliği · İKG-11;2026-09-09;2023-06-06;Seviye 1
İKG-12;AILE-10;İstihdam Sonrası;İstihdam sonlanması ile birlikte tüm gerekli taraflar bilgilendirilmelidir.;358;;REGULATION;;;;https://www.epdk.gov.tr/Detay/DownloadDocument?id=4KFPqszJ13k%3D;Ek-1 · 10-İK Güvenliği · İKG-12;2026-09-09;2023-06-06;Seviye 1
İKG-13;AILE-10;İstihdam Sonrası;İstihdam sonlanması sürecinde operasyonel süreklilik için önem arz eden tüm varlıklar (proses, lojik vb.) güvenli bir şekilde devredilmelidir.;359;;REGULATION;;;;https://www.epdk.gov.tr/Detay/DownloadDocument?id=4KFPqszJ13k%3D;Ek-1 · 10-İK Güvenliği · İKG-13;2026-09-09;2023-06-06;Seviye 1
İKG-14;AILE-10;İstihdam Sonrası;İlgili istihdam sonlandırma süreci, olaylı ayrılma durumlarını da içermelidir.;360;;REGULATION;;;;https://www.epdk.gov.tr/Detay/DownloadDocument?id=4KFPqszJ13k%3D;Ek-1 · 10-İK Güvenliği · İKG-14;2026-09-09;2023-06-06;Seviye 1
İKG-15;AILE-10;Üçüncü Taraf Güvenliği;EKS altyapılarında üçüncü taraflarca sağlanan taşeron personellerin hem birinci derece bağlı oldukları hem de hizmet sundukları kuruluşlar için bu başlık altındaki süreçler işletilmelidir. Alt yükleniciler, farklı bir alt yüklenici kullandığında sorumluluk devredemeyeceği gibi bu madde kapsamında doğan yükümlülükleri de yerine getirmelidir.;361;;REGULATION;;;;https://www.epdk.gov.tr/Detay/DownloadDocument?id=4KFPqszJ13k%3D;Ek-1 · 10-İK Güvenliği · İKG-15;2026-09-09;2023-06-06;Seviye 1
İKG-16;AILE-10;Üçüncü Taraf Güvenliği;Üçüncü taraflara veya üreticiye bağlı olarak çalışan personel kuruluşun belirlediği gizlilik ve siber güvenlik gereksinimlerinden muaf tutulamaz. Gerekli koşullarda ilgili personelle de ek bir gizlilik sözleşmesi veya siber güvenlik maddelerini içeren sözleşme yapılmalıdır.;362;;REGULATION;;;;https://www.epdk.gov.tr/Detay/DownloadDocument?id=4KFPqszJ13k%3D;Ek-1 · 10-İK Güvenliği · İKG-16;2026-09-09;2023-06-06;Seviye 1
FZG-1;AILE-11;Yerleşke Güvenliği;Yerleşke girişinde giriş çıkış kaydı tutulmalıdır.;363;;REGULATION;;;;https://www.epdk.gov.tr/Detay/DownloadDocument?id=4KFPqszJ13k%3D;Ek-1 · 11-Fiziksel Güvenlik · FZG-1;2026-09-09;2023-06-06;Seviye 1
FZG-2;AILE-11;Yerleşke Güvenliği;Yerleşke girişinde yetkisiz erişime karşı önlemler alınmalıdır.;364;;REGULATION;;;;https://www.epdk.gov.tr/Detay/DownloadDocument?id=4KFPqszJ13k%3D;Ek-1 · 11-Fiziksel Güvenlik · FZG-2;2026-09-09;2023-06-06;Seviye 1
FZG-3;AILE-11;Yerleşke Güvenliği;Yerleşke giriş prosedürleri tanımlanmalıdır. Yerleşke giriş prosedürleri, ziyaretçi, geçici-kalıcı çalışan, acil giriş durumlarını içermelidir.;365;;REGULATION;;;;https://www.epdk.gov.tr/Detay/DownloadDocument?id=4KFPqszJ13k%3D;Ek-1 · 11-Fiziksel Güvenlik · FZG-3;2026-09-09;2023-06-06;Seviye 1
FZG-4;AILE-11;Yerleşke Güvenliği;Yerleşke girişlerinde uygun güvenlik ve emniyet eğitimleri verilmelidir.;366;;REGULATION;;;;https://www.epdk.gov.tr/Detay/DownloadDocument?id=4KFPqszJ13k%3D;Ek-1 · 11-Fiziksel Güvenlik · FZG-4;2026-09-09;2023-06-06;Seviye 1
FZG-5;AILE-11;Yerleşke Güvenliği;Yerleşke giriş çıkışlarını izleyen elektronik sistemlerde zaman senkronizasyonu sağlanmalıdır.;367;;REGULATION;;;;https://www.epdk.gov.tr/Detay/DownloadDocument?id=4KFPqszJ13k%3D;Ek-1 · 11-Fiziksel Güvenlik · FZG-5;2026-09-09;2023-06-06;Seviye 1
FZG-6;AILE-11;Yerleşke Güvenliği;Yerleşke giriş çıkışlarını izleyen elektronik sistemlerde merkezi kayıt yönetim sistemi entegrasyonu sağlanmalıdır.;368;;REGULATION;;;;https://www.epdk.gov.tr/Detay/DownloadDocument?id=4KFPqszJ13k%3D;Ek-1 · 11-Fiziksel Güvenlik · FZG-6;2026-09-09;2023-06-06;Seviye 1
FZG-7;AILE-11;Yerleşke Güvenliği;Yerleşke giriş çıkışlarını izleyen elektronik sistemlerde yedekleme politikaları oluşturulmalı, yedekler alınmalı ve yedekler test edilmelidir.;369;;REGULATION;;;;https://www.epdk.gov.tr/Detay/DownloadDocument?id=4KFPqszJ13k%3D;Ek-1 · 11-Fiziksel Güvenlik · FZG-7;2026-09-09;2023-06-06;Seviye 1
FZG-8;AILE-11;Yerleşke Güvenliği;Yerleşke çevresini izlemek için kameralar kurulmalıdır. Bu sistemler sürekli olarak izlenmelidir.;370;;REGULATION;;;;https://www.epdk.gov.tr/Detay/DownloadDocument?id=4KFPqszJ13k%3D;Ek-1 · 11-Fiziksel Güvenlik · FZG-8;2026-09-09;2023-06-06;Seviye 1
FZG-9;AILE-11;Yerleşke Güvenliği;Yerleşke çevresi kamera kayıtları ilgili yasal süre kadar saklanmalıdır.;371;;REGULATION;;;;https://www.epdk.gov.tr/Detay/DownloadDocument?id=4KFPqszJ13k%3D;Ek-1 · 11-Fiziksel Güvenlik · FZG-9;2026-09-09;2023-06-06;Seviye 1
FZG-10;AILE-11;Yerleşke Güvenliği;Kamera sistemlerinde zaman senkronizasyonu sağlanmalıdır.;372;;REGULATION;;;;https://www.epdk.gov.tr/Detay/DownloadDocument?id=4KFPqszJ13k%3D;Ek-1 · 11-Fiziksel Güvenlik · FZG-10;2026-09-09;2023-06-06;Seviye 1
FZG-11;AILE-11;Yerleşke Güvenliği;Çevresel güvenlik bileşenleri izole ağlarda konumlanmalıdır.;373;;REGULATION;;;;https://www.epdk.gov.tr/Detay/DownloadDocument?id=4KFPqszJ13k%3D;Ek-1 · 11-Fiziksel Güvenlik · FZG-11;2026-09-09;2023-06-06;Seviye 1
FZG-12;AILE-11;Yerleşke Güvenliği;Çevresel güvenlik bileşenlerine erişim kullanıcı adı ve parola ile sağlanmalıdır. Erişim için güçlü parolalar kullanılmalıdır.;374;;REGULATION;;;;https://www.epdk.gov.tr/Detay/DownloadDocument?id=4KFPqszJ13k%3D;Ek-1 · 11-Fiziksel Güvenlik · FZG-12;2026-09-09;2023-06-06;Seviye 1
FZG-13;AILE-11;Yerleşke Güvenliği;Çevresel güvenlik bileşenleri yetkisiz fiziksel erişime karşı korunmalıdır.;375;;REGULATION;;;;https://www.epdk.gov.tr/Detay/DownloadDocument?id=4KFPqszJ13k%3D;Ek-1 · 11-Fiziksel Güvenlik · FZG-13;2026-09-09;2023-06-06;Seviye 1
FZG-14;AILE-11;Yerleşke Güvenliği;Merkezi kontrol sistemi bileşenlerinin bulunduğu alanlara fiziki erişimin tamamiyle kontrol altına alınabileceği herhangi bir noktada X-RAY cihazı konumlandırılmalıdır.;376;;REGULATION;;;;https://www.epdk.gov.tr/Detay/DownloadDocument?id=4KFPqszJ13k%3D;Ek-1 · 11-Fiziksel Güvenlik · FZG-14;2026-09-09;2023-06-06;Seviye 1
FZG-15;AILE-11;Yerleşke Güvenliği;Araçlar gerekli kontrollerden geçirilerek yerleşkeye alınmalıdır.;377;;REGULATION;;;;https://www.epdk.gov.tr/Detay/DownloadDocument?id=4KFPqszJ13k%3D;Ek-1 · 11-Fiziksel Güvenlik · FZG-15;2026-09-09;2023-06-06;Seviye 1
FZG-16;AILE-11;Kontrol Merkezi ve Acil Durum Kontrol Merkezi;Kontrol odaları giriş ve çıkışlarında kayıt tutulmalıdır.;378;;REGULATION;;;;https://www.epdk.gov.tr/Detay/DownloadDocument?id=4KFPqszJ13k%3D;Ek-1 · 11-Fiziksel Güvenlik · FZG-16;2026-09-09;2023-06-06;Seviye 1
FZG-17;AILE-11;Kontrol Merkezi ve Acil Durum Kontrol Merkezi;Kontrol odaları giriş ve çıkışlarında kullanılan elektronik sistemlerde zaman senkronizasyonu sağlanmalıdır.;379;;REGULATION;;;;https://www.epdk.gov.tr/Detay/DownloadDocument?id=4KFPqszJ13k%3D;Ek-1 · 11-Fiziksel Güvenlik · FZG-17;2026-09-09;2023-06-06;Seviye 1
FZG-18;AILE-11;Kontrol Merkezi ve Acil Durum Kontrol Merkezi;Kontrol odaları giriş ve çıkışlarında kullanılan elektronik sistemler merkezi kayıt yönetim sistemine entegre edilmelidir.;380;;REGULATION;;;;https://www.epdk.gov.tr/Detay/DownloadDocument?id=4KFPqszJ13k%3D;Ek-1 · 11-Fiziksel Güvenlik · FZG-18;2026-09-09;2023-06-06;Seviye 1
FZG-19;AILE-11;Kontrol Merkezi ve Acil Durum Kontrol Merkezi;Kontrol odaları giriş ve çıkışlarında kullanılan elektronik sistemlerde yedekleme politikaları oluşturulmalı, yedekler alınmalı ve yedekler test edilmelidir.;381;;REGULATION;;;;https://www.epdk.gov.tr/Detay/DownloadDocument?id=4KFPqszJ13k%3D;Ek-1 · 11-Fiziksel Güvenlik · FZG-19;2026-09-09;2023-06-06;Seviye 1
FZG-20;AILE-11;Kontrol Merkezi ve Acil Durum Kontrol Merkezi;Kontrol odaları giriş ve çıkışlarında kullanılan elektronik sistemler izole ağlarda konumlandırılmalıdır.;382;;REGULATION;;;;https://www.epdk.gov.tr/Detay/DownloadDocument?id=4KFPqszJ13k%3D;Ek-1 · 11-Fiziksel Güvenlik · FZG-20;2026-09-09;2023-06-06;Seviye 1
FZG-21;AILE-11;Kontrol Merkezi ve Acil Durum Kontrol Merkezi;Kontrol odaları çevresel güvenlik bileşenlerine erişim kullanıcı adı ve parola ile sağlanmalıdır.;383;;REGULATION;;;;https://www.epdk.gov.tr/Detay/DownloadDocument?id=4KFPqszJ13k%3D;Ek-1 · 11-Fiziksel Güvenlik · FZG-21;2026-09-09;2023-06-06;Seviye 1
FZG-22;AILE-11;Kontrol Merkezi ve Acil Durum Kontrol Merkezi;Kontrol odaları giriş ve çıkışlarında kullanılan elektronik sistemlerde güçlü parola kullanılmalıdır.;384;;REGULATION;;;;https://www.epdk.gov.tr/Detay/DownloadDocument?id=4KFPqszJ13k%3D;Ek-1 · 11-Fiziksel Güvenlik · FZG-22;2026-09-09;2023-06-06;Seviye 1
FZG-23;AILE-11;Kontrol Merkezi ve Acil Durum Kontrol Merkezi;Kontrol odalarında kurum harici çalışanlara kurum personeli eşlik etmelidir.;385;;REGULATION;;;;https://www.epdk.gov.tr/Detay/DownloadDocument?id=4KFPqszJ13k%3D;Ek-1 · 11-Fiziksel Güvenlik · FZG-23;2026-09-09;2023-06-06;Seviye 1
FZG-24;AILE-11;Kontrol Merkezi ve Acil Durum Kontrol Merkezi;Kontrol odalarını izlemek için kameralar kurulmalıdır. Bu sistemler sürekli olarak izlenmelidir.;386;;REGULATION;;;;https://www.epdk.gov.tr/Detay/DownloadDocument?id=4KFPqszJ13k%3D;Ek-1 · 11-Fiziksel Güvenlik · FZG-24;2026-09-09;2023-06-06;Seviye 1
FZG-25;AILE-11;Kontrol Merkezi ve Acil Durum Kontrol Merkezi;Kontrol odaları kamera kayıtları ilgili yasal süre kadar saklanmalıdır.;387;;REGULATION;;;;https://www.epdk.gov.tr/Detay/DownloadDocument?id=4KFPqszJ13k%3D;Ek-1 · 11-Fiziksel Güvenlik · FZG-25;2026-09-09;2023-06-06;Seviye 1
FZG-26;AILE-11;Kontrol Merkezi ve Acil Durum Kontrol Merkezi;Kontrol odaları kamera sistemlerinde zaman senkronizasyonu sağlanmalıdır.;388;;REGULATION;;;;https://www.epdk.gov.tr/Detay/DownloadDocument?id=4KFPqszJ13k%3D;Ek-1 · 11-Fiziksel Güvenlik · FZG-26;2026-09-09;2023-06-06;Seviye 1
FZG-27;AILE-11;Kontrol Merkezi ve Acil Durum Kontrol Merkezi;Kontrol odaları kamera sistemleri IP tabanlı ise ayrı izole bir ağ üzerinde konumlandırılmalıdır.;389;;REGULATION;;;;https://www.epdk.gov.tr/Detay/DownloadDocument?id=4KFPqszJ13k%3D;Ek-1 · 11-Fiziksel Güvenlik · FZG-27;2026-09-09;2023-06-06;Seviye 1
FZG-28;AILE-11;Kontrol Merkezi ve Acil Durum Kontrol Merkezi;Kontrol odaları kamera bileşenleri kullanıcı adı ve parola ile korunmalıdır. Erişim için güçlü parolalar kullanılmalıdır.;390;;REGULATION;;;;https://www.epdk.gov.tr/Detay/DownloadDocument?id=4KFPqszJ13k%3D;Ek-1 · 11-Fiziksel Güvenlik · FZG-28;2026-09-09;2023-06-06;Seviye 1
FZG-29;AILE-11;Kontrol Merkezi ve Acil Durum Kontrol Merkezi;Kontrol odaları çevresel güvenlik bileşenleri (Kamera, kartlı geçiş, yangın algılama vb.) yetkisiz fiziksel erişime karşı korunmalıdır.;391;;REGULATION;;;;https://www.epdk.gov.tr/Detay/DownloadDocument?id=4KFPqszJ13k%3D;Ek-1 · 11-Fiziksel Güvenlik · FZG-29;2026-09-09;2023-06-06;Seviye 1
FZG-30;AILE-11;Kontrol Merkezi ve Acil Durum Kontrol Merkezi;Kontrol odalarında bulunan kameralar proseslerin izlendiği HMI'ları görmeyecek şekilde konumlandırılmalıdır.;392;;REGULATION;;;;https://www.epdk.gov.tr/Detay/DownloadDocument?id=4KFPqszJ13k%3D;Ek-1 · 11-Fiziksel Güvenlik · FZG-30;2026-09-09;2023-06-06;Seviye 1
FZG-31;AILE-11;Kontrol Merkezi ve Acil Durum Kontrol Merkezi;Kontrol odaları kapıları otomatik olarak kapanmalıdır.;393;;REGULATION;;;;https://www.epdk.gov.tr/Detay/DownloadDocument?id=4KFPqszJ13k%3D;Ek-1 · 11-Fiziksel Güvenlik · FZG-31;2026-09-09;2023-06-06;Seviye 1
FZG-32;AILE-11;Kontrol Merkezi ve Acil Durum Kontrol Merkezi;Kontrol odalarından acil çıkış mümkün olmalıdır.;394;;REGULATION;;;;https://www.epdk.gov.tr/Detay/DownloadDocument?id=4KFPqszJ13k%3D;Ek-1 · 11-Fiziksel Güvenlik · FZG-32;2026-09-09;2023-06-06;Seviye 1
FZG-33;AILE-11;Kontrol Merkezi ve Acil Durum Kontrol Merkezi;Kontrol odalarında yer alan çevresel izleme sensörleri yetkisiz fiziksel erişime olanak vermeyecek şekilde konumlandırılmalıdır.;395;;REGULATION;;;;https://www.epdk.gov.tr/Detay/DownloadDocument?id=4KFPqszJ13k%3D;Ek-1 · 11-Fiziksel Güvenlik · FZG-33;2026-09-09;2023-06-06;Seviye 1
FZG-34;AILE-11;Kontrol Merkezi ve Acil Durum Kontrol Merkezi;Kontrol odalarının kapıları açık kaldığında alarm üretmelidir.;396;;REGULATION;;;;https://www.epdk.gov.tr/Detay/DownloadDocument?id=4KFPqszJ13k%3D;Ek-1 · 11-Fiziksel Güvenlik · FZG-34;2026-09-09;2023-06-06;Seviye 2
FZG-35;AILE-11;Kontrol Merkezi ve Acil Durum Kontrol Merkezi;Kontrol odalarında çevresel izleme sensörleri konumlandırılmalıdır. (Yangın, su, nem, sıcaklık vb.);397;;REGULATION;;;;https://www.epdk.gov.tr/Detay/DownloadDocument?id=4KFPqszJ13k%3D;Ek-1 · 11-Fiziksel Güvenlik · FZG-35;2026-09-09;2023-06-06;Seviye 1
FZG-36;AILE-11;Kontrol Merkezi ve Acil Durum Kontrol Merkezi;Kontrol odalarında kullanılan çevresel izleme sistemleri alarm üretebilmelidir.;398;;REGULATION;;;;https://www.epdk.gov.tr/Detay/DownloadDocument?id=4KFPqszJ13k%3D;Ek-1 · 11-Fiziksel Güvenlik · FZG-36;2026-09-09;2023-06-06;Seviye 1
FZG-37;AILE-11;Kontrol Merkezi ve Acil Durum Kontrol Merkezi;Kontrol odaları çevresel izleme sensörleri merkezi olarak izlenmelidir.;399;;REGULATION;;;;https://www.epdk.gov.tr/Detay/DownloadDocument?id=4KFPqszJ13k%3D;Ek-1 · 11-Fiziksel Güvenlik · FZG-37;2026-09-09;2023-06-06;Seviye 1
FZG-38;AILE-11;Kontrol Merkezi ve Acil Durum Kontrol Merkezi;Kontrol odaları giriş kontrolleri, enerjisiz kaldığında da aynı güvenlik seviyesini korumalıdır.;400;;REGULATION;;;;https://www.epdk.gov.tr/Detay/DownloadDocument?id=4KFPqszJ13k%3D;Ek-1 · 11-Fiziksel Güvenlik · FZG-38;2026-09-09;2023-06-06;Seviye 1
FZG-39;AILE-11;Kontrol Merkezi ve Acil Durum Kontrol Merkezi;Kontrol odalarındaki tüm güvenlik bileşenleri yedek bir enerji ya da kesintisiz bir enerji kaynağı üzerinden beslenmelidir.;401;;REGULATION;;;;https://www.epdk.gov.tr/Detay/DownloadDocument?id=4KFPqszJ13k%3D;Ek-1 · 11-Fiziksel Güvenlik · FZG-39;2026-09-09;2023-06-06;Seviye 1
FZG-40;AILE-11;Kontrol Merkezi ve Acil Durum Kontrol Merkezi;Endüstriyel operasyonlara hizmet eden istemci ve sunuculara fiziksel erişimler kısıtlanmalıdır.;402;;REGULATION;;;;https://www.epdk.gov.tr/Detay/DownloadDocument?id=4KFPqszJ13k%3D;Ek-1 · 11-Fiziksel Güvenlik · FZG-40;2026-09-09;2023-06-06;Seviye 2
FZG-41;AILE-11;Veri Merkezi;"Veri merkezi hizmetlerinin üçüncü taraflardan temin edilmesi durumunda; alınması gerekli tedbirler sözleşmeler ile hüküm altına alınmalıdır. Paylaşımlı veri merkezlerinde tüm tarafların güvenliği ve gizliliği hizmet sağlayıcı tarafından güvence altına alınmalıdır.";403;;REGULATION;;;;https://www.epdk.gov.tr/Detay/DownloadDocument?id=4KFPqszJ13k%3D;Ek-1 · 11-Fiziksel Güvenlik · FZG-41;2026-09-09;2023-06-06;Seviye 1
FZG-42;AILE-11;Veri Merkezi;Veri merkezi giriş-çıkış kayıtları tutulmalıdır.;404;;REGULATION;;;;https://www.epdk.gov.tr/Detay/DownloadDocument?id=4KFPqszJ13k%3D;Ek-1 · 11-Fiziksel Güvenlik · FZG-42;2026-09-09;2023-06-06;Seviye 1
FZG-43;AILE-11;Veri Merkezi;Veri merkezi elektronik geçiş kontrol sistemlerinde zaman senkronizasyonu sağlanmalıdır.;405;;REGULATION;;;;https://www.epdk.gov.tr/Detay/DownloadDocument?id=4KFPqszJ13k%3D;Ek-1 · 11-Fiziksel Güvenlik · FZG-43;2026-09-09;2023-06-06;Seviye 1
FZG-44;AILE-11;Veri Merkezi;Veri merkezi elektronik geçiş kontrol sistemlerinde merkezi log/kayıt yönetim entegrasyonu sağlanmalıdır.;406;;REGULATION;;;;https://www.epdk.gov.tr/Detay/DownloadDocument?id=4KFPqszJ13k%3D;Ek-1 · 11-Fiziksel Güvenlik · FZG-44;2026-09-09;2023-06-06;Seviye 1
FZG-45;AILE-11;Veri Merkezi;Veri merkezi elektronik geçiş kontrol sistemlerinde yedekleme politikaları oluşturulmalı, yedekler alınmalı ve yedekler test edilmelidir.;407;;REGULATION;;;;https://www.epdk.gov.tr/Detay/DownloadDocument?id=4KFPqszJ13k%3D;Ek-1 · 11-Fiziksel Güvenlik · FZG-45;2026-09-09;2023-06-06;Seviye 1
FZG-46;AILE-11;Veri Merkezi;Veri merkezi elektronik geçiş kontrol sistemleri kullanıcı adı ve parola ile korunmalıdır. Erişim için güçlü parolalar kullanılmalıdır.;408;;REGULATION;;;;https://www.epdk.gov.tr/Detay/DownloadDocument?id=4KFPqszJ13k%3D;Ek-1 · 11-Fiziksel Güvenlik · FZG-46;2026-09-09;2023-06-06;Seviye 1
FZG-47;AILE-11;Veri Merkezi;Veri merkezi ziyaretlerinde yetkili personel ziyaretçilere eşlik etmelidir. Ziyaretçi ve refakatçi kayıtları en az bir yıl süre ile saklanmalıdır.;409;;REGULATION;;;;https://www.epdk.gov.tr/Detay/DownloadDocument?id=4KFPqszJ13k%3D;Ek-1 · 11-Fiziksel Güvenlik · FZG-47;2026-09-09;2023-06-06;Seviye 1
FZG-48;AILE-11;Veri Merkezi;Veri merkezlerini izlemek için kamera sistemi kurulmalıdır.;410;;REGULATION;;;;https://www.epdk.gov.tr/Detay/DownloadDocument?id=4KFPqszJ13k%3D;Ek-1 · 11-Fiziksel Güvenlik · FZG-48;2026-09-09;2023-06-06;Seviye 1
FZG-49;AILE-11;Veri Merkezi;Veri merkezi bünyesindeki kameralara ilişkin kayıtlar belirlenen yasal süre kadar saklanmalıdır.;411;;REGULATION;;;;https://www.epdk.gov.tr/Detay/DownloadDocument?id=4KFPqszJ13k%3D;Ek-1 · 11-Fiziksel Güvenlik · FZG-49;2026-09-09;2023-06-06;Seviye 1
FZG-50;AILE-11;Veri Merkezi;Veri merkezi bünyesindeki kameralarda zaman senkronizasyonu sağlanmalıdır.;412;;REGULATION;;;;https://www.epdk.gov.tr/Detay/DownloadDocument?id=4KFPqszJ13k%3D;Ek-1 · 11-Fiziksel Güvenlik · FZG-50;2026-09-09;2023-06-06;Seviye 1
FZG-51;AILE-11;Veri Merkezi;Veri merkezi bünyesindeki kamera bileşenleri mantıksal izole bir ağ üzerinde konumlandırılmalıdır.;413;;REGULATION;;;;https://www.epdk.gov.tr/Detay/DownloadDocument?id=4KFPqszJ13k%3D;Ek-1 · 11-Fiziksel Güvenlik · FZG-51;2026-09-09;2023-06-06;Seviye 1
FZG-52;AILE-11;Veri Merkezi;Veri merkezi bünyesindeki kamera bileşenleri kullanıcı adı ve parola ile korunmalıdır. Erişim için güçlü parolalar kullanılmalıdır.;414;;REGULATION;;;;https://www.epdk.gov.tr/Detay/DownloadDocument?id=4KFPqszJ13k%3D;Ek-1 · 11-Fiziksel Güvenlik · FZG-52;2026-09-09;2023-06-06;Seviye 1
FZG-53;AILE-11;Veri Merkezi;Veri merkezi bünyesindeki kameralar fiziksel erişime karşı koruma altına alınmalıdır.;415;;REGULATION;;;;https://www.epdk.gov.tr/Detay/DownloadDocument?id=4KFPqszJ13k%3D;Ek-1 · 11-Fiziksel Güvenlik · FZG-53;2026-09-09;2023-06-06;Seviye 1
FZG-54;AILE-11;Veri Merkezi;Veri merkezi bünyesindeki kameralar kör nokta olmaksızın konumlandırılmalıdır.;416;;REGULATION;;;;https://www.epdk.gov.tr/Detay/DownloadDocument?id=4KFPqszJ13k%3D;Ek-1 · 11-Fiziksel Güvenlik · FZG-54;2026-09-09;2023-06-06;Seviye 1
FZG-55;AILE-11;Veri Merkezi;Veri merkezi giriş çıkış kapıları otomatik olarak kapanmalıdır.;417;;REGULATION;;;;https://www.epdk.gov.tr/Detay/DownloadDocument?id=4KFPqszJ13k%3D;Ek-1 · 11-Fiziksel Güvenlik · FZG-55;2026-09-09;2023-06-06;Seviye 1
FZG-56;AILE-11;Veri Merkezi;Veri merkezi giriş çıkış kapıları acil çıkış prosedürlerine uygun olmalıdır.;418;;REGULATION;;;;https://www.epdk.gov.tr/Detay/DownloadDocument?id=4KFPqszJ13k%3D;Ek-1 · 11-Fiziksel Güvenlik · FZG-56;2026-09-09;2023-06-06;Seviye 1
FZG-57;AILE-11;Veri Merkezi;Veri merkezi giriş çıkış noktalarında olan sensörler yetkisiz erişime olanak vermeyecek şekilde konumlandırılmalıdır.;419;;REGULATION;;;;https://www.epdk.gov.tr/Detay/DownloadDocument?id=4KFPqszJ13k%3D;Ek-1 · 11-Fiziksel Güvenlik · FZG-57;2026-09-09;2023-06-06;Seviye 1
FZG-58;AILE-11;Veri Merkezi;Veri merkezi kapıları açık kaldığında alarm üretebilmelidir.;420;;REGULATION;;;;https://www.epdk.gov.tr/Detay/DownloadDocument?id=4KFPqszJ13k%3D;Ek-1 · 11-Fiziksel Güvenlik · FZG-58;2026-09-09;2023-06-06;Seviye 2
FZG-59;AILE-11;Veri Merkezi;Veri merkezi bünyesinde çevresel izleme sensörleri konumlandırılmalıdır.;421;;REGULATION;;;;https://www.epdk.gov.tr/Detay/DownloadDocument?id=4KFPqszJ13k%3D;Ek-1 · 11-Fiziksel Güvenlik · FZG-59;2026-09-09;2023-06-06;Seviye 1
FZG-60;AILE-11;Veri Merkezi;Veri merkezi çevresel izleme sensörleri alarm üretme kabiliyetine sahip olmalıdır.;422;;REGULATION;;;;https://www.epdk.gov.tr/Detay/DownloadDocument?id=4KFPqszJ13k%3D;Ek-1 · 11-Fiziksel Güvenlik · FZG-60;2026-09-09;2023-06-06;Seviye 1
FZG-61;AILE-11;Veri Merkezi;Veri merkezi çevresel izleme sensörleri merkezi olarak izlenebilmelidir.;423;;REGULATION;;;;https://www.epdk.gov.tr/Detay/DownloadDocument?id=4KFPqszJ13k%3D;Ek-1 · 11-Fiziksel Güvenlik · FZG-61;2026-09-09;2023-06-06;Seviye 1
FZG-62;AILE-11;Veri Merkezi;Veri merkezi giriş çıkış kontrolleri, elektrik kesintilerinde aynı koruma seviyesine sahip olmalıdır.;424;;REGULATION;;;;https://www.epdk.gov.tr/Detay/DownloadDocument?id=4KFPqszJ13k%3D;Ek-1 · 11-Fiziksel Güvenlik · FZG-62;2026-09-09;2023-06-06;Seviye 1
FZG-63;AILE-11;Veri Merkezi;Veri merkezi çevresel izleme bileşenleri yedek enerji kaynaklarıyla ya da kesintisiz enerji kaynakları üzerinden beslenmelidir.;425;;REGULATION;;;;https://www.epdk.gov.tr/Detay/DownloadDocument?id=4KFPqszJ13k%3D;Ek-1 · 11-Fiziksel Güvenlik · FZG-63;2026-09-09;2023-06-06;Seviye 1
FZG-64;AILE-11;Veri Merkezi;Veri merkezi bünyesinde deprem koruma önlemleri alınmalıdır.;426;;REGULATION;;;;https://www.epdk.gov.tr/Detay/DownloadDocument?id=4KFPqszJ13k%3D;Ek-1 · 11-Fiziksel Güvenlik · FZG-64;2026-09-09;2023-06-06;Seviye 1
FZG-65;AILE-11;Veri Merkezi;Veri merkezi bünyesinde su baskını koruma önlemleri alınmalıdır.;427;;REGULATION;;;;https://www.epdk.gov.tr/Detay/DownloadDocument?id=4KFPqszJ13k%3D;Ek-1 · 11-Fiziksel Güvenlik · FZG-65;2026-09-09;2023-06-06;Seviye 1
FZG-66;AILE-11;Veri Merkezi;Veri merkezi yangın koruma/söndürme sistemleri bulundurulmalıdır.;428;;REGULATION;;;;https://www.epdk.gov.tr/Detay/DownloadDocument?id=4KFPqszJ13k%3D;Ek-1 · 11-Fiziksel Güvenlik · FZG-66;2026-09-09;2023-06-06;Seviye 1
FZG-67;AILE-11;Veri Merkezi;Veri merkezi yangın koruma/söndürme sistemlerinin periyodik bakımları yapılmalıdır.;429;;REGULATION;;;;https://www.epdk.gov.tr/Detay/DownloadDocument?id=4KFPqszJ13k%3D;Ek-1 · 11-Fiziksel Güvenlik · FZG-67;2026-09-09;2023-06-06;Seviye 1
FZG-68;AILE-11;Veri Merkezi;Veri merkezi yangın koruma/söndürme sistemleri elektronik ortamlar için uygun olmalıdır.;430;;REGULATION;;;;https://www.epdk.gov.tr/Detay/DownloadDocument?id=4KFPqszJ13k%3D;Ek-1 · 11-Fiziksel Güvenlik · FZG-68;2026-09-09;2023-06-06;Seviye 1
FZG-69;AILE-11;Veri Merkezi;Veri merkezi uygun iklimlendirme altyapısına sahip olmalıdır.;431;;REGULATION;;;;https://www.epdk.gov.tr/Detay/DownloadDocument?id=4KFPqszJ13k%3D;Ek-1 · 11-Fiziksel Güvenlik · FZG-69;2026-09-09;2023-06-06;Seviye 1
FZG-70;AILE-11;Veri Merkezi;Veri merkezi bünyesinde kablolama güvenliği ilkeleri uygulanmalıdır.;432;;REGULATION;;;;https://www.epdk.gov.tr/Detay/DownloadDocument?id=4KFPqszJ13k%3D;Ek-1 · 11-Fiziksel Güvenlik · FZG-70;2026-09-09;2023-06-06;Seviye 1
FZG-71;AILE-11;Veri Merkezi;Veri merkezi bünyesinde kablolar etiketlenmelidir.;433;;REGULATION;;;;https://www.epdk.gov.tr/Detay/DownloadDocument?id=4KFPqszJ13k%3D;Ek-1 · 11-Fiziksel Güvenlik · FZG-71;2026-09-09;2023-06-06;Seviye 1
FZG-72;AILE-11;Veri Merkezi;Veri merkezi bünyesinde yedek enerji besleme kaynakları bulundurulmalıdır.;434;;REGULATION;;;;https://www.epdk.gov.tr/Detay/DownloadDocument?id=4KFPqszJ13k%3D;Ek-1 · 11-Fiziksel Güvenlik · FZG-72;2026-09-09;2023-06-06;Seviye 1
FZG-73;AILE-11;Veri Merkezi;Veri merkezi bünyesinde enerji besleme bileşenlerinin periyodik bakımları gerçekleştirilmelidir.;435;;REGULATION;;;;https://www.epdk.gov.tr/Detay/DownloadDocument?id=4KFPqszJ13k%3D;Ek-1 · 11-Fiziksel Güvenlik · FZG-73;2026-09-09;2023-06-06;Seviye 1
FZG-74;AILE-11;Uç Saha;Kontrol sistemi bileşeni olan ve kritik ekipmanların olduğu alanlar için giriş-çıkış kontrolleri uygulanmalıdır. (Bu kontroller kilitli kapı, kilitli kabin vb. uygulamaları da içerir.);436;;REGULATION;;;;https://www.epdk.gov.tr/Detay/DownloadDocument?id=4KFPqszJ13k%3D;Ek-1 · 11-Fiziksel Güvenlik · FZG-74;2026-09-09;2023-06-06;Seviye 1
FZG-75;AILE-11;Uç Saha;Kontrol sistemi bileşeni olan ve personel bulunan uç sahalarda giriş-çıkış kayıtları tutulmalıdır.;437;;REGULATION;;;;https://www.epdk.gov.tr/Detay/DownloadDocument?id=4KFPqszJ13k%3D;Ek-1 · 11-Fiziksel Güvenlik · FZG-75;2026-09-09;2023-06-06;Seviye 1
FZG-76;AILE-11;Uç Saha;Kontrol sistemi bileşeni olan uç sahalarda bulunan kritik ekipmanlar kilitli alanlarda saklanmalıdır.;438;;REGULATION;;;;https://www.epdk.gov.tr/Detay/DownloadDocument?id=4KFPqszJ13k%3D;Ek-1 · 11-Fiziksel Güvenlik · FZG-76;2026-09-09;2023-06-06;Seviye 1
FZG-77;AILE-11;Uç Saha;Kontrol sistemi bileşeni olan uç sahalarda deprem koruma önlemleri kapsamında panolar yere sabitlenmelidir. Panolar içerisindeki ekipmanlar da pano içerisinde sabitlenmelidir.;439;;REGULATION;;;;https://www.epdk.gov.tr/Detay/DownloadDocument?id=4KFPqszJ13k%3D;Ek-1 · 11-Fiziksel Güvenlik · FZG-77;2026-09-09;2023-06-06;Seviye 1
FZG-78;AILE-11;Uç Saha;Su baskını tehditi olduğu değerlendirilen kontrol sistemi bileşeni olan uç sahalarda su baskını koruma önlemleri alınmalıdır.;440;;REGULATION;;;;https://www.epdk.gov.tr/Detay/DownloadDocument?id=4KFPqszJ13k%3D;Ek-1 · 11-Fiziksel Güvenlik · FZG-78;2026-09-09;2023-06-06;Seviye 1
FZG-79;AILE-11;Uç Saha;Kontrol sistemi bileşeni olan uç sahalarda yangın koruma/söndürme önlemleri alınmalıdır.;441;;REGULATION;;;;https://www.epdk.gov.tr/Detay/DownloadDocument?id=4KFPqszJ13k%3D;Ek-1 · 11-Fiziksel Güvenlik · FZG-79;2026-09-09;2023-06-06;Seviye 1
FZG-80;AILE-11;Uç Saha;Kontrol sistemi bileşeni olan uç sahalarda yangın koruma/söndürme bileşenlerinin periyodik bakımları yapılmalıdır.;442;;REGULATION;;;;https://www.epdk.gov.tr/Detay/DownloadDocument?id=4KFPqszJ13k%3D;Ek-1 · 11-Fiziksel Güvenlik · FZG-80;2026-09-09;2023-06-06;Seviye 1
FZG-81;AILE-11;Uç Saha;Kontrol sistemi bileşeni olan uç sahalarda yangın koruma/söndürme bileşenleri elektronik ortamlar için uygun olmalıdır.;443;;REGULATION;;;;https://www.epdk.gov.tr/Detay/DownloadDocument?id=4KFPqszJ13k%3D;Ek-1 · 11-Fiziksel Güvenlik · FZG-81;2026-09-09;2023-06-06;Seviye 1
FZG-82;AILE-11;Uç Saha;Kontrol sistemi bileşeni olan uç sahalarda kablolama güvenliği ilkeleri uygulanmalıdır.;444;;REGULATION;;;;https://www.epdk.gov.tr/Detay/DownloadDocument?id=4KFPqszJ13k%3D;Ek-1 · 11-Fiziksel Güvenlik · FZG-82;2026-09-09;2023-06-06;Seviye 1
FZG-83;AILE-11;Uç Saha;Kontrol sistemi bileşeni olan uç sahalarda kablolar etiketlenmelidir.;445;;REGULATION;;;;https://www.epdk.gov.tr/Detay/DownloadDocument?id=4KFPqszJ13k%3D;Ek-1 · 11-Fiziksel Güvenlik · FZG-83;2026-09-09;2023-06-06;Seviye 1
FZG-84;AILE-11;Uç Saha;Kontrol sistemi bileşeni olan uç sahalarda yedek enerji beslemeleri kullanılmalıdır.;446;;REGULATION;;;;https://www.epdk.gov.tr/Detay/DownloadDocument?id=4KFPqszJ13k%3D;Ek-1 · 11-Fiziksel Güvenlik · FZG-84;2026-09-09;2023-06-06;Seviye 1
FZG-85;AILE-11;Uç Saha;Kontrol sistemi bileşeni olan uç sahalarda yedek enerji besleme bileşenlerinin periyodik bakımları gerçekleştirilmelidir.;447;;REGULATION;;;;https://www.epdk.gov.tr/Detay/DownloadDocument?id=4KFPqszJ13k%3D;Ek-1 · 11-Fiziksel Güvenlik · FZG-85;2026-09-09;2023-06-06;Seviye 1
FZG-86;AILE-11;Uç Saha;Kontrol sistemi bileşeni olan uç sahalarda acil durum tahliye prosedürleri tanımlanmalı ve uygulanmalıdır. (elektriksel yangın ya da patlama anında ilgili lokasyonunun güvenli şekilde tahliye edilmesi vb.);448;;REGULATION;;;;https://www.epdk.gov.tr/Detay/DownloadDocument?id=4KFPqszJ13k%3D;Ek-1 · 11-Fiziksel Güvenlik · FZG-86;2026-09-09;2023-06-06;Seviye 2
FZG-87;AILE-11;Uç Saha;Kontrol sistemi bileşeni olan uç sahalarda yer alan çevresel izleme sensörleri yetkisiz erişime olanak vermeyecek şekilde konumlandırılmalıdır.;449;;REGULATION;;;;https://www.epdk.gov.tr/Detay/DownloadDocument?id=4KFPqszJ13k%3D;Ek-1 · 11-Fiziksel Güvenlik · FZG-87;2026-09-09;2023-06-06;Seviye 1
FZG-88;AILE-11;Uç Saha;Kontrol sistemi bileşeni olan uç sahalarda kapılar açık kaldığında alarm üretilebilmelidir.;450;;REGULATION;;;;https://www.epdk.gov.tr/Detay/DownloadDocument?id=4KFPqszJ13k%3D;Ek-1 · 11-Fiziksel Güvenlik · FZG-88;2026-09-09;2023-06-06;Seviye 1
FZG-89;AILE-11;Uç Saha;Kontrol sistemi bileşeni olan uç sahalarda çevresel izleme sensörleri konumlandırılmalıdır.;451;;REGULATION;;;;https://www.epdk.gov.tr/Detay/DownloadDocument?id=4KFPqszJ13k%3D;Ek-1 · 11-Fiziksel Güvenlik · FZG-89;2026-09-09;2023-06-06;Seviye 1
FZG-90;AILE-11;Uç Saha;Kontrol sistemi bileşeni olan uç sahalarda çevresel izleme sensörleri alarm üretebilmelidir.;452;;REGULATION;;;;https://www.epdk.gov.tr/Detay/DownloadDocument?id=4KFPqszJ13k%3D;Ek-1 · 11-Fiziksel Güvenlik · FZG-90;2026-09-09;2023-06-06;Seviye 1
FZG-91;AILE-11;Uç Saha;Kontrol sistemi bileşeni olan uç sahalarda çevresel izleme sensörleri merkezi olarak izlenebilmelidir.;453;;REGULATION;;;;https://www.epdk.gov.tr/Detay/DownloadDocument?id=4KFPqszJ13k%3D;Ek-1 · 11-Fiziksel Güvenlik · FZG-91;2026-09-09;2023-06-06;Seviye 1
FZG-92;AILE-11;Uç Saha;Kontrol sistemi bileşeni olan uç sahalarda giriş çıkış kontrolleri enerji olmadığında mevcut güvenlik seviyesini sürdürebilmelidir.;454;;REGULATION;;;;https://www.epdk.gov.tr/Detay/DownloadDocument?id=4KFPqszJ13k%3D;Ek-1 · 11-Fiziksel Güvenlik · FZG-92;2026-09-09;2023-06-06;Seviye 1
FZG-93;AILE-11;Uç Saha;Kontrol sistemi bileşeni olan uç sahalarda çevresel izleme bileşenleri yedek enerji beslemelerinden veya kesintisiz güç kaynağından beslenebilmelidir.;455;;REGULATION;;;;https://www.epdk.gov.tr/Detay/DownloadDocument?id=4KFPqszJ13k%3D;Ek-1 · 11-Fiziksel Güvenlik · FZG-93;2026-09-09;2023-06-06;Seviye 1
FZG-94;AILE-11;Uç Saha;Kontrol sistemi bileşeni olan uç sahalarda kullanılan fiziksel anahtarların yönetimi için tekil anahtar kullanılması durumunda kullanılacak anahtarın kopyalanmama özelliği olmalıdır. Anahtar dağıtımlarına ilişkin kayıtlar tutulmalı ve üç yıl süreyle saklanmalıdır. Personelin işten ayrılması durumunda bu anahtarlar teslim alınmalıdır.;456;;REGULATION;;;;https://www.epdk.gov.tr/Detay/DownloadDocument?id=4KFPqszJ13k%3D;Ek-1 · 11-Fiziksel Güvenlik · FZG-94;2026-09-09;2023-06-06;Seviye 3
FZG-95;AILE-11;Uç Saha;Kontrol sistemi bileşeni olan uç sahalarda kullanılan tüm fiziksel anahtarlar kopyalamaya karşı korunmalıdır.;457;;REGULATION;;;;https://www.epdk.gov.tr/Detay/DownloadDocument?id=4KFPqszJ13k%3D;Ek-1 · 11-Fiziksel Güvenlik · FZG-95;2026-09-09;2023-06-06;Seviye 1
FZG-96;AILE-11;Uç Saha;Kontrol sistemi bileşeni olan uç sahalarda ziyaretlere (trafo istasyonu vb.) ilişkin kayıtlar tutulmalı ve bir yıl süreyle saklanmalıdır.;458;;REGULATION;;;;https://www.epdk.gov.tr/Detay/DownloadDocument?id=4KFPqszJ13k%3D;Ek-1 · 11-Fiziksel Güvenlik · FZG-96;2026-09-09;2023-06-06;Seviye 1
FZG-97;AILE-11;Veri Merkezi;Veri merkezleri en az TIER-III sertifikasına sahip olmalı ya da bu sertifikayı sağlayan ülke içi veri merkezlerinden hizmet alınmalıdır.;459;;OPTIONAL;;;;https://www.epdk.gov.tr/Detay/DownloadDocument?id=4KFPqszJ13k%3D;Ek-1 · 11-Fiziksel Güvenlik · FZG-97;2026-09-09;2023-06-06;Ek Kontrol
TDY-1;AILE-12;Politika, Prosedür, Süreç;Kuruluşun tedarikçiye olan bağımlılıklarını belirlemek için bağımlılık kriterleri tanımlanmalıdır.;460;;REGULATION;;;;https://www.epdk.gov.tr/Detay/DownloadDocument?id=4KFPqszJ13k%3D;Ek-1 · 12-Tedarikçi Yönetimi · TDY-1;2026-09-09;2023-06-06;Seviye 1
TDY-2;AILE-12;Politika, Prosedür, Süreç;Elektrik dağıtım şebekesi endüstriyel kontrol sistemlerinin (EKS) devamlılığının sağlanması için önem arz eden tüm EKS (EKS ile etkileşimi olan KBS varlıklarını da içerecek şekilde) tedarikçileri ve bu tedarikçilerin bağımlılıkları belirlenmelidir.;461;;REGULATION;;;;https://www.epdk.gov.tr/Detay/DownloadDocument?id=4KFPqszJ13k%3D;Ek-1 · 12-Tedarikçi Yönetimi · TDY-2;2026-09-09;2023-06-06;Seviye 1
TDY-3;AILE-12;Politika, Prosedür, Süreç;Kuruluş, tüm kritik veya tekil kaynak bağımlılıklarını tanımlamalıdır.;462;;REGULATION;;;;https://www.epdk.gov.tr/Detay/DownloadDocument?id=4KFPqszJ13k%3D;Ek-1 · 12-Tedarikçi Yönetimi · TDY-3;2026-09-09;2023-06-06;Seviye 1
TDY-4;AILE-12;Politika, Prosedür, Süreç;Kuruluş, tedarikçileri bağımlılıklarına göre önceliklendirmelidir.;463;;REGULATION;;;;https://www.epdk.gov.tr/Detay/DownloadDocument?id=4KFPqszJ13k%3D;Ek-1 · 12-Tedarikçi Yönetimi · TDY-4;2026-09-09;2023-06-06;Seviye 1
TDY-5;AILE-12;Tedarikçi Risk Yönetimi;Tedarikçiler ve diğer bağımlılıklardan kaynaklanan önemli siber güvenlik riskleri tanımlanmalı ve adreslenmelidir.;464;;REGULATION;;;;https://www.epdk.gov.tr/Detay/DownloadDocument?id=4KFPqszJ13k%3D;Ek-1 · 12-Tedarikçi Yönetimi · TDY-5;2026-09-09;2023-06-06;Seviye 1
TDY-6;AILE-12;Tedarikçi Risk Yönetimi;Kuruluş, tedarikçi bağımlılıklarından kaynaklanan risk yönetimi aktivitelerini, mevcut risk yönetim süreçlerine dahil etmelidir.;465;;REGULATION;;;;https://www.epdk.gov.tr/Detay/DownloadDocument?id=4KFPqszJ13k%3D;Ek-1 · 12-Tedarikçi Yönetimi · TDY-6;2026-09-09;2023-06-06;Seviye 1
TDY-7;AILE-12;Tedarikçi Risk Yönetimi;Tedarikçiler ve diğer üçüncü taraflar ile yapılan sözleşmelerde siber güvenlik gereksinimleri dikkate alınmalıdır. (Bu kontrol, altyapı yenileme projeleri sırasında ya da bu düzenleme yürürlüğe girdiği andan itibaren kurulacak olan altyapılarda aranacaktır);466;;REGULATION;;;;https://www.epdk.gov.tr/Detay/DownloadDocument?id=4KFPqszJ13k%3D;Ek-1 · 12-Tedarikçi Yönetimi · TDY-7;2026-09-09;2023-06-06;Seviye 1
TDY-8;AILE-12;Tedarikçi Risk Yönetimi;Üçüncü taraflarla (üretici, mühendislik firmaları, altyükleniciler) yapılan sözleşmeler ve anlaşmalar aşağıdakileri içermelidir: - Üçüncü tarafların sunduğu ürün ve hizmetlerde ortaya çıkan zafiyetler, - Üçüncü tarafların kendisine ya da sunduğu ürünlere yönelik saldırı/tehdit bilgileri. (Bu kontrol, altyapı yenileme projeleri sırasında ya da bu düzenleme yürürlüğe girdiği andan itibaren kurulacak olan altyapılarda aranacaktır.);467;;REGULATION;;;;https://www.epdk.gov.tr/Detay/DownloadDocument?id=4KFPqszJ13k%3D;Ek-1 · 12-Tedarikçi Yönetimi · TDY-8;2026-09-09;2023-06-06;Seviye 2
TDY-9;AILE-12;Tedarikçi Risk Yönetimi;Tedarikçiler kuruluşlara sunduğu ürün ve hizmetler için güvenli yazılım geliştirme süreçleri de dahil olacak şekilde siber güvenlik kontrollerine sahip olmalıdır. Sunulan ürün ve hizmetler bu kontrollere uygun olarak yürütülmelidir.;468;;REGULATION;;;;https://www.epdk.gov.tr/Detay/DownloadDocument?id=4KFPqszJ13k%3D;Ek-1 · 12-Tedarikçi Yönetimi · TDY-9;2026-09-09;2023-06-06;Seviye 1
TDY-10;AILE-12;Tedarikçi Risk Yönetimi;Tedarikçiler ile yapılan sözleşmeler, tedarikçinin sağladığı hizmetlerin sahip olduğu veya gelecekte oluşabilecek güvenlik açıklarını bildirme sürecini içermelidir. (Bu kontrol, altyapı yenileme projeleri sırasında ya da bu düzenleme yürürlüğe girdiği andan itibaren kurulacak olan altyapılarda aranacaktır.);469;;REGULATION;;;;https://www.epdk.gov.tr/Detay/DownloadDocument?id=4KFPqszJ13k%3D;Ek-1 · 12-Tedarikçi Yönetimi · TDY-10;2026-09-09;2023-06-06;Seviye 2
TDY-11;AILE-12;Tedarikçi Risk Yönetimi;Tedarikçi tarafından sağlanan tüm yazılım ve yamaların bütünlüğü ve orjinalliği kontrol edilerek bu yazılım ve yamaların değiştirilmediği garanti altına alınmalıdır.;470;;REGULATION;;;;https://www.epdk.gov.tr/Detay/DownloadDocument?id=4KFPqszJ13k%3D;Ek-1 · 12-Tedarikçi Yönetimi · TDY-11;2026-09-09;2023-06-06;Seviye 1
TDY-12;AILE-12;Tedarikçi Risk Yönetimi;"Tedarikçilerin sisteme uzaktan erişim için talepleri kapsamında dokümante edilmiş uzak erişim bağlantı süreçleri ve kontrol yöntemleri tanımlanmalıdır. Tedarikçi erişimleri ""Kimlik ve Erişim Yönetimi"" başlığına uygun olarak yürütülmelidir.";471;;REGULATION;;;;https://www.epdk.gov.tr/Detay/DownloadDocument?id=4KFPqszJ13k%3D;Ek-1 · 12-Tedarikçi Yönetimi · TDY-12;2026-09-09;2023-06-06;Seviye 1
TDY-13;AILE-12;Tedarikçi Risk Yönetimi;Tedarikçi ile yapılan sözleşmelerde, elektrik dağıtım şebekesi endüstriyel kontrol sistemlerinin (EKS) sürekliliğini tehdit eden arıza ve problemlere müdahale süreçleri belirlenmeli ve oluşabilecek riskler, risk yönetim sürecine dahil edilmelidir.;472;;REGULATION;;;;https://www.epdk.gov.tr/Detay/DownloadDocument?id=4KFPqszJ13k%3D;Ek-1 · 12-Tedarikçi Yönetimi · TDY-13;2026-09-09;2023-06-06;Seviye 1
TDY-14;AILE-12;Tedarikçi Risk Yönetimi;Tedarikçilerin ve diğer harici kuruluşların değerlendirilmesi ve seçimi süreçlerinde, tedarikçilerin siber güvenlik gereksinimlerini karşılama yetenekleri değerlendirilmelidir.;473;;REGULATION;;;;https://www.epdk.gov.tr/Detay/DownloadDocument?id=4KFPqszJ13k%3D;Ek-1 · 12-Tedarikçi Yönetimi · TDY-14;2026-09-09;2023-06-06;Seviye 1
TDY-15;AILE-12;Tedarikçi Risk Yönetimi;Tedarikçilerle yapılan sözleşmeler ya da yapılacak işi tanımlayan teknik şartnameler, bir siber güvenlik olayı veya ihlaline ilişkin bildirimleri de içermelidir. (Bu kontrol, altyapı yenileme projeleri sırasında ya da bu düzenleme yürürlüğe girdiği andan itibaren kurulacak olan altyapılarda aranacaktır.);474;;REGULATION;;;;https://www.epdk.gov.tr/Detay/DownloadDocument?id=4KFPqszJ13k%3D;Ek-1 · 12-Tedarikçi Yönetimi · TDY-15;2026-09-09;2023-06-06;Seviye 2
TDY-16;AILE-12;Tedarikçi Risk Yönetimi;Kuruluşun bilgi varlıklarına geçici ya da kalıcı olarak erişebilen (uzak erişimler de dahil olmak üzere), bunu işletebilen, depolayabilen, iletebilen veya kuruluşun bilgi varlıkları için KBS altyapı bileşenlerini temin eden tedarikçilerin her biri ile sözleşme yapılmalı ve sözleşmeler bilgi güvenliği gereksinimlerini içermelidir.;475;;REGULATION;;;;https://www.epdk.gov.tr/Detay/DownloadDocument?id=4KFPqszJ13k%3D;Ek-1 · 12-Tedarikçi Yönetimi · TDY-16;2026-09-09;2023-06-06;Seviye 1
TDY-17;AILE-12;Tedarikçi Risk Yönetimi;Üçüncü taraflardan doğan risklere ilişkin azaltıcı/yok edici kontroller uygulanmalıdır.;476;;REGULATION;;;;https://www.epdk.gov.tr/Detay/DownloadDocument?id=4KFPqszJ13k%3D;Ek-1 · 12-Tedarikçi Yönetimi · TDY-17;2026-09-09;2023-06-06;Seviye 1
TDY-18;AILE-12;Tedarikçi Risk Yönetimi;Kuruluş tarafından üçüncü taraflara yönelik uygulanacak siber güvenlik kontrolleri, üçüncü tarafın kritikliğine ve risk seviyesine uyarlanabilir olmalıdır.;477;;REGULATION;;;;https://www.epdk.gov.tr/Detay/DownloadDocument?id=4KFPqszJ13k%3D;Ek-1 · 12-Tedarikçi Yönetimi · TDY-18;2026-09-09;2023-06-06;Seviye 1
TDY-19;AILE-12;Tedarikçi Risk Yönetimi;Üçüncü taraf siber güvenlik süreç yönetiminde ve seçiminde destek sonu (end of support), ömür sonu (end of life) durumları göz önünde bulundurulmalı, sözleşmelere dahil edilmelidir. (Bu kontrol, altyapı yenileme projeleri sırasında ya da bu düzenleme yürürlüğe girdiği andan itibaren kurulacak olan altyapılarda aranacaktır.);478;;REGULATION;;;;https://www.epdk.gov.tr/Detay/DownloadDocument?id=4KFPqszJ13k%3D;Ek-1 · 12-Tedarikçi Yönetimi · TDY-19;2026-09-09;2023-06-06;Seviye 2
TDY-20;AILE-12;Tedarikçi Risk Yönetimi;Üçüncü tarafların lisanslı olmayan ürün sağlamasının önüne geçilmelidir. Bu konuyla ilgili oluşabilecek güvenlik ihlalleri sözleşme ya da teknik şartnamelerde ele alınmalıdır. (Bu kontrol, altyapı yenileme projeleri sırasında ya da bu düzenleme yürürlüğe girdiği andan itibaren kurulacak olan altyapılarda aranacaktır);479;;REGULATION;;;;https://www.epdk.gov.tr/Detay/DownloadDocument?id=4KFPqszJ13k%3D;Ek-1 · 12-Tedarikçi Yönetimi · TDY-20;2026-09-09;2023-06-06;Seviye 2
TDY-21;AILE-12;Tedarikçi Risk Yönetimi;Siber güvenlik gereksinimlerinin karşılanmasına ilişkin kabul testleri (SAT ve FAT) tanımlanmalı ve gerçekleştirilmelidir. (Bu kontrol, altyapı yenileme projeleri sırasında ya da bu düzenleme yürürlüğe girdiği andan itibaren kurulacak olan altyapılarda aranacaktır);480;;REGULATION;;;;https://www.epdk.gov.tr/Detay/DownloadDocument?id=4KFPqszJ13k%3D;Ek-1 · 12-Tedarikçi Yönetimi · TDY-21;2026-09-09;2023-06-06;Seviye 2
TDY-22;AILE-12;Tedarikçi Risk Yönetimi;Üçüncü tarafların siber güvenlik kapasite yeterliliği periyodik olarak gözden geçirilmeli, tanımlı metriklerle ölçülmelidir. İşletmeler, belirli puanın altında kalan tedarikçilerle olan çalışmalarını gözden geçirmelidir.;481;;REGULATION;;;;https://www.epdk.gov.tr/Detay/DownloadDocument?id=4KFPqszJ13k%3D;Ek-1 · 12-Tedarikçi Yönetimi · TDY-22;2026-09-09;2023-06-06;Seviye 2
TDY-23;AILE-12;Politika, Prosedür, Süreç;Kuruluş, tedarikçilerden doğan değişiklikleri yönetmelidir. Bu değişikliklerin siber güvenlik risk durumuna olan etkileri risk yönetim süreci kapsamında ele alınmalıdır.;482;;REGULATION;;;;https://www.epdk.gov.tr/Detay/DownloadDocument?id=4KFPqszJ13k%3D;Ek-1 · 12-Tedarikçi Yönetimi · TDY-23;2026-09-09;2023-06-06;Seviye 1
TDY-24;AILE-12;Politika, Prosedür, Süreç;Üçüncü taraflara yönelik uygulanacak politika ve prosedürler periyodik olarak veya ihtiyaçlara uygun şekilde güncellenmelidir.;483;;REGULATION;;;;https://www.epdk.gov.tr/Detay/DownloadDocument?id=4KFPqszJ13k%3D;Ek-1 · 12-Tedarikçi Yönetimi · TDY-24;2026-09-09;2023-06-06;Seviye 1
TDY-25;AILE-12;Politika, Prosedür, Süreç;Üçüncü taraflarla olan ilişkileri yöneten ve hizmetleri sağlayan personelde gerekli siber güvenlik yetkinlikleri aranmalıdır. Yetkinliklere ilişkin şartlar sözleşmelerle ya da teknik şartnamelerle garanti altına alınmalıdır.;484;;REGULATION;;;;https://www.epdk.gov.tr/Detay/DownloadDocument?id=4KFPqszJ13k%3D;Ek-1 · 12-Tedarikçi Yönetimi · TDY-25;2026-09-09;2023-06-06;Seviye 1
TDY-26;AILE-12;Politika, Prosedür, Süreç;Üçüncü taraflarla olan ilişkileri yöneten personele ilişkin sorumluluklar, yetki ve hesap verilebilirlik durumu dokümante edilmiş olmalıdır.;485;;REGULATION;;;;https://www.epdk.gov.tr/Detay/DownloadDocument?id=4KFPqszJ13k%3D;Ek-1 · 12-Tedarikçi Yönetimi · TDY-26;2026-09-09;2023-06-06;Seviye 1
TDY-27;AILE-12;Politika, Prosedür, Süreç;Üçüncü taraflara ilişkin aktiviteler (itibar durumları, veri sızıntısı, hedefli saldırı, zararlı yazılım, fidye vb. saldırılara karşı durumları vb.) sürekli olarak izlenmeli ve değerlendirilmelidir.;486;;REGULATION;;;;https://www.epdk.gov.tr/Detay/DownloadDocument?id=4KFPqszJ13k%3D;Ek-1 · 12-Tedarikçi Yönetimi · TDY-27;2026-09-09;2023-06-06;Seviye 1
TDY-28;AILE-12;Politika, Prosedür, Süreç;Üçüncü tarafların hizmet sunduğu kuruluşa ait bilgileri halka açık ağlarda izinsiz yayınlayamayacağı ve referans gösteremeyeceği hususu şartnameler ya da sözleşmelerle garanti altına alınmalıdır.;487;;REGULATION;;;;https://www.epdk.gov.tr/Detay/DownloadDocument?id=4KFPqszJ13k%3D;Ek-1 · 12-Tedarikçi Yönetimi · TDY-28;2026-09-09;2023-06-06;Seviye 1
